"";"Participant";"Time";"Language";"Order";"Trial";"Part";"Words";"Metaphor";"Gesture";"Dimension";"Handshape";"N.Hands";"Comment";"Speech";"Grammar";"General.comments"
"3";"1";"00:01:11.600";"Swedish";"S-T";1;1;"låga";"Height";"1";"vert";"flat H";1;"";"s√• det. .. den her f√∂rsta tonen tyckte jag p√•minnde om just den h√§r v√§ldigt .. l√•ga, kommer djupt nerifr√•n";"";"gesture changes from round to flat as she thinks of a descriptor and then says ""deep"""
"5";"1";"00:01:22.050";"Swedish";"S-T";1;2;"ljusare";"Brightness";"1";"none";"flat H";1;"";"n√§sta tonl√§ge skulle jag s√§ga √§r eh fortfarande i mansh√∂g(?) men bara det .. √§r en aning ljusare";"";""
"8";"1";"00:03:03.090";"Swedish";"S-T";2;1;"högre";"Height";"0";"";"";NA;"";"nog ett snep h√∂gre √§n f√∂reg√•ende";"";""
"10";"1";"00:03:23.760";"Swedish";"S-T";2;2;"uppåtgående";"Height";"1";"vert";"open";1;"";"s√• att det √§r ganska ett upp√•tg√•ende";"";""
"12";"1";"00:03:27.970";"Swedish";"S-T";2;3;"ett snepp ner";"Height";"1";"vert";"point";1;"";"och n√§sta tone √§r . et snep ner";"";""
"15";"1";"00:04:30.400";"Swedish";"S-T";3;1;"däruppe";"Height";"0";"";"";NA;"";"lite √§ngelk√∂r, d√§ruppe";"";""
"17";"1";"00:04:54.480";"Swedish";"S-T";3;2;"droppar ner på";"Height";"1";"vert";"point";1;"";"och sen s√• droppar den ner p√• .. mansk√∂r";"";""
"20";"1";"00:05:59.320";"Swedish";"S-T";4;1;"högre";"Height";"0";"";"";NA;"";"ett snepp h√∂gre";"";""
"22";"1";"00:06:11.440";"Swedish";"S-T";4;2;"ner";"Height";"1";"vert";"point";1;"";"och sen tv√• trappsteg ner";"";""
"25";"1";"00:07:08.710";"Swedish";"S-T";5;1;"mörkt";"Brightness";"1";"none";"flat H";1;"";"m√∂rkt mansk√∂r";"";""
"27";"1";"00:07:27.290";"Swedish";"S-T";5;2;"ner";"Height";"1";"vert";"flat H";1;"";"sen tv√• trappsteg ner d√§rifr√•n";"";""
"30";"1";"00:08:58.460";"Swedish";"S-T";6;1;"hög";"Height";"1";"vert";"open";1;"";"... h√∂g ton";"";""
"32";"1";"00:09:03.020";"Swedish";"S-T";6;2;"droppar";"Height";"1";"vert";"point";1;"gesture starts before";"n√§sta ton √§r . droppar . ganska l√•ngt ner";"";""
"35";"1";"00:10:34.530";"Swedish";"S-T";7;1;"lägre";"Height";"1";"vert";"flat H";1;"";"b√∂rjar l√§gre";"";""
"37";"1";"00:10:43.090";"Swedish";"S-T";7;2;"hoppar upp";"Height";"1";"vert";"point";1;"";"och sen hoppar den upp till den h√§r v√§ldigt ljusa √§ngel liksom level om man s√§ger";"";""
"41";"1";"00:13:33.600";"Swedish";"S-T";9;1;"under";"Height";"1";"none";"flat H";1;"";"det √§r ett snepp under";"";""
"43";"1";"00:13:42.455";"Swedish";"S-T";9;2;"ner";"Height";"1";"vert";"flat H";1;"";"och sen n√•gra trappsteg ner";"";""
"46";"1";"00:15:05.930";"Swedish";"S-T";10;1;"låga";"Height";"1";"vert";"flat H";1;"";"den h√§r f√∂rsta tonen, tyckte jag, p√•minnde om, just den h√§r . v√§ldigt . l√•ga";"";"as in T1, handshape changes as she decides on height metaphor"
"48";"1";"00:15:15.720";"Swedish";"S-T";10;2;"ljusare";"Brightness";"1";"vert";"flat H";1;"";"n√§sta tonl√§ge skulle jag s√§ga √§r . eh fortfarande () mans() .. bare det √§r en aning ljusare";"";"as in T1, handshape changes as she decides on height metaphor"
"51";"1";"00:16:56.640";"Swedish";"S-T";11;1;"högre";"Height";"0";"";"";NA;"";"mansk√∂r eh .. nog ett snepp h√∂gre";"";""
"53";"1";"00:17:17.380";"Swedish";"S-T";11;2;"uppåtgående";"Height";"1";"vert";"open";1;"";"s√• att det √§r ganska upp√•tg√•ende";"";""
"55";"1";"00:17:21.710";"Swedish";"S-T";11;3;"ner";"Height";"1";"vert";"point";1;"";"och n√§sta ton √§r ett snepp ner";"";""
"58";"1";"00:18:24.180";"Swedish";"S-T";12;1;"däruppe";"Height";"0";"";"";NA;"";"lite √§ngelk√∂r, d√§ruppe";"";""
"60";"1";"00:18:48.390";"Swedish";"S-T";12;2;"droppar ner";"Height";"1";"vert";"point";1;"";"och sen . s√• droppar den ner p√• eh . mansk√∂r";"";""
"63";"1";"00:19:53.200";"Swedish";"S-T";13;1;"högre";"Height";"0";"";"";NA;"";"ett snepp h√∂gre";"";""
"65";"1";"00:20:05.330";"Swedish";"S-T";13;2;"ner";"Height";"1";"vert";"point";1;"";"ehh och sen tv√• trappsteg ner";"";""
"68";"1";"00:21:02.480";"Swedish";"S-T";14;1;"mörkt";"Brightness";"1";"none";"flat H";1;"";"m√∂rkt mansk√∂r";"";""
"70";"1";"00:21:21.090";"Swedish";"S-T";14;2;"ner";"Height";"1";"vert";"flat H";1;"";"sen tv√• trappsteg ner d√§rifr√•n";"";""
"73";"1";"00:22:52.360";"Swedish";"S-T";15;1;"hög";"Height";"1";"vert";"open";1;"";"och dom .. har en h√∂g ton";"";""
"75";"1";"00:22:56.710";"Swedish";"S-T";15;2;"droppar";"Height";"1";"vert";"point";1;"gesture starts before";"och d√§r droppar, n√§sta ton √§r . droppar ganska l√•ngt ner";"";""
"79";"1";"00:00:24.367";"Turkish";"S-T";1;1;"alcak";"Height";"1";"vert";"flat H";1;"";"Erkek korosunun sesi gib geldi, ortadan giriyorlar, hani fazla alcak degil, ortadan giriyorlar";"low";""
"81";"1";"00:00:41.507";"Turkish";"S-T";1;2;"ustte";"Height";"1";"vert";"flat H";2;"";"Bir kac basamak ustte kadin korosu giriyor";"ustte = above + locative suffix";""
"84";"1";"00:01:22.945";"Turkish";"S-T";2;1;"yuksek";"Height";"1";"vert";"point";1;"";"Tiz, ilk ses tiz. Cok yuksek.";"";""
"86";"1";"00:01:31.567";"Turkish";"S-T";2;2;"dusus";"Height";"1";"vert";"point";1;"";"Ondan sonra baya bir buyuk bir dusus.";"dusus = a fall";""
"92";"1";"00:03:13.323";"Turkish";"S-T";4;2;"asaya";"Height";"0";"";"";NA;"The confederate does speak before this part but only to ask which tone she is talking about regarding the participant's description in the first part. I judge this to be an independent statement.";"Ve ikinci ses bir basamak asaya";"asaya = down+dative";""
"95";"1";"00:03:44.268";"Turkish";"S-T";5;1;"asaglarda";"Height";"1";"vert";"flat H";2;"";"Erkek korosu, bas, asaglarda, desem";"asaglarda = in the downs";""
"97";"1";"00:04:21.630";"Turkish";"S-T";5;2;"yukseklerde";"Height";"1";"vert";"point";1;"";"Guzel ve net, acik bir kadin korosunun sesi, ama baya yukseklerde yani";"yukseklerde = in the highs";""
"101";"1";"00:04:43.920";"Turkish";"S-T";6;1;"ustunde";"Height";"1";"none";"flat H";1;"";"Baya ortalarda, yani ortanin ustunde desem, erkekler icin biraz daha yuksek bir seviyede";"ustunde = above";""
"103";"1";"00:04:52.853";"Turkish";"S-T";6;2;"asaya";"Height";"0";"";"";NA;"";"Ve ikinci ses ordan bir uc basamak asaya";"asaya = down+dative";""
"106";"1";"00:05:43.290";"Turkish";"S-T";7;1;"yuksek";"Height";"1";"none";"flat V";1;"gesture before";"Yine melekler gibi yuksek soprano b√∂yle isiklardan inen birisi, kadin korosu, ilk ses";"";""
"108";"1";"00:06:01.260";"Turkish";"S-T";7;2;"yukseklerdeyiz";"Height";"1";"none";"flat H";1;"";"Ikincisi ondan baya bir d√∂rt, bes, alti basamak... yine kadin korosu ama, yine yukseklerdeyiz, ama baya bir fark var";"yukseklerdeyiz = we are on the highs";""
"115";"1";"00:07:48.247";"Turkish";"S-T";9;1;"yukseklerde";"Height";"0";"";"";NA;"";"Ilk ses daha da yukseklerde";"yukseklerde = in the highs";""
"117";"1";"00:08:27.623";"Turkish";"S-T";9;2;"yukseklerde";"Height";"1";"none";"other";2;"";"Yine kadin sesi, yine yukseklerde";"yukseklerde = in the highs";""
"119";"1";"00:09:17.287";"Turkish";"S-T";10;1;"yuksekte";"Height";"1";"vert";"flat H";1;"";"Bu sefer kadin korosu yuksekte, net, acik bir sesle yuksekte giriyor ";"yuksekte = high+locative";""
"122";"1";"00:10:22.658";"Turkish";"S-T";11;1;"ust";"Height";"1";"vert";"flat V";1;"gesture before";"Erkek korosu... onlara g√∂re orta sesin biraz ustunde";"";""
"124";"1";"00:10:36.592";"Turkish";"S-T";11;2;"dusuyor";"Height";"1";"vert";"point";1;"";"Ikinci ses baya bas, basa dusuyor";"dusuyor = falls, verb 3rd pers sing. present tese ";""
"127";"1";"00:11:31.229";"Turkish";"S-T";12;1;"kalin";"Thickness";"n/a";"";"";NA;"";"Birinci ses cok kalin erkek sesi";"";""
"129";"1";"00:12:02.367";"Turkish";"S-T";12;2;"ustunde";"Height";"1";"vert";"flat H";1;"gesture before";"Ikinci ses kadin korosu, ortanin biraz ustunde";"";""
"132";"1";"00:12:51.029";"Turkish";"S-T";13;1;"kalin";"Thickness";"0";"";"";NA;"";"Erkek korosu, kalin, giris";"";""
"134";"1";"00:13:05.537";"Turkish";"S-T";13;2;"kalin";"Thickness";"1";"none";"narrow grip";NA;"";"Ikinci ses yine erkek korosu kalin";"";""
"136";"1";"00:13:51.936";"Turkish";"S-T";14;1;"kalin";"Thickness";"1";"vert";"flat V";1;"gesture before";"Ikinci ses erkek korosunun en kalin seslerden";"";""
"141";"1";"00:14:46.150";"Turkish";"S-T";15;2;"yuksege";"Height";"1";"vert";"flat H";1;"";"Ikinci ses ondan uc d√∂rt basamak yuksege, daha yani yukariya";"yuksege = high+dative";""
"159";"10";"00:00:20.880";"Swedish";"T-S";1;1;"mörk";"Brightness";"1";"none";"wide grip";2;"";"den f√∂rsta var";"";"participant consistently reverses the vertical mapping of brightness"
"162";"10";"00:02:02.220";"Swedish";"T-S";2;1;"ljusare";"Brightness";"1";"vert";"flat H";1;"";"den ena var lite ljusare";"";""
"164";"10";"00:02:02.970";"Swedish";"T-S";2;2;"mörkare";"Brightness";"1";"vert";"flat H";1;"see prior";"den andra var m√∂rkare";"";""
"167";"10";"00:02:46.880";"Swedish";"T-S";3;1;"ljusare";"Brightness";"1";"vert";"other";1;"";"den f√∂rsta var lite mer ljusare";"";""
"169";"10";"00:02:49.700";"Swedish";"T-S";3;2;"mörkare";"Brightness";"1";"none";"open";1;"";"den andra var lite m√∂rkare";"";""
"172";"10";"00:03:27.100";"Swedish";"T-S";4;1;"ljus";"Brightness";"1";"none";"narrow grip";2;"";"den f√∂rsta var ljus";"";""
"174";"10";"00:03:44.260";"Swedish";"T-S";4;2;"mörk";"Brightness";"1";"vert";"narrow grip";1;"";"den andra m√∂rk";"";""
"177";"10";"00:04:12.940";"Swedish";"T-S";5;1;"mörk";"Brightness";"0";"";"";NA;"";"den f√∂rsta var m√∂rk";"";""
"179";"10";"00:04:25.660";"Swedish";"T-S";5;2;"ljus";"Brightness";"0";"";"";NA;"";"medans andra var v√§ldigt ljus";"";""
"182";"10";"00:05:11.380";"Swedish";"T-S";6;1;"mörkare";"Brightness";"1";"none";"neutral grip";1;"";"den f√∂rsta d√§r var det lite mer m√∂rkare";"";""
"184";"10";"00:05:13.860";"Swedish";"T-S";6;2;"ljusare";"Brightness";"1";"none";"narrow grip";2;"";"och den andra var lite ljusare";"";""
"187";"10";"00:06:05.160";"Swedish";"T-S";7;1;"uppåt";"Height";"1";"vert";"flat V";1;"";"det stak lite mer upp√•t";"";""
"189";"10";"00:06:10.200";"Swedish";"T-S";7;2;"ner";"Height";"1";"vert";"flat H";1;"";"typ ner";"";""
"192";"10";"00:07:59.980";"Swedish";"T-S";9;1;"mjuk";"Other";"0";"";"";NA;"";"mjuk";"softness";""
"193";"10";"00:08:13.560";"Swedish";"T-S";9;2;"ljusare";"Brightness";"1";"none";"narrow grip";2;"";"och lite ljusare";"";""
"196";"10";"00:09:10.660";"Swedish";"T-S";10;1;"ljus";"Brightness";"1";"none";"open";2;"";"den andra var lite mer ljus";"";""
"200";"10";"00:10:31.930";"Swedish";"T-S";12;1;"mörk";"Brightness";"0";"";"";NA;"";"m√∂rk";"";""
"203";"10";"00:11:37.260";"Swedish";"T-S";13;1;"ljus";"Brightness";"1";"vert";"flat H";2;"";"den andra var m√∂rkare";"";""
"205";"10";"00:11:41.820";"Swedish";"T-S";13;2;"mörk";"Brightness";"1";"none";"wide grip";2;"";"och den andra var m√∂rk";"";""
"208";"10";"00:12:25.900";"Swedish";"T-S";14;1;"ljusare";"Brightness";"1";"vert";"flat H";2;"";"det √§r mycket mer ljusare";"";""
"210";"10";"00:12:32.480";"Swedish";"T-S";14;2;"ljusare";"Brightness";"1";"vert";"flat H";1;"gesture starts earlier";"sneppet ljusare";"";""
"213";"10";"00:12:50.160";"Swedish";"T-S";15;1;"ljus";"Brightness";"1";"none";"none";2;"";"ljus r√∂st";"";""
"216";"11";"00:00:40.560";"Swedish";"S-T";1;1;"lågt";"Height";"0";"";"";NA;"";"som √§r lagom l√•gt";"";"use of thickness in trial 7 and 8"
"219";"11";"00:02:33.860";"Swedish";"S-T";2;1;"låg";"Height";"1";"vert";"flat H";1;"";"lite mer en l√•g ( )";"";""
"223";"11";"00:04:27.235";"Swedish";"S-T";4;1;"mörkaste";"Thickness";"0";"";"";NA;"";"p√• den f√∂rsta s√• l√§t det som en , den m√∂rkaste tonen p√• en piano";"";""
"225";"11";"00:05:08.100";"Swedish";"S-T";4;2;"ljust";"Brightness";"1";"none";"other";2;"";"lite mer () kvinnligt ljust";"";""
"228";"11";"00:05:35.880";"Swedish";"S-T";5;1;"nerförsbacke";"Height";"1";"vert";"flat H";1;"";"nerf√∂rsbacke";"";""
"230";"11";"00:05:44.080";"Swedish";"S-T";5;2;"uppförsbacke";"Height";"1";"vert";"flat H";1;"";"den andra var mer uppf√∂rsbacke";"";""
"233";"11";"00:06:51.700";"Swedish";"S-T";6;1;"()";"Height";"1";"vert";"flat H";1;"gesture starts before";"k√§nns mera som den ena √§r mer ()";"";""
"235";"11";"00:06:52.420";"Swedish";"S-T";6;2;"uppåt";"Height";"1";"vert";"open";2;"";"och den andra upp√•t";"";""
"238";"11";"00:07:25.280";"Swedish";"S-T";7;1;"vitgade";"Thickness";"1";"size";"open";2;"";"den ena, vitgade sig lite mer  ";"";""
"241";"11";"00:08:57.890";"Swedish";"S-T";8;1;"tunn";"Thickness";"1";"none";"narrow grip";1;"";"den f√∂rsta var v√§ldigt tunn";"";""
"243";"11";"00:09:21.320";"Swedish";"S-T";8;2;"låg";"Height";"1";"none";"none";2;"";"l√•g i tonen";"";""
"246";"11";"00:09:57.380";"Swedish";"S-T";9;1;"mildare";"Other";"0";"";"";NA;"";"midlare √§n det andra";"mildness";""
"250";"11";"00:11:22.760";"Swedish";"S-T";11;1;"ljusa";"Brightness";"0";"";"";NA;"";"det var mer ut av den ljusa varianten";"";""
"253";"11";"00:12:48.710";"Swedish";"S-T";12;1;"ljus";"Brightness";"0";"";"";NA;"";"lite ljus";"";""
"256";"11";"00:13:51.390";"Swedish";"S-T";13;1;"låg";"Height";"1";"vert";"flat H";1;"";"den manliga varianten var lite mer l√•g ()";"";""
"258";"11";"00:13:58.690";"Swedish";"S-T";13;2;"högre";"Height";"1";"vert";"flat H";1;"";"och den kvinnliga var lite . h√∂gre";"";""
"261";"11";"00:14:51.770";"Swedish";"S-T";14;1;"ljusa";"Brightness";"0";"";"";NA;"";"den ljusa varianten";"";""
"262";"11";"00:15:23.900";"Swedish";"S-T";14;2;"lågt";"Height";"0";"";"";NA;"";"l√•gt";"";""
"265";"11";"00:16:03.290";"Swedish";"S-T";15;1;"ljus";"Brightness";"1";"none";"none";1;"";"den som √§r ljus";"";""
"268";"11";"00:16:44.850";"Swedish";"S-T";16;1;"tunn";"Thickness";"0";"";"";NA;"";"den andra var v√§ldigt tunn";"";""
"270";"11";"00:16:56.440";"Swedish";"S-T";16;2;"tunn";"Thickness";"0";"";"";NA;"";"den var ocks√• tunn";"";""
"272";"11";"00:00:41.173";"Turkish";"S-T";1;1;"ince";"Thickness";"1";"none";"narrow grip";2;"";"Ince, cok ince ses tonuyla";"";""
"275";"11";"00:01:01.911";"Turkish";"S-T";2;1;"kalin";"Thickness";"0";"";"";NA;"";"Birincisi biraz daha kalin";"";""
"277";"11";"00:01:11.610";"Turkish";"S-T";2;2;"ince";"Thickness";"0";"";"";NA;"";"Ikincisi daha ince";"";""
"279";"11";"00:02:23.594";"Turkish";"S-T";3;1;"kalin";"Thickness";"0";"";"";NA;"";"Ikiside ayni kalin ses";"";""
"283";"11";"00:04:09.029";"Turkish";"S-T";5;1;"ince";"Thickness";"0";"";"";NA;"";"Birincisi cok ince";"";""
"285";"11";"00:04:17.952";"Turkish";"S-T";5;2;"incesi";"Thickness";"1";"none";"open";1;"";"Ikincisi daha normal, ama normalin incesi";"incesi = thin + genitive case";""
"288";"11";"00:06:56.033";"Turkish";"S-T";7;1;"yumsak";"Other";"0";"";"";NA;"";"Ikincisi bir bayan sesi gibi, koro sesi gibi, yumsak ve ince";"Softness";""
"291";"11";"00:07:19.345";"Turkish";"S-T";8;1;"kalin";"Thickness";"1";"none";"none";1;"";"Ikincisi cok kalin. (Confederate sneezes and ask participant to repeat and participant repeats.) Ikincisi cok kalin. ";"";""
"293";"11";"00:07:29.237";"Turkish";"S-T";8;2;"ince";"Thickness";"1";"none";"none";1;"";"Birincisi daha ince";"";""
"294";"11";"00:08:16.940";"Turkish";"S-T";9;1;"kalin";"Thickness";"0";"";"";NA;"";"Kalin";"";""
"297";"11";"00:08:56.773";"Turkish";"S-T";10;1;"derin";"Height";"1";"vert";"flat H";2;"";"Birisi cok derin, kalin";"";""
"299";"11";"00:09:02.552";"Turkish";"S-T";10;2;"ince";"Height";"0";"";"";NA;"";"Birisi de cok ince";"";""
"302";"11";"00:09:33.730";"Turkish";"S-T";11;1;"kalin";"Thickness";"0";"";"";NA;"";"Birincisi kalin";"";""
"304";"11";"00:09:35.108";"Turkish";"S-T";11;2;"ince";"Thickness";"1";"none";"narrow grip";1;"";"Ikincisi ince";"";""
"306";"11";"00:10:27.045";"Turkish";"S-T";12;1;"ince";"Thickness";"0";"";"";NA;"";"Cok, cok ince degil, orta ince bir ses";"";""
"309";"11";"00:12:05.457";"Turkish";"S-T";13;1;"kalin";"Thickness";"0";"";"";NA;"";"Ilki olan daha kalin olan";"";""
"311";"11";"00:12:30.014";"Turkish";"S-T";13;2;"ince";"Thickness";"0";"";"";NA;"";"Ikincisi o biraz daha ince olan ses";"";""
"314";"11";"00:13:10.488";"Turkish";"S-T";14;1;"ince";"Thickness";"1";"vert";"none";1;"";"Birinci ses biraz daha ince ses";"";""
"316";"11";"00:13:13.343";"Turkish";"S-T";14;2;"kalin";"Thickness";"1";"none";"narrow grip";1;"";"Ikinci ses biraz daha kalin ses";"";""
"318";"11";"00:14:03.338";"Turkish";"S-T";15;1;"kalin";"Thickness";"0";"";"";NA;"";"Sanki ikiside kalin ses";"";""
"320";"12";"00:00:24.108";"Turkish";"T-S";1;1;"ince";"Thickness";"0";"";"";NA;"";"Gayet ince bir ses";"";""
"323";"12";"00:01:03.838";"Turkish";"T-S";2;1;"kalin";"Thickness";"0";"";"";NA;"";"Ikincisi daha kalin";"";""
"325";"12";"00:01:06.903";"Turkish";"T-S";2;2;"inceydi";"Thickness";"0";"";"";NA;"";"Ilki biraz daha inceydi";"inceydi = thin + past tense";""
"327";"12";"00:01:33.691";"Turkish";"T-S";3;1;"yuwarlak";"Other";"";"";"";NA;"";"Ikincisi daha yuvarlak ama kalin";"Roundness";""
"330";"12";"00:02:42.197";"Turkish";"T-S";4;1;"ince";"Thickness";"0";"";"";NA;"";"Ilki cok ince";"";""
"332";"12";"00:02:51.501";"Turkish";"T-S";4;2;"kalin";"Thickness";"0";"";"";NA;"";"Ikinicisi biraz daha kalin erkek sesi";"";""
"339";"12";"00:08:51.851";"Turkish";"T-S";9;1;"kalin";"Thickness";"0";"";"";NA;"";"Ilki daha kalin";"";""
"341";"12";"00:08:54.361";"Turkish";"T-S";9;2;"ince";"Thickness";"0";"";"";NA;"";"Ikincisi daha ince";"";""
"344";"12";"00:09:55.060";"Turkish";"T-S";10;1;"ince";"Thickness";"0";"";"";NA;"";"Bayanin sesi cok ince, gercekten ince";"";""
"346";"12";"00:10:29.523";"Turkish";"T-S";10;2;"kalin";"Thickness";"0";"";"";NA;"";"Erkegin sesi daha kalin";"";""
"349";"12";"00:11:38.386";"Turkish";"T-S";12;1;"kalin";"Thickness";"0";"";"";NA;"";"Ilki ikincisine bakarak biraz daha kalin";"";""
"352";"12";"00:12:15.244";"Turkish";"T-S";13;1;"ince";"Thickness";"0";"";"";NA;"";"Cok ince bir bayan sesi";"";""
"354";"12";"00:12:20.544";"Turkish";"T-S";13;2;"kalin";"Thickness";"0";"";"";NA;"";"Ikinci de biraz daha kalin";"";""
"356";"12";"00:12:44.918";"Turkish";"T-S";14;1;"ince";"Thickness";"0";"";"";NA;"";"Ikincisi cok cok ince";"";""
"359";"12";"00:13:35.702";"Turkish";"T-S";15;1;"ince";"Thickness";"0";"";"";NA;"";"Ilki bayan, cok ince sesi var";"";""
"361";"12";"00:13:40.552";"Turkish";"T-S";15;2;"kalin";"Thickness";"0";"";"";NA;"";"Ikincisi erkek sesi, baya kalin bir sesi var";"";""
"364";"12";"00:00:23.155";"Swedish";"T-S";1;1;"öppna";"Other";"0";"";"";NA;"";"ganska √∂ppna";"openness";""
"367";"12";"00:00:56.619";"Swedish";"T-S";2;1;"öppen";"Other";"1";"size";"wide grip";2;"gesture part of next";"den f√∂rsta √§r mer √∂ppen";"openness";""
"369";"12";"00:00:58.091";"Swedish";"T-S";2;2;"sluts";"Other";"1";"size";"open";2;"";"medans den andra sluts mer";"openness";""
"372";"12";"00:01:08.817";"Swedish";"T-S";2;3;"uppifrån";"Height";"1";"vert";"flat H";1;"";"den andra har mer uppifr√•n";"";""
"373";"12";"00:01:09.320";"Swedish";"T-S";2;3;"ner";"Height";"1";"vert";"flat H";1;"";"";"";""
"376";"12";"00:01:43.019";"Swedish";"T-S";3;1;"ljus";"Brightness";"0";"";"";NA;"";"den f√∂rsta har ganska ljus r√∂st";"";""
"378";"12";"00:01:48.218";"Swedish";"T-S";3;2;"mörk";"Brightness";"0";"";"";NA;"";"medans den manliga ( ) . ganska j√§mn m√∂rk r√∂st";"";""
"382";"12";"00:03:43.316";"Swedish";"T-S";5;1;"ner";"Height";"1";"vert";"flat H";2;"";"dom g√•r ner fr√•n upp√•t";"";""
"383";"12";"00:03:43.718";"Swedish";"T-S";5;1;"från uppåt";"Height";"1";"vert";"flat H";2;"";"dom g√•r ner fr√•n upp√•t";"";""
"386";"12";"00:04:11.872";"Swedish";"T-S";6;1;"mörkare";"Brightness";"1";"vert";"flat H";1;"";"den andra var mycket m√∂rkare √§n den andra";"";""
"387";"12";"00:04:13.305";"Swedish";"T-S";6;1;"den andra";"Brightness";"1";"none";"open";1;"";"den andra var mycket m√∂rkare √§n den andra";"";""
"390";"12";"00:04:56.433";"Swedish";"T-S";7;1;"mörkare";"Brightness";"0";"";"";NA;"";"den √§r lite m√∂rkare";"";""
"393";"12";"00:05:35.033";"Swedish";"T-S";8;1;"ljus";"Brightness";"0";"";"";NA;"";"kvinnliga √§r v√§l lite ljus";"";""
"395";"12";"00:05:48.559";"Swedish";"T-S";8;2;"ljus";"Brightness";"1";"none";"flat H";1;"gesture earlier";"den var ganska ljus f√∂r en mann";"";""
"398";"12";"00:06:05.793";"Swedish";"T-S";9;1;"mörkare";"Brightness";"0";"";"";NA;"";"den andra √§r lite m√∂rkare √§n den f√∂rsta";"";""
"401";"12";"00:06:43.573";"Swedish";"T-S";10;1;"ljus";"Brightness";"0";"";"";NA;"";"han hade en ganska ljus r√∂st";"";""
"403";"12";"00:06:49.707";"Swedish";"T-S";10;2;"ljus";"Brightness";"0";"";"";NA;"";"den kvinnliga hade j√§tte j√§tte ljust r√∂st";"";""
"406";"12";"00:07:26.500";"Swedish";"T-S";11;1;"mörkare";"Brightness";"0";"";"";NA;"";"den f√∂rsta har en m√∂rkare r√∂st √§n vad den f√∂rsta har";"";""
"409";"12";"00:08:43.620";"Swedish";"T-S";12;1;"öppnade upp sig";"Other";"1";"size";"wide grip";2;"";"det var att dom √∂ppnade upp sig";"";""
"411";"12";"00:09:10.907";"Swedish";"T-S";13;1;"öppnade upp sig";"Other";"1";"size";"open";2;"";"( ) √∂ppnade upp sig";"";""
"413";"12";"00:09:14.405";"Swedish";"T-S";13;2;"låg";"Height";"1";"vert";"flat H";1;"";"fr√•n l√•g till h√∂gre typ";"";""
"414";"12";"00:09:15.378";"Swedish";"T-S";13;2;"högre";"Height";"1";"vert";"flat H";1;"";"fr√•n l√•g till h√∂gre typ";"";""
"417";"12";"00:09:50.735";"Swedish";"T-S";14;1;"mörk";"Brightness";"0";"";"";NA;"";"manlig ganska m√∂rk ton";"";""
"419";"12";"00:09:56.226";"Swedish";"T-S";14;2;"ljus";"Brightness";"0";"";"";NA;"";"en mer ganska ljus r√∂st";"";""
"422";"12";"00:10:20.559";"Swedish";"T-S";15;1;"ljus";"Brightness";"0";"";"";NA;"";"den adnra √§r ganska ljus r√∂st";"";""
"424";"13";"00:00:43.620";"Swedish";"S-T";1;1;"går upp";"Height";"1";"vert";"open";2;"";"n√§r tonen g√•r upp";"";"uses ""thin"" with vertical/size gestures (trial 8)"
"432";"13";"00:09:35.150";"Swedish";"S-T";7;1;"smallare";"Thickness";"0";"";"";NA;"";"den andra mycket smallare ton";"";""
"434";"13";"00:10:31.180";"Swedish";"S-T";8;1;"smallare";"Thickness";"1";"vert";"wide grip";2;"vert and size";"smallare ton";"";""
"438";"13";"00:11:35.940";"Swedish";"S-T";10;1;"tunnare";"Thickness";"1";"vert";"open";2;"vert and size";"f√∂rst denna tunnare smallare";"";""
"444";"13";"00:15:26.820";"Swedish";"S-T";14;1;"bastant";"Thickness";"1";"none";"open";2;"";"ena mera bastant";"";""
"445";"13";"00:15:28.370";"Swedish";"S-T";14;2;"mjukare";"Other";"1";"none";"open";2;"";"den andra lite mera mjukare";"softness";""
"449";"13";"00:00:35.873";"Turkish";"S-T";1;1;"kalin";"Thickness";"1";"none";"wide grip";1;"";"Yasi buyuk olanin biraz daha sey... olgun, daha kalin";"";""
"454";"13";"00:04:29.169";"Turkish";"S-T";4;1;"ince";"Thickness";"0";"";"";NA;"";"Birinci ses kadin, ince";"";""
"456";"13";"00:04:30.999";"Turkish";"S-T";4;2;"kalinca";"Thickness";"1";"size";"open";2;"";"Ikinci ses erkek, biraz daha kalinca";"kalinca = thickish, thick + ish";""
"459";"13";"00:07:12.012";"Turkish";"S-T";6;1;"kalin";"Thickness";"0";"";"";NA;"";"Kalin, ""bastant"" (swe) bir erkek sesi birinci";"";""
"462";"13";"00:07:14.449";"Turkish";"S-T";6;2;"ince";"Thickness";"0";"";"";NA;"Attention! The word ""thin"" is not describing attributes of the woman! Both ""woman"" and ""thin"" are descriptions of the sound.";"Ikincisi de ince bir bayan";"";""
"465";"13";"00:07:58.301";"Turkish";"S-T";7;1;"ince";"Thickness";"1";"none";"open";1;"";"Kadin, ince";"";""
"467";"13";"00:08:10.396";"Turkish";"S-T";7;2;"kalin";"Thickness";"1";"none";"wide grip";1;"";"Yine kalin, ""bastant"" (swe)";"";""
"470";"13";"00:08:37.759";"Turkish";"S-T";8;1;"kalin";"Thickness";"1";"none";"open";2;"";"Erkek ""bastant"" (swe), kalin";"";""
"472";"13";"00:08:41.664";"Turkish";"S-T";8;2;"ince";"Thickness";"1";"vert";"open";1;"";"Kiz yine ??? ince, ciglik seklinde";"";""
"475";"13";"00:09:13.366";"Turkish";"S-T";9;1;"kalin";"Thickness";"1";"none";"wide grip";1;"";"Bir, biraz daha orta yas, kalin";"";""
"477";"13";"00:09:15.638";"Turkish";"S-T";9;2;"ince";"Thickness";"1";"none";"other";1;"";"Gencin ki biraz daha sey, ince";"";""
"481";"13";"00:11:09.019";"Turkish";"S-T";10;1;"kalinca";"";"1";"none";"wide grip";1;"";"Olgun olanin sesi biraz daha kalinca gibi geliyor";"kalinca = thickish";""
"483";"13";"00:11:14.623";"Turkish";"S-T";10;2;"ince";"Thickness";"1";"none";"wide grip";1;"";"Olmayanin biraz daha ince";"";""
"489";"13";"00:15:02.255";"Turkish";"S-T";13;1;"kalin";"Thickness";"1";"none";"wide grip";1;"gesture slightly after";"Erkegin ki biraz daha kalin";"";""
"491";"13";"00:15:03.762";"Turkish";"S-T";13;2;"ince";"Thickness";"1";"none";"neutral grip";1;"";"Kadinin ki biraz ince";"";""
"493";"13";"00:17:14.272";"Turkish";"S-T";15;1;"kalinlastirilmis";"Thickness";"1";"none";"wide grip";1;"";"Ikinci seste asari yukari ayni, erkek versiyonu, daha b√∂yle kalinlastirilmis bir bastant...";"kalinlastirilmis = thickened + reported past tense";""
"496";"14";"00:00:28.453";"Turkish";"T-S";1;1;"yuksek";"Height";"1";"vert";"open";1;"";"Yani yuksek bir tonda bir ses";"";"clear thickness gestures"
"498";"14";"00:01:27.348";"Turkish";"T-S";1;2;"ince";"Thickness";"1";"size";"open";2;"";"Biri daha b√∂yle ince bir ses";"";"clear thickness gestures"
"500";"14";"00:01:29.680";"Turkish";"T-S";1;3;"kalin";"Thickness";"1";"none";"other";2;"";"Digeri daha kalin gibi";"";"clear thickness gestures"
"502";"14";"00:01:58.996";"Turkish";"T-S";2;1;"ince";"Thickness";"1";"none";"narrow grip";1;"";"Ikincisi daha ince. Birincisi, pardon, daha ince digerinden";"";""
"503";"14";"00:02:02.104";"Turkish";"T-S";2;1;"ince";"Thickness";"1";"vert";"flat H";1;"";"Ikincisi daha ince. Birincisi, pardon, daha ince digerinden";"";""
"505";"14";"00:03:02.841";"Turkish";"T-S";3;1;"ince";"Thickness";"1";"none";"open";1;"";"Birincisi kadin sesiydi, ince";"";""
"507";"14";"00:03:52.790";"Turkish";"T-S";4;1;"ince";"Thickness";"1";"none";"narrow grip";1;"";"Ikinci ses daha ince bir ses";"";""
"509";"14";"00:04:26.424";"Turkish";"T-S";5;1;"ince";"Thickness";"1";"none";"open";1;"";"Digeri kadin sesi gibi daha ince";"";""
"511";"14";"00:04:52.955";"Turkish";"T-S";6;1;"inceydi";"Thickness";"0";"";"";NA;"";"Ikincisi daha inceydi";"inceydi = thin + past tense";""
"514";"14";"00:05:34.886";"Turkish";"T-S";7;1;"ince";"Thickness";"1";"none";"narrow grip";2;"";"Birinci ses cok ince";"";""
"516";"14";"00:05:37.205";"Turkish";"T-S";7;2;"kalin";"Thickness";"1";"none";"wide grip";1;"";"Digeri de daha kalin ??? bir ses";"";""
"519";"14";"00:06:10.606";"Turkish";"T-S";8;1;"kalin";"Thickness";"1";"none";"neutral grip";1;"";"Kalin ses ikiside";"";""
"521";"14";"00:06:32.259";"Turkish";"T-S";8;2;"kalin";"Thickness";"1";"none";"neutral grip";1;"";"Ikinci ses daha gur gibi, daha kalin b√∂yle";"";""
"524";"14";"00:07:06.936";"Turkish";"T-S";9;1;"ince";"Thickness";"0";"";"";NA;"";"Ikinci ses daha ince";"";""
"526";"14";"00:07:13.485";"Turkish";"T-S";9;2;"inceydi";"Thickness";"1";"none";"other";2;"";"Birincisi de ondan daha gur, ama digerlerinden daha inceydi, ortada gibi bisey";"inceydi = thin + past tense";""
"531";"14";"00:08:30.670";"Turkish";"T-S";11;1;"ince";"Thickness";"1";"vert";"none";1;"";"Iki ince ses";"";""
"533";"14";"00:08:47.620";"Turkish";"T-S";11;2;"ince";"Thickness";"0";"";"";NA;"";"Birincisi daha ince";"";""
"535";"14";"00:09:25.302";"Turkish";"T-S";12;1;"kalin";"Thickness";"1";"none";"neutral grip";1;"";"Ikincisi daha kalin";"";""
"537";"14";"00:10:12.955";"Turkish";"T-S";13;1;"kalin";"Thickness";"0";"";"";NA;"";"Ikincisi daha kalin";"";""
"540";"14";"00:11:12.554";"Turkish";"T-S";14;1;"ince";"Thickness";"0";"";"";NA;"";"Birinci ses daha ince ";"";""
"542";"14";"00:11:15.332";"Turkish";"T-S";14;2;"kalindi";"Thickness";"0";"";"";NA;"";"Digeri daha kalindi";"kalindi = thick + past tense";""
"545";"14";"00:12:07.569";"Turkish";"T-S";15;1;"ince";"Thickness";"0";"";"";NA;"";"Ikinci ses cok daha ince";"";""
"550";"14";"00:00:31.520";"Swedish";"T-S";1;1;"tjokkare";"Thickness";"1";"none";"wide grip";1;"";"mer liksom tjokkare";"";"uses thickness, also in trial 8"
"552";"14";"00:02:14.740";"Swedish";"T-S";2;1;"ljusa";"Brightness";"0";"";"";NA;"";"relativt ljusa";"";""
"556";"14";"00:05:14.170";"Swedish";"T-S";4;1;"ljusare";"Brightness";"0";"";"";NA;"";"den andra var mycket ljusare √§n den f√∂rsta";"";""
"558";"14";"00:05:50.800";"Swedish";"T-S";4;2;"tunnare";"Thickness";"1";"none";"narrow grip";1;"";"den f√∂rsta definitivt mycket tunnare √§n (  ) liksom";"";""
"562";"14";"00:07:41.230";"Swedish";"T-S";6;1;"ljusare";"Brightness";"0";"";"";NA;"";"den andra var ljusare √§n den f√∂rsta";"";""
"564";"14";"00:07:46.605";"Swedish";"T-S";6;2;"ljusa";"Brightness";"1";"none";"neutral grip";2;"";"b√•da var ( ) ljusa kvinnliga toner";"";""
"567";"14";"00:08:25.470";"Swedish";"T-S";7;1;"ljusare";"Brightness";"0";"";"";NA;"";"den f√∂rsta var ( ) ljusare √§n den andra";"";""
"570";"14";"00:09:24.060";"Swedish";"T-S";8;1;"ljusa";"Brightness";"0";"";"";NA;"";"det var tv√• ljusa r√∂ster";"";""
"573";"14";"00:10:36.510";"Swedish";"T-S";9;1;"ljusare";"Brightness";"0";"";"";NA;"";"s√• andra r√∂sten i ljudet var ljusare";"";""
"576";"14";"00:11:36.350";"Swedish";"T-S";10;1;"ljusare";"Brightness";"0";"";"";NA;"";"det var ocks√• andra var lite ljusare √§n den f√∂rsta";"";""
"578";"14";"00:11:39.160";"Swedish";"T-S";10;2;"mörkare";"Brightness";"0";"";"";NA;"";"m√∂rkare liksom ( ) den f√∂rsta";"";""
"581";"14";"00:12:15.000";"Swedish";"T-S";11;1;"ljusare";"Brightness";"0";"";"";NA;"";"f√∂rsta var ljusare";"";""
"583";"14";"00:12:25.500";"Swedish";"T-S";11;2;"mörkare";"Brightness";"0";"";"";NA;"";"men den var i alla fall m√∂rkare √§n den ljusa";"";""
"586";"14";"00:13:20.600";"Swedish";"T-S";12;1;"ljus";"Brightness";"0";"";"";NA;"";"den f√∂rsta var mer ljus liksom";"";""
"588";"14";"00:13:22.640";"Swedish";"T-S";12;2;"mörk";"Brightness";"0";"";"";NA;"";"den andra mer m√∂rk r√∂st";"";""
"591";"14";"00:14:02.580";"Swedish";"T-S";13;1;"uppåt";"Height";"1";"vert";"flat V";1;"";"den f√∂rsta mer den g√•r mer upp√•t liksom";"";""
"593";"14";"00:14:04.190";"Swedish";"T-S";13;2;"andra";"Brightness";"1";"none";"narrow grip";1;"";"i det ljusa √§n den andra";"";""
"596";"14";"00:15:09.650";"Swedish";"T-S";14;1;"ljusare";"Brightness";"0";"";"";NA;"";"andra var mycket ljusare r√∂st";"";""
"599";"14";"00:16:26.420";"Swedish";"T-S";15;1;"ljusare";"Brightness";"0";"";"";NA;"";"andra var ljusare √§n den f√∂rsta";"";""
"602";"15";"00:00:24.430";"Swedish";"S-T";1;1;"ljusa";"Brightness";"0";"";"";NA;"";"det var eh v√§ldigt ljusa kvinnliga r√∂ster";"";""
"604";"15";"00:00:33.490";"Swedish";"S-T";1;2;"ljusare";"Brightness";"1";"none";"other";1;"";"den f√∂rsta var lite ljusare √§n den andra";"";""
"607";"15";"00:01:12.790";"Swedish";"S-T";2;1;"mörka";"Brightness";"1";"none";"other";2;"";"det h√§r var en m√∂rk eller tv√• m√∂rka r√∂ster";"";""
"609";"15";"00:01:52.860";"Swedish";"S-T";3;1;"ljusa";"Brightness";"1";"none";"narrow grip";2;"";"ljusa";"";""
"611";"15";"00:01:54.790";"Swedish";"S-T";3;2;"ljus";"Brightness";"1";"none";"open";1;"";"den ena var ganska ljus";"";""
"613";"15";"00:01:57.710";"Swedish";"S-T";3;3;"ljusare";"Brightness";"1";"none";"open";1;"";"den andra var betydligt ljusare";"";""
"616";"15";"00:02:24.210";"Swedish";"S-T";4;1;"mörk";"Brightness";"1";"size";"open";1;"hands not aligned, compare with next";"den ena var ganska m√∂rk";"";""
"618";"15";"00:02:31.640";"Swedish";"S-T";4;2;"ljust";"Brightness";"1";"size";"open";1;"";"ganska ljust f√∂r en manlig r√∂st";"";""
"621";"15";"00:03:09.090";"Swedish";"S-T";5;1;"ljus";"Brightness";"1";"none";"other";1;"";"den andra var en ganska ljus kvinnlig r√∂st";"";""
"624";"15";"00:03:35.110";"Swedish";"S-T";6;1;"mörka";"Brightness";"1";"none";"open";2;"";"det h√§r var tv√• m√∂rka r√∂ster";"";""
"626";"15";"00:03:45.045";"Swedish";"S-T";6;2;"mörkare";"Brightness";"1";"none";"open";1;"";"den ena var n√•got m√∂rkare √§n den andra";"";""
"629";"15";"00:04:15.200";"Swedish";"S-T";7;1;"ljusa";"Brightness";"1";"none";"open";2;"";"h√§r √§r det tv√• ljusa r√∂ster";"";""
"632";"15";"00:04:44.090";"Swedish";"S-T";8;1;"mörk";"Brightness";"1";"size";"open";2;"";"den f√∂rsta √§r en ganska m√∂rk manlig r√∂st";"";""
"634";"15";"00:04:48.395";"Swedish";"S-T";8;2;"ljus";"Brightness";"1";"size";"open";2;"";"och den andra √§r en ganska ljus kvinnlig r√∂st";"";""
"637";"15";"00:05:19.290";"Swedish";"S-T";9;1;"ljus";"Brightness";"1";"vert";"open";1;"compare with next";"v√§ldigt ljus kvinnor√∂st";"";""
"639";"15";"00:05:23.550";"Swedish";"S-T";9;2;"mörk";"Brightness";"1";"vert";"flat H";1;"";"den andra en ganska m√∂rk";"";""
"641";"15";"00:05:55.580";"Swedish";"S-T";10;1;"ljusa";"Brightness";"1";"none";"open";2;"";"ljusa";"";""
"643";"15";"00:06:03.370";"Swedish";"S-T";10;2;"ljusare";"Brightness";"1";"none";"open";2;"";"det f√∂rsta √§r n√•got ljusare √§n det andra";"";""
"644";"15";"00:06:04.480";"Swedish";"S-T";10;2;"andra";"Brightness";"1";"none";"open";2;"";"det f√∂rsta √§r n√•got ljusare √§n det andra";"";""
"647";"15";"00:07:15.055";"Swedish";"S-T";11;1;"mörka";"Brightness";"1";"none";"open";2;"";"det var m√∂rka tv√• manliga m√∂rka r√∂ster";"";""
"649";"15";"00:07:43.710";"Swedish";"S-T";11;2;"mörkare";"Brightness";"1";"none";"flat H";1;"";"den andra √§r n√•got m√∂rkare √§n den f√∂rsta";"";""
"650";"15";"00:07:45.430";"Swedish";"S-T";11;2;"första";"Brightness";"1";"none";"point";1;"";"den andra √§r n√•got m√∂rkare √§n den f√∂rsta";"";""
"653";"15";"00:08:11.580";"Swedish";"S-T";12;1;"ljus";"Brightness";"1";"vert";"flat H";1;"";"och den andra √§r en ganska ljus kvinnlig r√∂st";"";""
"655";"15";"00:08:19.840";"Swedish";"S-T";12;2;"ljusa";"Brightness";"1";"none";"open";1;"";"utan den √§r mer √•t det ljusa h√•llet";"";""
"658";"15";"00:08:41.270";"Swedish";"S-T";13;1;"mörkare";"Brightness";"1";"vert";"open";2;"";"lite m√∂rkare √§n den andra";"";""
"659";"15";"00:08:42.580";"Swedish";"S-T";13;1;"andra";"Brightness";"1";"none";"open";2;"";"lite m√∂rkare √§n den andra";"";""
"661";"15";"00:08:45.300";"Swedish";"S-T";13;2;"starkare";"Other";"1";"none";"wide grip";2;"";"den f√∂rsta har lite starkare r√∂st";"strength";""
"664";"15";"00:09:24.010";"Swedish";"S-T";14;1;"mörk";"Brightness";"0";"";"";NA;"";"den f√∂rsta √§r en ganska m√∂rk manlig r√∂st";"";""
"666";"15";"00:09:30.900";"Swedish";"S-T";14;2;"ljus";"Brightness";"0";"";"";NA;"";"och den andra en ganska ljus kvinnlig r√∂st";"";""
"669";"15";"00:10:04.865";"Swedish";"S-T";15;1;"mörk";"Brightness";"1";"vert";"flat H";1;"";"m√∂rk m√∂rk r√∂st";"";""
"671";"15";"00:10:07.945";"Swedish";"S-T";15;2;"ljus";"Brightness";"1";"vert";"flat H";1;"";"och en v√§ldig ljus kvinnlig r√∂st";"";""
"675";"15";"00:00:28.419";"Turkish";"S-T";1;2;"yuksek";"Height";"1";"vert";"flat H";1;"gesture slightly before";"Ikinci ses bir kadin galiba, yuksek tonda s√∂yluyor";"";""
"680";"15";"00:01:04.053";"Turkish";"S-T";2;2;"acik";"Brightness";"1";"none";"narrow grip";1;"Participant is probably refering to ""light"" because she is contrasting this sound to a ""dark"" sound ";"Ilki ikincisinden daha acik";"acik = 1. light, 2. open";""
"684";"15";"00:01:42.288";"Turkish";"S-T";3;2;"yuksek";"Height";"1";"vert";"flat H";2;"";"Ikincisiyse cok tiz bir kadin sesi, baya yuksek ve acik sesle s√∂yliyor";"";""
"686";"15";"00:02:20.444";"Turkish";"S-T";4;1;"koyu";"Brightness";"1";"none";"open";2;"gesture starts slightly before";"Ikincisiyse erkek sesi, baya koyu";"";""
"690";"15";"00:02:55.293";"Turkish";"S-T";5;2;"acik";"Brightness";"1";"none";"open";2;"";"Orta tondan biraz daha acik bir tiz bir kadin sesi";"";""
"693";"15";"00:03:17.971";"Turkish";"S-T";6;1;"acik";"Brightness";"1";"none";"open";2;"";"Bu iki seste acik sesler, tiz sesler";"";""
"695";"15";"00:03:25.784";"Turkish";"S-T";6;2;"acik";"Brightness";"1";"none";"open";1;"";"Ikinci ses ilk sesten daha acik ve daha tiz";"";""
"699";"15";"00:04:34.874";"Turkish";"S-T";7;2;"koyu";"Thickness";"1";"none";"open";1;"";"Ilki ikincisinden bir tik daha koyu bir renk";"";""
"703";"15";"00:05:25.629";"Turkish";"S-T";8;2;"acik";"Brightness";"1";"none";"open";1;"";"Ikincisi hafif tiz, hafif acik";"";""
"707";"15";"00:06:02.196";"Turkish";"S-T";9;2;"acik";"Brightness";"1";"none";"open";1;"";"Ikinci seste baya baya acik bir...";"";""
"709";"15";"00:07:07.150";"Turkish";"S-T";10;1;"acik";"Brightness";"1";"size";"open";2;"";"Ikiside baya acik yani,  tiz";"";""
"712";"15";"00:07:23.268";"Turkish";"S-T";11;1;"koyu";"Brightness";"1";"none";"other";2;"";"Ilk ses baya baya koyu bir erkek sesi";"";""
"714";"15";"00:07:32.223";"Turkish";"S-T";11;2;"acik";"Brightness";"1";"none";"open";2;"";"Ikinci ses ortadan bir tik daha acik bir kadin sesi";"";""
"716";"15";"00:08:07.949";"Turkish";"S-T";12;1;"koyu";"Brightness";"1";"none";"open";1;"";"Erkek sesi biraz daha koyu";"";""
"719";"15";"00:08:36.928";"Turkish";"S-T";13;1;"koyu";"Brightness";"1";"none";"narrow grip";1;"";"Ilki baya koyu bir ses";"";""
"721";"15";"00:08:40.193";"Turkish";"S-T";13;2;"acik";"Brightness";"1";"none";"open";1;"";"Ikincisi o koyudan biraz daha acik bir ses";"";""
"723";"15";"00:08:42.084";"Turkish";"S-T";13;3;"koyu";"Brightness";"1";"none";"open";2;"";"Ama ikiside baya koyu yani";"";""
"726";"15";"00:09:18.647";"Turkish";"S-T";14;1;"koyu";"Brightness";"1";"none";"neutral grip";1;"";"Ilki koyu";"";""
"728";"15";"00:09:21.770";"Turkish";"S-T";14;2;"acik";"Brightness";"1";"none";"open";2;"";"Ikincisi acik, tiz bir ses";"";""
"730";"15";"00:10:09.977";"Turkish";"S-T";15;1;"acik";"Brightness";"1";"none";"open";1;"";"Ikiside acik, tiz kadin sesleri";"";""
"733";"16";"00:00:47.410";"Turkish";"T-S";1;1;"inceydi";"Thickness";"1";"none";"neutral grip";2;"";"Inceden inceye dogru gidiyordu";"inceye = thin + dative";""
"735";"16";"00:01:09.132";"Turkish";"T-S";2;1;"kalin";"Thickness";"1";"none";"wide grip";2;"";"Tizden kalina gecti";"kalina = thick + dative";""
"737";"16";"00:01:52.871";"Turkish";"T-S";3;1;"kalin";"Thickness";"1";"none";"neutral grip";2;"gesture slightly after";"Bu da iki kalin sesti";"";""
"740";"16";"00:03:08.107";"Turkish";"T-S";6;1;"kalin";"Thickness";"1";"none";"other";2;"gesture continues";"Kalin";"";""
"743";"16";"00:04:00.254";"Turkish";"T-S";8;1;"kalin";"Thickness";"0";"";"";NA;"";"Tamamen ayni, iki kalin";"";""
"746";"16";"00:04:29.718";"Turkish";"T-S";9;1;"inceydi";"Thickness";"1";"none";"other";2;"";"Ilk ses cok inceydi";"inceydi = thin + past tense";""
"748";"16";"00:04:33.884";"Turkish";"T-S";9;2;"inceydi";"Thickness";"1";"none";"neutral grip";1;"";"Ikinci seste inceydi";"inceydi = thin + past tense";""
"750";"16";"00:04:56.448";"Turkish";"T-S";10;1;"inceydi";"Thickness";"0";"";"";NA;"";"Bu ikiside b√∂yle inceydi";"inceydi = thin + past tense";""
"753";"16";"00:05:40.607";"Turkish";"T-S";11;1;"kalin";"Thickness";"0";"";"";NA;"";"Ilki kalin";"";""
"755";"16";"00:05:41.510";"Turkish";"T-S";11;2;"ince";"Thickness";"0";"";"";NA;"";"Ikincisi ince";"";""
"758";"16";"00:06:12.457";"Turkish";"T-S";12;1;"kalin";"Thickness";"0";"";"";NA;"";"Biri cok kalin";"";""
"760";"16";"00:06:13.064";"Turkish";"T-S";12;2;"ince";"Thickness";"0";"";"";NA;"";"Biri cok ince";"";""
"763";"16";"00:06:40.985";"Turkish";"T-S";13;1;"ince";"Thickness";"1";"none";"open";2;"";"Iki b√∂yle ince ses";"";""
"765";"16";"00:07:12.979";"Turkish";"T-S";14;1;"inceden";"Thickness";"0";"";"";NA;"";"Cok inceden cok kalina";"inceden = thin + ablative";""
"766";"16";"00:07:13.733";"Turkish";"T-S";14;1;"kalina";"Thickness";"1";"vert";"wide grip";2;"gesture after";"Cok inceden cok kalina";"kalina = thick + dative";""
"769";"16";"00:07:32.228";"Turkish";"T-S";15;1;"kalindan";"Thickness";"1";"vert";"open";1;"see next";"Cok kalindan cok inceye";"kalindan = thick + ablative";""
"770";"16";"00:07:33.352";"Turkish";"T-S";15;1;"inceye";"Thickness";"1";"vert";"open";1;"see before";"Cok kalindan cok inceye";"inceye = thin + dative";""
"772";"16";"00:07:35.193";"Turkish";"T-S";15;2;"kalin";"Thickness";"1";"vert";"open";1;"";"Ilki cok kalin";"";""
"774";"16";"00:07:36.745";"Turkish";"T-S";15;3;"inceydi";"Thickness";"0";"vert";"";NA;"";"Digeri cok inceydi";"inceydi = thin + past tense";""
"776";"16";"00:00:19.260";"Swedish";"T-S";1;1;"tyngre";"Other";"1";"size";"wide grip";2;"";"lite tyngre toner";"weight";"participant uses several metaphors, e.g. brightness, thickness and height in trial 3"
"779";"16";"00:00:23.130";"Swedish";"T-S";1;2;"tyngre";"Other";"1";"none";"wide grip";1;"";"den sista var tyngre √§n den f√∂rsta";"weight";"participant uses several metaphors, e.g. brightness, thickness and height in trial 3"
"780";"16";"00:00:24.460";"Swedish";"T-S";1;2;"första";"Other";"1";"none";"wide grip";1;"";"den sista var tyngre √§n den f√∂rsta";"weight";"participant uses several metaphors, e.g. brightness, thickness and height in trial 3"
"782";"16";"00:00:41.640";"Swedish";"T-S";2;1;"tyngre";"Other";"1";"size";"neutral grip";2;"";"alts√• tyngre";"weight";""
"785";"16";"00:01:05.940";"Swedish";"T-S";3;1;"ljusare";"Brightness";"1";"none";"neutral grip";2;"";"nu var det tv√• ljusare toner";"";""
"787";"16";"00:01:12.660";"Swedish";"T-S";3;2;"tunnare";"Thickness";"1";"none";"neutral grip";1;"gesture by right hand, left belongs to next";"den sista var tunnare √§n den f√∂rsta";"";""
"788";"16";"00:01:13.840";"Swedish";"T-S";3;2;"första";"Thickness";"1";"none";"neutral grip";1;"see before";"den sista var tunnare √§n den f√∂rsta";"";""
"791";"16";"00:01:55.740";"Swedish";"T-S";4;1;"tunnaste";"Thickness";"1";"size";"narrow grip";2;"";"f√∂rsta var den tunnaste";"";""
"793";"16";"00:02:00.980";"Swedish";"T-S";4;2;"tunn";"Thickness";"1";"none";"open";1;"";"men fortfarande tunn";"";""
"796";"16";"00:02:22.120";"Swedish";"T-S";5;1;"tunn";"Thickness";"1";"none";"open";1;"";"andra tunn";"";""
"798";"16";"00:03:21.170";"Swedish";"T-S";6;1;"tunna";"Thickness";"0";"";"";NA;"";"tunna";"";""
"801";"16";"00:04:03.980";"Swedish";"T-S";7;1;"tyngre";"Other";"1";"vert";"wide grip";2;"";"tv√• tyngre basser";"weight";""
"804";"16";"00:04:43.480";"Swedish";"T-S";8;1;"tunn";"Thickness";"1";"vert";"wide grip";1;"";"en tunn";"";""
"806";"16";"00:04:59.060";"Swedish";"T-S";9;1;"tunn";"Thickness";"1";"vert";"narrow grip";1;"";"en j√§tte tunn";"";""
"807";"16";"00:05:00.140";"Swedish";"T-S";9;2;"tyngre";"Other";"1";"vert";"wide grip";1;"gesture at the end, compare with prior";"och en j√§tte . eh. tyngre";"weight";""
"809";"16";"00:05:23.540";"Swedish";"T-S";10;1;"tunnare";"Thickness";"1";"none";"wide grip";2;"";"en lite tunnare";"";""
"811";"16";"00:05:31.690";"Swedish";"T-S";10;2;"tyngre";"Other";"1";"none";"neutral grip";2;"gesture starts slightly before";"n√•gon";"weight";""
"814";"16";"00:06:05.300";"Swedish";"T-S";11;1;"tunnare";"Thickness";"1";"none";"narrow grip";2;"";"den f√∂rsta var  . tunnare";"";""
"815";"16";"00:06:06.070";"Swedish";"T-S";11;2;"tyngre";"Other";"1";"none";"neutral grip";1;"gesture left hand";"den andra lite tyngre";"weight";""
"818";"16";"00:06:22.300";"Swedish";"T-S";12;1;"tunna";"Thickness";"1";"vert";"other";1;"";"tv√• tunna";"";""
"821";"16";"00:07:04.500";"Swedish";"T-S";13;1;"tyngre";"Other";"1";"none";"neutral grip";1;"";"lite tyngre";"weight";""
"823";"16";"00:07:06.050";"Swedish";"T-S";13;2;"svagare";"Other";"1";"vert";"neutral grip";1;"compare with prior";"och lite svagare";"strength";""
"826";"16";"00:07:29.120";"Swedish";"T-S";14;1;"svaga";"Other";"1";"vert";"narrow grip";1;"gesture sligthly after";"tv√• svaga tunna";"strength";""
"827";"16";"00:07:33.070";"Swedish";"T-S";14;2;"tunn";"Thickness";"1";"vert";"narrow grip";1;"";"v√§ldigt tunn";"";""
"829";"16";"00:07:35.300";"Swedish";"T-S";14;3;"tunn";"Thickness";"1";"vert";"narrow grip";1;"";"och den andra eh. ocks√• tunn";"";""
"832";"16";"00:08:12.360";"Swedish";"T-S";15;1;"smallare";"Thickness";"1";"vert";"wide grip";1;"gesture right hand";"smallare √§n den andra";"";""
"833";"16";"00:08:12.940";"Swedish";"T-S";15;1;"andra";"Thickness";"1";"vert";"wide grip";1;"gesture left hand";"smallare √§n den andra";"";""
"839";"2";"00:07:20.018";"Turkish";"T-S";NA;1;"yuksek";"";"";"";"";NA;"";"Ilki daha yuksek yine";"";""
"841";"2";"00:07:22.246";"Turkish";"T-S";NA;2;"dusuk";"";"";"";"";NA;"";"Ikinci bu sefer daha dusuk";"";""
"844";"2";"00:08:50.707";"Turkish";"T-S";NA;1;"ince";"";"";"";"";NA;"";"Ikinci daha ince bir ses";"";""
"846";"2";"00:08:52.678";"Turkish";"T-S";NA;2;"kalin";"";"";"";"";NA;"";"Ilki daha kalin";"";""
"849";"2";"00:09:07.054";"Turkish";"T-S";6;1;"kalin";"Thickness";"1";"none";"other";1;"";"Ilki kalin";"";""
"851";"2";"00:09:09.880";"Turkish";"T-S";6;2;"kalin";"Thickness";"1";"none";"wide grip";1;"";"Ikinci ondan daha baskin bir kalin";"";""
"853";"2";"00:09:43.984";"Turkish";"T-S";7;1;"ince";"Thickness";"1";"none";"narrow grip";1;"";"Ilk daha b√∂yle bir ince bir tonda";"";""
"856";"2";"00:11:54.378";"Turkish";"T-S";9;1;"ince";"Thickness";"1";"none";"neutral grip";1;"";"Daha ince";"";""
"859";"2";"00:12:20.341";"Turkish";"T-S";10;1;"ince";"Thickness";"0";"";"";NA;"";"Ikiside ince";"";""
"861";"2";"00:12:31.765";"Turkish";"T-S";10;2;"ince";"Thickness";"0";"";"";NA;"";"Ikinci daha b√∂yle bir... sey... yani hepten ince";"";""
"862";"2";"00:13:00.932";"Turkish";"T-S";11;1;"kalin";"Brightness";"0";"";"";NA;"";"Kalin";"";""
"865";"2";"00:13:04.370";"Turkish";"T-S";11;2;"ince";"Brightness";"0";"";"";NA;"";"Ikinci koro, ince";"";""
"867";"2";"00:13:25.905";"Turkish";"T-S";12;1;"yumsak";"Other";"1";"none";"neutral grip";1;"";"Fakat ikinci daha bir b√∂yle bir ""a""yi daha bir yumsak ve daha yuksek s√∂yluyor";"soft";""
"870";"2";"00:13:52.142";"Turkish";"T-S";NA;1;"yukseliyor";"Height";"";"";"";NA;"";"Biri daha b√∂yle bir yukseliyor";"yukseliyor = is becoming more high / ascending";""
"872";"2";"00:15:30.636";"Turkish";"T-S";14;1;"yukselis";"Height";"1";"none";"neutral grip";1;"";"Ikincide daha b√∂yle bir o sesten b√∂yle bir yukselis var";"yukselis = a rise";""
"878";"2";"00:00:15.070";"Swedish";"T-S";1;1;"mörkare";"Brightness";"1";"none";"neutral grip";1;"";"ett √§r m√∂rkare i tonen";"";""
"880";"2";"00:00:19.615";"Swedish";"T-S";1;2;"mjukare";"Other";"1";"none";"neutral grip";1;"";"medans tv√• √§r mjukare";"softer";""
"883";"2";"00:01:06.550";"Swedish";"T-S";2;1;"höjd";"Height";"1";"vert";"open";1;"";"lite mer s√• h√§r h√∂jd ton";"";""
"885";"2";"00:01:15.930";"Swedish";"T-S";2;2;"mörkare";"Brightness";"1";"vert";"flat H";1;"";"mycket m√∂rkare m√∂rkare ton";"";""
"889";"2";"00:01:34.340";"Swedish";"T-S";3;1;"starkare";"Other";"1";"none";"neutral grip";1;"";"men ett k√§nns starkare ( ) (tv√•aren)";"";""
"890";"2";"00:01:35.510";"Swedish";"T-S";3;1;"?";"Other";"1";"none";"open";1;"";"men ett k√§nns starkare ( ) (tv√•aren)";"";""
"893";"2";"00:02:43.210";"Swedish";"T-S";4;1;"mörkare";"Brightness";"0";"";"";NA;"";"etteren √§r m√∂rkare i tonen (  ) (tv√•aren)";"";""
"896";"2";"00:03:58.265";"Swedish";"T-S";5;1;"(sträd)";"Other";"1";"none";"other";1;"";"etteren k√§nns lite mer (str√§d) i tonen";"";""
"899";"2";"00:05:20.370";"Swedish";"T-S";6;1;"mjukare";"Other";"0";"";"";NA;"";"fast etteren √§r mjukare";"";""
"903";"2";"00:07:02.310";"Swedish";"T-S";8;1;"mörk";"Brightness";"0";"";"";NA;"";"etteren v√§ldigt v√§ldigt m√∂rk ton";"";""
"905";"2";"00:07:10.080";"Swedish";"T-S";8;2;"ljus";"Brightness";"0";"";"";NA;"";"tv√•aren √§r v√§ldigt v√§ldigt ljus ton";"";""
"908";"2";"00:07:33.660";"Swedish";"T-S";9;1;"ljusa";"Brightness";"1";"none";"open";2;"";"b√•da tv√• √§r ju . ljusa";"";""
"911";"2";"00:08:17.720";"Swedish";"T-S";10;1;"ljus";"Brightness";"0";"";"";NA;"";"etteren √§r v√§ldigt v√§ldigt ljus ";"";""
"913";"2";"00:08:19.915";"Swedish";"T-S";10;2;"mörk";"Brightness";"0";"";"";NA;"";"tv√•aren √§r v√§ldigt v√§ldigt m√∂rk ton";"";""
"916";"2";"00:09:05.950";"Swedish";"T-S";11;1;"höja";"Height";"1";"none";"none";1;"";"som eh h√∂ja typ";"";""
"919";"2";"00:09:46.380";"Swedish";"T-S";12;1;"mörkare";"Brightness";"0";"";"";NA;"";"fast etteren √§r eh m√∂rkare i tonen ( )";"";""
"922";"2";"00:10:18.855";"Swedish";"T-S";13;1;"ljusare";"Brightness";"0";"";"";NA;"";"tv√•aren √§r ljusare i tonen";"";""
"925";"2";"00:10:51.595";"Swedish";"T-S";14;1;"ljus";"Brightness";"0";"";"";NA;"";"etteren v√§ldigt eh ljus";"";""
"927";"2";"00:10:54.825";"Swedish";"T-S";14;2;"mörk";"Brightness";"1";"vert";"neutral grip";1;"see context";"och tv√•aren √§r v√§ldigt m√∂rk";"";""
"930";"2";"00:11:19.225";"Swedish";"T-S";15;1;"ljusa";"Brightness";"0";"";"";NA;"";"b√•da tv√• √§r ljusa i tonen";"";""
"932";"2";"00:11:29.580";"Swedish";"T-S";15;1;"höjer";"Height";"1";"vert";"flat H";1;"";"f√∂rsta h√∂jer";"";""
"934";"2";"00:11:30.915";"Swedish";"T-S";15;2;"sänker";"Height";"1";"vert";"flat H";1;"";"tv√•aren s√§nker";"";""
"937";"3";"00:01:06.540";"Swedish";"S-T";1;1;"lägre";"";"1";"vert";"flat H";2;"";"och den f√∂rsta √§r . ja . mycket l√§gre ( ), alts√• h√§r n√•gonstans";"";""
"939";"3";"00:01:12.260";"Swedish";"S-T";1;2;"högre";"";"1";"vert";"flat H";2;"";"och den andra liksom ( ), () sneppet h√∂gre";"";""
"942";"3";"00:02:28.060";"Swedish";"S-T";2;1;"mörk";"Brightness";"";"";"";NA;"";"denna f√∂rsta var mycket mycket m√∂rk";"";""
"945";"3";"00:03:39.500";"Swedish";"S-T";3;1;"mörk";"Brightness";"1";"vert";"flat H";2;"";"den som var typ m√∂rk det var den";"";""
"947";"3";"00:03:44.980";"Swedish";"S-T";3;2;"ljusare";"Brightness";"1";"vert";"flat H";1;"";"mycket ljusare";"";""
"952";"3";"00:04:09.640";"Swedish";"S-T";4;2;"jjust";"Brightness";"0";"";"";NA;"";"p√• en skala till 1, 1-10, d√§r 10 √§r j√§tteljust, s√• var det en sekser";"";""
"954";"3";"00:04:15.560";"Swedish";"S-T";4;3;"9er";"Brightness";"1";"vert";"flat H";1;"";"och den andra . var typ en 9er";"";""
"958";"3";"00:05:26.660";"Swedish";"S-T";6;1;"ljus";"Brightness";"0";"";"";NA;"";"den f√∂rsta var v√§ldigt ljus";"";""
"961";"3";"00:06:12.740";"Swedish";"S-T";7;1;"mörkare";"Brightness";"0";"";"";NA;"";"den ena m√∂rkare √§n den andra";"";""
"964";"3";"00:07:56.080";"Swedish";"S-T";8;1;"07/aug";"Brightness";"1";"vert";"flat H";2;"";"och sen den andra var i det h√§r 7-8 skalan av ljuset";"";""
"967";"3";"00:08:19.840";"Swedish";"S-T";9;1;"ljusare";"Brightness";"1";"none";"other";1;"";"ljusare ( )";"";""
"969";"3";"00:08:23.020";"Swedish";"S-T";9;2;"lägre";"Height";"0";"";"";NA;"";"den andra var ( ) l√§gre m√∂rk √§n den som ( )";"";""
"972";"3";"00:08:49.360";"Swedish";"S-T";10;1;"mörkare";"Brightness";"1";"none";"none";1;"";"och den andra r√∂sten var typ en m√∂rkare ljus";"";""
"974";"3";"00:08:58.540";"Swedish";"S-T";10;2;"ljus";"Brightness";"1";"vert";"flat V";1;"see before";"och sen ljus kvinna";"";""
"978";"3";"00:10:42.780";"Swedish";"S-T";12;1;"ljusa";"Brightness";"1";"none";"other";2;"";"de tv√• ljusa likson kvinnor√∂ster";"";""
"981";"3";"00:11:24.920";"Swedish";"S-T";13;1;"7er";"Brightness";"0";"";"";NA;"";"i m√∂rkhetskala typ s√• . en 7er p√• den f√∂rsta";"";""
"983";"3";"00:11:31.440";"Swedish";"S-T";13;2;"6er";"Brightness";"1";"none";"none";2;"";"och den andra ljusa i ljusthetskala typ en 6er";"";""
"986";"3";"00:12:29.310";"Swedish";"S-T";14;1;"mörk";"Brightness";"0";"";"";NA;"";"den f√∂rsta √§r v√§ldigt m√∂rk";"";""
"988";"3";"00:12:50.030";"Swedish";"S-T";14;2;"högt";"Brightness";"1";"vert";"flat H";1;"";"och ljushetsskalan p√• den andra r√∂sten var v√§ldigt h√∂gt, typ en 9er";"";""
"991";"3";"00:13:09.690";"Swedish";"S-T";15;1;"ljusare";"Brightness";"0";"";"";NA;"";"fast lite ljusare";"";""
"992";"3";"00:13:14.410";"Swedish";"S-T";15;2;"mörkare";"Brightness";"0";"";"";NA;"";"m√∂rkare";"";""
"995";"3";"00:02:24.977";"Turkish";"S-T";2;1;"yukarda";"Height";"1";"vert";"flat H";1;"gesture starts earlier";"Birtanesi cok hani, degelim sekiz, yukarda b√∂yle gidiyor";"yukarda = high+locative";""
"999";"3";"00:04:44.927";"Turkish";"S-T";3;2;"yuksek";"Height";"1";"vert";"flat H";1;"";"Cok yuksek";"";""
"1003";"3";"00:07:22.648";"Turkish";"S-T";4;1;"yuksek";"Height";"1";"vert";"flat H";1;"";"Ikincisi daha cok yuksek";"";""
"1005";"3";"00:07:25.238";"Turkish";"S-T";4;2;"asarda";"Height";"1";"vert";"flat H";1;"";"Birincisi biraz asarda";"asarda = down + locative";""
"1015";"3";"00:12:29.469";"Turkish";"S-T";6;2;"yukarda";"Height";"1";"vert";"flat H";1;"";"Ikinci ses cok cok cok yukarda";"yukarda = above /high + locative";""
"1017";"3";"00:13:20.186";"Turkish";"S-T";7;1;"usttunde";"Height";"1";"none";"flat H";2;"";"√ñbusu tam ustunde";"ustunde = above + poss+locative";""
"1022";"3";"00:14:40.812";"Turkish";"S-T";8;2;"yuksek";"Height";"1";"vert";"flat H";2;"";"Ama yuksek biraz";"";""
"1032";"3";"00:15:47.194";"Turkish";"S-T";10;1;"asarda";"Height";"1";"none";"flat H";2;"";"Bir tane biraz asarda ses, kadin sesi";"asarda = down + locative";""
"1034";"3";"00:15:50.600";"Turkish";"S-T";10;2;"yuksek";"Height";"1";"none";"flat H";2;"";"Bir tanesi biraz yuksek kadin sesi";"";""
"1039";"3";"00:16:46.671";"Turkish";"S-T";11;2;"yuksek";"Height";"1";"vert";"flat H";1;"gesture starts earlier";"√ñbusu kadin ve yuksek";"";""
"1041";"3";"00:17:48.550";"Turkish";"S-T";12;1;"asada";"Height";"1";"vert";"flat H";1;"gesture starts earlier";"Bir cok, cok, cok cok hani asarda, buyuk bir ""proffesional"" (eng) adam";"asarda = down + locative";""
"1046";"4";"00:00:37.146";"Turkish";"T-S";1;1;"yuksekti";"Height";"1";"none";"open";2;"";"Ilk ses biraz daha yuksekti ";"yuksekti = high + past tense";""
"1048";"4";"00:00:40.668";"Turkish";"T-S";1;2;"inceydi";"Thickness";"1";"none";"open";2;"";"Ikinci ses daha b√∂yle inceydi";"inceydi = thin + past tense";""
"1050";"4";"00:01:17.420";"Turkish";"T-S";2;1;"kalin";"Thickness";"1";"size";"open";2;"";"Ilki b√∂yle daha kalin sesliydi";"";""
"1052";"4";"00:03:00.022";"Turkish";"T-S";3;1;"inceydi";"Thickness";"1";"none";"other";2;"The confederate asked about what quality the first sound had, they then listened to the recordings again and this was the participant's reply. You might want to exclude this part. ";"Kalitesi inceydi";"inceydi = thin + past tense";""
"1056";"4";"00:04:45.141";"Turkish";"T-S";5;1;"ince";"Thickness";"1";"size";"open";2;"";"Ilki ince sesli ama net";"";""
"1058";"4";"00:04:48.710";"Turkish";"T-S";5;2;"ince";"Thickness";"1";"none";"open";2;"";"Ikincisi de ayni ince sesli ama biraz daha b√∂yle bagirarak sanki s√∂yluyor";"";""
"1066";"4";"00:11:53.518";"Turkish";"T-S";11;1;"kalindi";"Thickness";"1";"none";"other";2;"";"Erkegin sesi daha b√∂yle kalindi";"kalindi = thick + past tense";""
"1068";"4";"00:11:57.010";"Turkish";"T-S";11;2;"inceydi";"Thickness";"0";"";"";NA;"";"Kizin sesi daha inceydi";"inceydi = thin + past tense";""
"1070";"4";"00:12:32.562";"Turkish";"T-S";12;1;"kalindi";"Thickness";"0";"";"";NA;"";"Biraz kalindi sesleri";"kalindi = thick + past tense";""
"1072";"4";"00:12:45.314";"Turkish";"T-S";13;1;"kalin";"Thickness";"0";"";"";NA;"";"Ilki erkekti, kalin sesli";"";""
"1075";"4";"00:13:33.791";"Turkish";"T-S";14;1;"kalindi";"Thickness";"1";"size";"open";2;"";"Ilkinin sesi kalindi";"kalindi = thick + past tense";""
"1077";"4";"00:13:36.073";"Turkish";"T-S";14;2;"inceydi";"Thickness";"1";"none";"open";2;"";"Digerinin cok daha farkli, inceydi";"inceydi = thin + past tense";""
"1079";"4";"00:14:05.663";"Turkish";"T-S";15;1;"ince";"Thickness";"0";"";"";NA;"";"Kadindi, cok ince sesli";"";""
"1081";"4";"00:00:23.100";"Swedish";"T-S";1;1;"?";"";"1";"size";"neutral grip";2;"";"?";"";""
"1084";"4";"00:01:14.500";"Swedish";"T-S";2;1;"grova";"Other";"1";"size";"neutral grip";2;"";"dom var mer s√• d√§r grova i r√∂sten";"roughness";""
"1086";"4";"00:01:19.550";"Swedish";"T-S";2;2;"mildere";"Other";"1";"size";"neutral grip";2;"";"dom var mycket mildere i r√∂sten";"roughness";""
"1090";"4";"00:02:23.150";"Swedish";"T-S";4;1;"grova";"Other";"1";"none";"open";2;"";"dom var begge grova i r√∂sten";"roughness";""
"1094";"4";"00:04:11.500";"Swedish";"T-S";6;1;"hög";"Height";"1";"vert";"flat V";2;"";"begge tv√• var kvinnor, den f√∂rsta var lite mer pippiga och liksom lite h√∂g ljud";"";""
"1096";"4";"00:04:13.800";"Swedish";"T-S";6;2;"mildere";"Other";"1";"none";"other";2;"";"den andra var lite mer mildere och hade samma ton hela tiden";"";""
"1099";"4";"00:05:01.175";"Swedish";"T-S";7;1;"hög";"Height";"1";"vert";"flat H";1;"";"den f√∂rsta var en kvinlig som hade v√§ldigt pipig r√∂st och v√§ldigt h√∂g";"";""
"1103";"4";"00:06:20.280";"Swedish";"T-S";9;1;"mild";"Other";"1";"hori";"flat H";2;"";"och den var mild och j√§mn i tonen";"roughness";""
"1107";"4";"00:07:49.500";"Swedish";"T-S";11;1;"mild";"Other";"0";"";"";NA;"";"den f√∂rsta var lite mer mild";"roughness";""
"1109";"4";"00:07:52.550";"Swedish";"T-S";11;2;"grov";"Other";"0";"";"";NA;"";"och den andra var lite mer grov och pipig";"roughness";""
"1112";"4";"00:08:28.450";"Swedish";"T-S";12;1;"mild";"Other";"0";"";"";NA;"";"en kvinna, med mild och j√§mn r√∂st hela tiden'";"roughness";""
"1117";"5";"00:01:32.840";"Swedish";"S-T";1;1;"lägre";"Height";"1";"vert";"flat H";1;"";"det √§r samma fast lite l√§gre";"";""
"1122";"5";"00:03:23.920";"Swedish";"S-T";4;1;"mörk";"Brightness";"1";"none";"none";1;"";"(   ) j√§tte j√§tte m√∂rk basr√∂st";"";""
"1125";"5";"00:04:22.360";"Swedish";"S-T";5;1;"mjuk";"Other";"1";"none";"open";2;"";"den andra √§r maskulin men m√∂rk";"softness";""
"1130";"5";"00:06:27.520";"Swedish";"S-T";8;1;"högre";"Height";"1";"vert";"flat H";1;"";"den andra var () det mer h√∂ger klang";"";""
"1134";"5";"00:07:20.500";"Swedish";"S-T";10;1;"låg";"Height";"0";"";"";NA;"";"samma tonart, lite l√•g";"";""
"1137";"5";"00:07:52.680";"Swedish";"S-T";11;1;"skarpare";"Other";"0";"";"";NA;"";"h√§r var ju andra tonen ehh s√•n lite 8) skarpare";"sharpness";""
"1140";"5";"00:08:21.520";"Swedish";"S-T";12;1;"djupare";"Height";"0";"";"";NA;"";"den andra var lite djupare";"";""
"1143";"5";"00:08:56.830";"Swedish";"S-T";13;1;"högre";"Height";"0";"";"";NA;"";"den f√∂rsta var lite h√∂gre";"";""
"1146";"5";"00:09:45.480";"Swedish";"S-T";14;1;"låg";"Height";"0";"";"";NA;"";"den f√∂rsta var lite . alts√• . l√•g p√• et jobbigt s√§tt";"";""
"1148";"5";"00:09:57.360";"Swedish";"S-T";14;2;"låg";"Height";"0";"";"";NA;"";"och den andrea var . ( ) l√•g ton";"";""
"1150";"5";"00:10:33.680";"Swedish";"S-T";15;1;"högre";"Height";"1";"none";"open";1;"";"h√∂gre";"";""
"1155";"5";"00:02:29.707";"Turkish";"S-T";3;1;"yuksek";"Height";"1";"vert";"flat H";1;"";"Ilki biraz daha yuksek, tiz bir ses yani";"";""
"1157";"5";"00:02:49.967";"Turkish";"S-T";4;1;"yuksek";"Height";"1";"vert";"flat H";1;"gesture before";"Ikincisi dedigimiz gibi o yuksek seviyede bir disi sesi";"";""
"1160";"5";"00:04:48.509";"Turkish";"S-T";6;1;"yuksek";"Height";"1";"vert";"open";1;"gesture starts before";"Ya bayan, ya kastrat, yuksek oktavli bir ses";"";""
"1162";"5";"00:05:21.854";"Turkish";"S-T";7;1;"yuksek";"Height";"1";"vert";"open";1;"gesture slightly later";"Ikincisi kesinlikle bir bayan ama biraz daha yuksek bir oktavda bir ses";"";""
"1171";"5";"00:09:17.804";"Turkish";"S-T";13;1;"yuksek";"Height";"1";"vert";"flat H";1;"";"Ikincisi daha yuksek bir tonda";"";""
"1177";"6";"00:00:24.848";"Turkish";"T-S";1;1;"yuksek";"Height";"1";"vert";"flat H";1;"";"Biri daha yuksek";"";""
"1179";"6";"00:00:25.907";"Turkish";"T-S";1;2;"asagda";"Height";"1";"vert";"flat H";1;"";"Biri daha asarda";"asagda = down + locative";""
"1182";"6";"00:00:45.278";"Turkish";"T-S";2;1;"asagda";"Height";"";"";"";NA;"";"Biri asagda basladi";"asagda = down + locative";""
"1184";"6";"00:00:46.951";"Turkish";"T-S";2;2;"yuksek";"Height";"";"";"";NA;"";"Ikincisi daha yuksek";"";""
"1187";"6";"00:02:43.509";"Turkish";"T-S";3;1;"yuksekti";"Height";"1";"vert";"flat H";1;"";"Ikiside cok yuksekti";"yuksekti = high + past tense";""
"1189";"6";"00:02:46.845";"Turkish";"T-S";3;2;"yuksekti";"Height";"1";"vert";"open";1;"";"Ama ikincisi tam yuksekti";"yuksekti = high + past tense";""
"1192";"6";"00:03:02.033";"Turkish";"T-S";4;1;"yuksekti";"Height";"1";"vert";"other";1;"";"Birincisi yuksekti";"yuksekti = high + past tense";""
"1194";"6";"00:03:07.169";"Turkish";"T-S";4;2;"asardaydi";"Height";"1";"vert";"flat H";1;"";"Eh... Ikincisi baya... eh... daha asardaydi";"asardaydi = down + locative + past tense";""
"1197";"6";"00:03:53.367";"Turkish";"T-S";5;1;"yuksekti";"Height";"1";"vert";"flat H";1;"";"Kadin sesi yuksekti";"yuksekti = high + past tense";""
"1199";"6";"00:03:56.402";"Turkish";"T-S";5;2;"asardaydi";"Height";"1";"vert";"flat H";1;"gesture starts earlier";"Erkek sesi asardaydi";"asardaydi = down + locative + past tense";""
"1202";"6";"00:04:17.274";"Turkish";"T-S";6;1;"asagda";"Height";"1";"vert";"flat H";1;"";"Erkek sesiyle basladi ama cok asarda yani";"asagda = down + locative";""
"1204";"6";"00:04:22.466";"Turkish";"T-S";6;2;"yuksekti";"Height";"1";"vert";"flat H";1;"";"Kadin sesi, b√∂yle orta ton, yuksekti ama o kadarda yuksek eskisi gibi degildi";"yuksekti = high + past tense";""
"1207";"6";"00:04:53.349";"Turkish";"T-S";7;1;"orta";"";"";"";"";NA;"";"B√∂yle bence ortada, cok yuksek degil, asarda da degil";"ortada = middle + locative";""
"1209";"6";"00:05:00.909";"Turkish";"T-S";7;2;"orta";"";"";"";"";NA;"";"O da bence ortadaydi";"ortadaydi = middle + locative + past tense";""
"1212";"6";"00:05:21.204";"Turkish";"T-S";8;1;"orta";"";"";"";"";NA;"";"Erkek sesiylen basladi, bence ortada";"ortada = middle + locative";""
"1214";"6";"00:05:23.555";"Turkish";"T-S";8;2;"yuksekte";"Height";"1";"vert";"flat H";1;"";"Ondan sonra kadin sesi, cok yuksekte";"yuksekte = high + locative";""
"1219";"6";"00:05:57.662";"Turkish";"T-S";10;1;"yuksekteydi";"Height";"1";"vert";"flat H";1;"";"Ilk yuksekteydi";"yuksekteydi = high + locative + past tense";""
"1221";"6";"00:06:00.257";"Turkish";"T-S";10;2;"orta ";"";"";"";"";NA;"";"Ikincisi ortada benceydi";"ortada = middle + locative";""
"1224";"6";"00:06:18.768";"Turkish";"T-S";11;1;"orta";"";"";"";"";NA;"";"Biri ortada";"ortada = middle + locative";""
"1226";"6";"00:06:20.211";"Turkish";"T-S";11;2;"asagdaydi";"Height";"1";"vert";"flat H";1;"";"√ñburusu baya asagdaydi";"asagdaydi = down + locative + past tense";""
"1229";"6";"00:06:41.919";"Turkish";"T-S";12;1;"orta";"";"";"";"";NA;"";"Birincisi kadin sesi, bence ortada";"ortada = middle + locative";""
"1231";"6";"00:07:01.374";"Turkish";"T-S";12;2;"yuksekteydi";"Height";"1";"vert";"flat H";1;"";"Ikincisi erkek sesi, bence biraz yuksekteydi";"yuksekteydi = high + locative + past tense";""
"1234";"6";"00:07:26.443";"Turkish";"T-S";13;1;"yuksek";"Height";"0";"";"";NA;"";"Birincisi kadin sesi, yuksek tonda";"";""
"1236";"6";"00:07:29.647";"Turkish";"T-S";13;2;"orta";"";"";"";"";NA;"";"Ikincisi erkek sesi, orta ";"";""
"1239";"6";"00:08:21.912";"Turkish";"T-S";14;1;"alcak";"Height";"1";"vert";"flat H";1;"";"Zannediyorum kadin sesi asag.. alcak tonda yani";"";""
"1241";"6";"00:08:25.375";"Turkish";"T-S";14;2;"yuksek";"Height";"1";"vert";"flat H";1;"";"Ikincisi gene kadin sesi, yuksek tondaydi";"";""
"1244";"6";"00:08:57.758";"Turkish";"T-S";15;1;"orta";"";"";"";"";NA;"";"Birincisi kadin sesiydi, orta tonda";"";""
"1246";"6";"00:09:00.813";"Turkish";"T-S";15;2;"asagda";"Height";"1";"vert";"flat H";1;"";"Ikincisi erkek sesi, cok asagda ton... alcak tonda yani";"asagda = down + locative";""
"1249";"6";"00:00:59.040";"Swedish";"T-S";1;1;"låg";"Height";"1";"vert";"flat H";1;"";"den andra var ganska l√•g";"";""
"1252";"6";"00:01:19.260";"Swedish";"T-S";2;1;"hög";"Height";"1";"vert";"flat H";1;"gesture earlier";"den andra var . h√∂g";"";""
"1255";"6";"00:01:41.530";"Swedish";"T-S";3;1;"högre";"Height";"1";"vert";"flat H";1;"gesture earlier";"och den andra var en mannlig, kanske n√•got h√∂gre";"";""
"1258";"6";"00:02:01.350";"Swedish";"T-S";4;1;"hög";"Height";"0";"";"";NA;"";"och den andra en ganska h√∂g kvinlig r√∂st";"";""
"1261";"6";"00:02:25.040";"Swedish";"T-S";5;1;"låg";"Height";"1";"none";"open";1;"";"kvinlig i s√• fall l√•g";"";""
"1263";"6";"00:02:27.280";"Swedish";"T-S";5;2;"hög";"Height";"0";"";"";NA;"";"den andra en kvinlig ganska h√∂g";"";""
"1266";"6";"00:02:41.870";"Swedish";"T-S";6;1;"hög";"Height";"0";"";"";NA;"";"denna f√∂rsta √§r j√§tte h√∂g";"";""
"1269";"6";"00:03:00.820";"Swedish";"T-S";7;1;"hög";"Height";"0";"";"";NA;"";"den f√∂rsta . kvinnlig r√∂st ganska h√∂g";"";""
"1271";"6";"00:03:04.880";"Swedish";"T-S";7;2;"låg";"Height";"0";"";"";NA;"";"och den andra var en manlig eh v√§ldigt l√•g";"";""
"1275";"6";"00:03:39.440";"Swedish";"T-S";9;1;"hög";"Height";"0";"";"";NA;"";"den f√∂rsta √§r . h√∂g";"";""
"1277";"6";"00:03:42.210";"Swedish";"T-S";9;2;"låg";"Height";"0";"";"";NA;"";"den andra var eh . l√•g";"";""
"1280";"6";"00:04:45.400";"Swedish";"T-S";10;1;"högre";"Height";"1";"vert";"flat H";1;"";"n√•got h√∂gre √§n mitten";"";""
"1283";"6";"00:05:08.720";"Swedish";"T-S";11;1;"ovanför";"Height";"0";"";"";NA;"";"den f√∂rsta ligger ovanf√∂r mitten";"";""
"1285";"6";"00:05:10.650";"Swedish";"T-S";11;2;"lägre ner";"Height";"1";"vert";"flat H";1;"";"den andra l√§gre ner";"";""
"1288";"6";"00:05:47.060";"Swedish";"T-S";12;1;"lägre";"Height";"1";"vert";"flat H";1;"";"den andra kanske n√•got l√§gre";"";""
"1291";"6";"00:06:08.085";"Swedish";"T-S";13;1;"lågt";"Height";"1";"vert";"flat H";1;"";"jag tror den f√∂rsta √§r en kvinnlig r√∂st ganska l√•gt  ";"";""
"1293";"6";"00:06:09.840";"Swedish";"T-S";13;2;"hög";"Height";"1";"vert";"flat H";1;"";"den andra var en kvinnlig h√∂g";"";""
"1296";"6";"00:07:11.440";"Swedish";"T-S";14;1;"hög";"Height";"0";"";"";NA;"";"och den andra √§r j√§tteh√∂g";"";""
"1299";"6";"00:07:34.030";"Swedish";"T-S";15;1;"under";"Height";"1";"none";"other";1;"";"den kvinnliga r√∂st den ligger under .. alts√• eh . den √§r l√•g";"";""
"1301";"6";"00:07:41.830";"Swedish";"T-S";15;2;"låg";"Height";"1";"vert";"flat H";1;"gesture earlier";"den manliga √§r verkligen . l√•g";"";""
"1304";"7";"00:00:47.200";"Swedish";"S-T";1;1;"mjukare";"Other";"0";"";"";NA;"is length used for pitch by this particiopant?";"ehh.. lite lite mjukare i sitt intro";"softness";""
"1307";"7";"00:01:16.000";"Swedish";"S-T";2;1;"djupare";"Height";"1";"vert";"open";2;"";"f√∂rsta introt √§r mycket djupare";"";""
"1308";"7";"00:01:24.200";"Swedish";"S-T";2;2;"djupare";"Height";"1";"vert";"open";2;"";"lite djupare s√•";"";""
"1312";"7";"00:02:21.540";"Swedish";"S-T";3;1;"djup";"Height";"1";"vert";"flat H";1;"";"den b√∂rjar djup";"";""
"1316";"7";"00:05:22.550";"Swedish";"S-T";5;1;"upp och ner";"Height";"1";"vert";"open";1;"";"stikker upp och ner";"";""
"1318";"7";"00:05:55.570";"Swedish";"S-T";5;2;"mjukare";"Other";"1";"none";"narrow grip";1;"";"mycket mjukare liksom";"softness";""
"1321";"7";"00:06:49.330";"Swedish";"S-T";6;1;"stiger";"Height";"1";"vert";"flat H";1;"length";"det stiger";"";""
"1324";"7";"00:08:37.420";"Swedish";"S-T";7;1;"djup";"Height";"1";"none";"open";2;"";"djup ton";"";""
"1326";"7";"00:08:52.980";"Swedish";"S-T";7;2;"djupare";"Height";"1";"none";"open";2;"";"lite djupare";"";""
"1329";"7";"00:09:59.782";"Swedish";"S-T";8;1;"ljusare";"Brightness";"1";"none";"other";1;"";"men det √§r ljusare skala p√• den";"";""
"1331";"7";"00:10:05.105";"Swedish";"S-T";8;2;"mörkare";"Brightness";"1";"none";"open";1;"";"medans den andra √§r m√∂rkare";"";""
"1334";"7";"00:11:02.930";"Swedish";"S-T";9;1;"mörkare";"Brightness";"0";"";"";NA;"";"s√• mycket m√∂rkare";"";""
"1336";"7";"00:11:40.210";"Swedish";"S-T";9;2;"mjukare";"Other";"1";"size";"open";2;"";"mycket mjukare";"softness";""
"1339";"7";"00:13:36.755";"Swedish";"S-T";10;1;"mörk";"Brightness";"1";"none";"open";2;"length";"samma bas och samma m√∂rk";"";""
"1342";"7";"00:14:17.540";"Swedish";"S-T";11;1;"mörk";"Brightness";"0";"";"";NA;"length";"f√∂rsta √§r v√§ldigt kort och v√§ldigt m√∂rk";"";""
"1344";"7";"00:14:25.760";"Swedish";"S-T";11;2;"mjukare";"Other";"0";"";"";NA;"length";"nummer tv√• √§r mer eh.. extended alts√• lite mer utdragen, och mycket mjukare";"softness";""
"1348";"7";"00:18:01.820";"Swedish";"S-T";13;1;"ljus";"Brightness";"0";"";"";NA;"";"den √§r ljus";"";""
"1349";"7";"00:18:21.850";"Swedish";"S-T";13;2;"mjukare";"Other";"0";"";"";NA;"";"mjukare";"softness";""
"1352";"7";"00:19:42.250";"Swedish";"S-T";14;1;"djupt";"Height";"0";"";"";NA;"";"mer djupt";"";""
"1355";"7";"00:23:28.800";"Swedish";"S-T";15;1;"mjukt";"Other";"0";"";"";NA;"";"kan man uppleva det v√§ldigt kanske mjukt";"softness";""
"1358";"7";"00:00:47.721";"Turkish";"S-T";1;1;"yukseliyor";"Height";"0";"";"";NA;"";"Birincisi yukseliyor";"yukseliyor = getting higher / ascending";""
"1360";"7";"00:00:50.996";"Turkish";"S-T";1;2;"batiyor";"Height";"0";"";"";NA;"";"Ikincisi biraz daha batiyor gibi yani";"batiyor = sinks / falls";""
"1365";"7";"00:02:32.178";"Turkish";"S-T";2;2;"yukari";"Height";"1";"vert";"flat H";1;"";"Ikinici sekvens (swe) te biraz daha eh... ses biraz daha sey oluyor yani, biraz daha... yukari dogru yani veriyor kendini";"";""
"1367";"7";"00:03:31.293";"Turkish";"S-T";3;1;"kalin";"Thickness";"0";"";"";NA;"";"Birincisi cok... ehm... Nasil diyeyim... daha kalin ikincisinden";"";""
"1370";"7";"00:04:50.342";"Turkish";"S-T";4;1;"ince";"Thickness";"0";"";"";NA;"";"Birincisi cok eh... cok, cok, cok, cok, cok b√∂yle eh... yani ince, cok ince";"";""
"1372";"7";"00:05:10.438";"Turkish";"S-T";4;2;"kalin";"Thickness";"1";"none";"neutral grip";1;"";"Ikincisi daha kalin";"";""
"1377";"7";"00:06:16.318";"Turkish";"S-T";5;2;"iniyor";"Height";"1";"vert";"other";1;"gesture coupled with one that starts earlier";"Digeri biraz daha iniyor";"iniyor = to go down/descend, present tense";""
"1380";"7";"00:07:00.796";"Turkish";"S-T";6;1;"kalin";"Thickness";"0";"";"";NA;"";"Biri, birincisi daha kalin";"";""
"1382";"7";"00:07:48.950";"Turkish";"S-T";6;2;"yukselme";"Height";"1";"vert";"other";1;"";"Daha yani bir yukselme yapiyor";"yukselme = a rise / ascention ";""
"1384";"7";"00:09:14.176";"Turkish";"S-T";7;1;"koyu";"Brightness";"1";"none";"other";1;"";"Ikincisi biraz daha koyu";"";""
"1387";"7";"00:11:11.992";"Turkish";"S-T";8;1;"ince";"Thickness";"0";"";"";NA;"";"Birincisi daha b√∂yle eh... hani ince ama keskin";"";""
"1389";"7";"00:11:47.869";"Turkish";"S-T";8;2;"kalin";"Thickness";"1";"none";"wide grip";1;"";"Daha kalin";"";""
"1392";"7";"00:12:08.711";"Turkish";"S-T";9;1;"kalin";"Thickness";"1";"none";"neutral grip";1;"";"Birincisi daha kalin, derin, ama yukseliyor";"";""
"1394";"7";"00:12:13.553";"Turkish";"S-T";9;2;"ince";"Thickness";"0";"";"";NA;"";"Digeri ince";"";""
"1398";"7";"00:13:39.192";"Turkish";"S-T";10;1;"ince";"Thickness";"1";"none";"narrow grip";1;"";"Birisi daha ince iniyor";"";""
"1401";"7";"00:13:56.961";"Turkish";"S-T";10;2;"ince";"Thickness";"0";"";"";NA;"";"Birincisi ince";"";""
"1403";"7";"00:13:58.662";"Turkish";"S-T";10;3;"ince";"Thickness";"0";"";"";NA;"";"Ikincisi ondan ince";"";""
"1405";"7";"00:15:45.411";"Turkish";"S-T";11;1;"kalin";"Thickness";"0";"";"";NA;"";"Ikincsi kalin";"";""
"1407";"7";"00:16:55.858";"Turkish";"S-T";12;1;"kalin";"Thickness";"0";"";"";NA;"";"Birincisi daha net ama daha kalin";"";""
"1410";"7";"00:19:19.414";"Turkish";"S-T";13;1;"ince";"Thickness";"1";"none";"other";1;"gesture starts slightly earlier";"Birincisi daha bir ilerleme var daha ince oldugu icin";"";""
"1412";"7";"00:19:23.121";"Turkish";"S-T";13;2;"kalin";"Thickness";"1";"none";"other";1;"";"Ikincisi daha b√∂yle kalin";"";""
"1415";"7";"00:20:59.232";"Turkish";"S-T";14;1;"yuksek";"Height";"0";"";"";NA;"";"Ikincisi daha bir yukselise geciyor daha ince oldugu icin";"yukselise = towards elevation, high (noun) + accusative case";""
"1417";"7";"00:21:13.980";"Turkish";"S-T";14;2;"kalin";"Thickness";"0";"";"";NA;"";"Birincisi daha kalin";"";""
"1421";"8";"00:00:23.859";"Turkish";"T-S";1;1;"yuksek";"Height";"0";"";"";NA;"";"Ilk √∂ncesi cok yuksek ";"";""
"1424";"8";"00:01:01.804";"Turkish";"T-S";2;1;"yuksek";"Height";"1";"vert";"flat H";1;"gesture comes after";"Ilki √∂burunden daha yuksek notta";"";""
"1428";"8";"00:01:54.829";"Turkish";"T-S";3;1;"yuksek";"Height";"1";"vert";"flat H";1;"gesture comes after";"Ama ilki hala √∂burunden daha yuksek notta";"";""
"1431";"8";"00:02:43.090";"Turkish";"T-S";4;1;"dusuk";"Height";"0";"";"";NA;"";"Birincisi erkek sesi, cok yuksek eh... pardon, cok dusuk";"";""
"1433";"8";"00:02:49.522";"Turkish";"T-S";4;2;"yuksek";"Height";"1";"vert";"flat H";1;"";"Ikincisi de kadin sesleri ve cok yuksek not";"";""
"1435";"8";"00:03:19.358";"Turkish";"T-S";5;1;"dusuk";"Height";"1";"none";"other";1;"";"Bu sefer erkek sesi hatta daha da dusuk";"";""
"1437";"8";"00:04:04.797";"Turkish";"T-S";6;1;"yuksek";"Height";"1";"vert";"flat H";2;"";"Ikincisi de cok yuksek tonda";"";""
"1441";"8";"00:04:49.779";"Turkish";"T-S";7;1;"yuksek";"Height";"1";"none";"narrow grip";1;"";"Birincisi cok yuksek tonda";"";""
"1443";"8";"00:04:52.317";"Turkish";"T-S";7;2;"yuksek";"Height";"1";"none";"narrow grip";1;"";"Iki tane kadin sesi var, cok yuksek";"";""
"1446";"8";"00:07:21.571";"Turkish";"T-S";9;1;"yuksekti";"Height";"0";"";"";NA;"";"Ama sanki kadin sesleri daha...  biraz daha yuksekti";"yuksekti = high + past tense";""
"1448";"8";"00:08:15.040";"Turkish";"T-S";10;1;"yuksek";"Height";"1";"none";"narrow grip";1;"gesture extends before and after";"Ve bu sefer kadin sesi daha cok belli oluyor, daha da cok yuksek tonlarda s√∂yluyor";"";""
"1451";"8";"00:08:51.403";"Turkish";"T-S";11;1;"dusuk";"Height";"0";"";"";NA;"";"Birisi baya dusuk tonda";"";""
"1453";"8";"00:08:56.045";"Turkish";"T-S";11;2;"yuksek";"Height";"1";"vert";"flat H";1;"";"√ñburu de cok yuksek notlarda";"";""
"1455";"8";"00:09:19.704";"Turkish";"T-S";12;1;"dusuk";"Height";"0";"";"";NA;"";"Birincisi cok dusuk s√∂yluyor";"";""
"1458";"8";"00:10:30.050";"Turkish";"T-S";13;1;"dusuk";"Height";"0";"";"";NA;"";"Ikiside baya dusuk sesle s√∂yluyor";"";""
"1460";"8";"00:10:46.737";"Turkish";"T-S";13;2;"yuksekte";"Height";"1";"vert";"narrow grip";1;"gesture starts before";"Ama birincisi sanki birazcik daha, yani bir ton daha yuksekte";"yuksekte = high + locative";""
"1462";"8";"00:10:51.125";"Turkish";"T-S";13;3;"dusukte";"Height";"1";"vert";"narrow grip";1;"";"√ñburu bir ton daha dusukte, yani daha dusuk";"dusukte = fallen + locative (incorrect)";""
"1467";"8";"00:12:03.690";"Turkish";"T-S";14;2;"dusuk";"Height";"1";"vert";"open";1;"";"Erkek sesi de cok cok dusuktu";"dusuktu = fallen + past tense";""
"1472";"8";"00:12:48.686";"Turkish";"T-S";15;2;"yuksek";"Height";"1";"none";"narrow grip";1;"";"Ikincisi √∂burunden biraz daha yuksek";"";""
"1475";"8";"00:00:39.100";"Swedish";"T-S";1;1;"högre";"Height";"1";"none";"open";1;"";"den f√∂rsta √§r lite h√∂gre √§n den andra";"";""
"1478";"8";"00:01:48.270";"Swedish";"T-S";2;1;"lägre";"Height";"1";"none";"none";1;"";"den manliga √§r mycket l√§gre √§n den kvinnliga";"";""
"1481";"8";"00:02:40.820";"Swedish";"T-S";3;1;"högre";"Height";"1";"none";"other";1;"";"den andra √§r sneppet h√∂gre";"";""
"1484";"8";"00:03:15.660";"Swedish";"T-S";4;1;"högre";"Height";"0";"";"";NA;"";"den f√∂rsta √§r l√•ngt mycket h√∂gre √§n den andra";"";""
"1487";"8";"00:05:01.710";"Swedish";"T-S";5;1;"högre";"Height";"0";"";"";NA;"";"men jag tycker nu att den kvinnliga r√∂sten ligger en ton h√∂gre √§n den manliga r√∂sten";"";""
"1490";"8";"00:05:36.860";"Swedish";"T-S";6;1;"högre";"Height";"0";"";"";NA;"";"och den andra uppfattar jag som sneppet h√∂gre √§n den andra";"";""
"1493";"8";"00:06:10.450";"Swedish";"T-S";7;1;"högt upp";"Height";"0";"";"";NA;"";"den f√∂rsta ligger ganska h√∂gt upp";"";""
"1495";"8";"00:06:18.390";"Swedish";"T-S";7;2;"högre upp";"Height";"0";"";"";NA;"";"den andra ligger √§nnu √§nnu h√∂gre upp";"";""
"1498";"8";"00:07:07.380";"Swedish";"T-S";8;1;"högre";"Height";"0";"";"";NA;"";"den kvinnliga r√∂sten ligger sneppet h√∂gre";"";""
"1501";"8";"00:07:59.610";"Swedish";"T-S";9;1;"låg";"Height";"0";"";"";NA;"";"den ena √§r . relativt set l√•g";"";""
"1503";"8";"00:08:06.130";"Swedish";"T-S";9;2;"högre";"Height";"0";"";"";NA;"";"och den andra .. √§r . h√∂gre";"";""
"1506";"8";"00:08:47.510";"Swedish";"T-S";10;1;"högt upp";"Height";"0";"";"";NA;"";"den manliga r√∂sten ligger ganska h√∂gt upp";"";""
"1508";"8";"00:09:07.810";"Swedish";"T-S";10;2;"högre";"Height";"1";"none";"flat H";1;"";"ellers s√• √§r den ett snepp h√∂gre √§n den manliga";"";""
"1511";"8";"00:10:06.810";"Swedish";"T-S";11;1;"långt ner";"Height";"0";"";"";NA;"";"den andra r√∂sten ligger j√§tte j√§tte l√•ngt ner p√• tonskalan";"";""
"1514";"8";"00:10:43.830";"Swedish";"T-S";12;1;"lägre";"Height";"1";"none";"flat H";1;"";"den f√∂rsta vill jag s√§ga √§r . ligger mycket, inte mycket l√§gre, men relativt set l√§gre √§n den andra";"";""
"1517";"8";"00:11:31.610";"Swedish";"T-S";13;1;"långt ner";"Height";"0";"";"";NA;"";"den f√∂rsta ligger ganska l√•ngt ner p√• tonskalan";"";""
"1519";"8";"00:11:37.660";"Swedish";"T-S";13;2;"högt upp";"Height";"0";"";"";NA;"";"medans den andra ligger ganska h√∂gt upp";"";""
"1522";"8";"00:12:05.640";"Swedish";"T-S";14;1;"högt upp";"Height";"0";"";"";NA;"";"f√∂rst √§r det en kvinnlig r√∂st som ligger j√§tte j√§tte h√∂gt upp";"";""
"1524";"8";"00:12:12.200";"Swedish";"T-S";14;2;"långt ner";"Height";"0";"";"";NA;"";"och () en manlig r√∂st som ligger j√§tte j√§tte l√•ngt ner";"";""
"1527";"8";"00:12:51.520";"Swedish";"T-S";15;1;"högre upp";"Height";"0";"";"";NA;"";"det h√∂rs som att den kvinnliga r√∂sten . ligger lite h√∂gre upp √§n den manliga r√∂sten";"";""
"1530";"9";"00:00:59.700";"Swedish";"S-T";1;1;"ljusare";"Brightness";"0";"";"";NA;"";"och andra ljudet √§r lite mer vad heter ljusare";"";""
"1533";"9";"00:02:11.360";"Swedish";"S-T";2;1;"ljust";"Brightness";"1";"none";"open";2;"";"eh. ganska ljust";"";""
"1535";"9";"00:02:28.800";"Swedish";"S-T";2;2;"ljus";"Brightness";"0";"";"";NA;"";"j√§tte j√§tte ljus";"";""
"1538";"9";"00:03:13.160";"Swedish";"S-T";3;1;"ljusare";"Brightness";"1";"none";"open";1;"";"och sen den andra √§r vad heter det definitivt ljusare √§n den f√∂rsta";"";""
"1541";"9";"00:04:09.140";"Swedish";"S-T";4;1;"ljusare";"Brightness";"1";"none";"open";2;"";"s√• f√∂rst vi h√∂r en lite ljusare ljud";"";""
"1543";"9";"00:04:12.170";"Swedish";"S-T";4;2;"mörka";"Brightness";"1";"vert";"open";2;"";"och sen den blir m√∂rka toner";"";""
"1546";"9";"00:05:23.940";"Swedish";"S-T";5;1;"mörk";"Brightness";"0";"";"";NA;"";"ganska m√∂rk b√•da tv√•";"";""
"1548";"9";"00:05:44.060";"Swedish";"S-T";5;2;"mörk";"Brightness";"1";"none";"other";1;"";"en ganska ganska m√∂rk bas ljud";"";""
"1551";"9";"00:06:17.840";"Swedish";"S-T";6;1;"ljusare";"Brightness";"1";"none";"open";1;"";"f√∂rsta ljudet lite ljusare liksom";"";""
"1553";"9";"00:06:25.760";"Swedish";"S-T";6;2;"mörk";"Brightness";"1";"none";"none";1;"";"ganska m√∂rk bas";"";""
"1556";"9";"00:06:49.000";"Swedish";"S-T";7;1;"ljust";"Brightness";"0";"";"";NA;"";"ljudm√§ssigt s√• √§r det ganska ljust";"";""
"1558";"9";"00:07:17.920";"Swedish";"S-T";7;2;"ljusare";"Brightness";"1";"none";"open";2;"";"f√∂rsta var lite ljusare";"";""
"1560";"9";"00:07:20.160";"Swedish";"S-T";7;3;"mörkare";"Brightness";"0";"";"";NA;"";"den andra blir lite m√∂rkare toner";"";""
"1563";"9";"00:08:06.570";"Swedish";"S-T";8;1;"mörk";"Brightness";"1";"none";"open";2;"";"d√• kommer den ljudet ongef√§r liksom en ganska manlig m√∂rk eh ljud";"";""
"1565";"9";"00:08:10.410";"Swedish";"S-T";8;2;"ljus";"Brightness";"0";"";"";NA;"";"nummer tv√• vad heter det.. √§r definitiv ljus";"";""
"1568";"9";"00:08:46.460";"Swedish";"S-T";9;1;"mörkare";"Brightness";"0";"";"";NA;"";"andra ljudet lite m√∂rkare √§n den f√∂rsta";"";""
"1571";"9";"00:10:38.620";"Swedish";"S-T";10;1;"ljusare";"Brightness";"0";"";"";NA;"";"det f√∂rsta ljudet s√• det eh definitivt ljusare √§n den andra";"";""
"1575";"9";"00:11:57.840";"Swedish";"S-T";12;1;"mörk";"Brightness";"0";"";"";NA;"";"f√∂rsta ljudet √§r ganska m√∂rk";"";""
"1579";"9";"00:13:43.300";"Swedish";"S-T";14;1;"ljus";"Brightness";"0";"";"";NA;"";"b√•da √§r ju ett ganska ljus ljud";"";""
"1581";"9";"00:13:45.800";"Swedish";"S-T";14;2;"ljus";"Brightness";"0";"";"";NA;"";"f√∂rsta √§r ganska ljus";"";""
"1583";"9";"00:13:51.780";"Swedish";"S-T";14;3;"ljusare";"Brightness";"0";"";"";NA;"";"andra √§r √§nnu ljusare";"";""
"1586";"9";"00:14:53.980";"Swedish";"S-T";15;1;"mörkt";"Brightness";"1";"none";"open";2;"";"mitt i mellan m√∂rkt";"";""
"1588";"9";"00:00:36.470";"Turkish";"S-T";1;1;"kalin";"Thickness";"1";"vert";"open";1;"";"Kalin bir ses";"";""
"1590";"9";"00:01:26.829";"Turkish";"S-T";2;1;"ince";"Thickness";"1";"none";"narrow grip";2;"";"Ikinci ses kesinlikle cok b√∂yle ince";"";""
"1592";"9";"00:02:21.298";"Turkish";"S-T";3;1;"kalin";"Thickness";"1";"none";"open";1;"";"Ikinci ses ilk sese g√∂re biraz daha kalin";"";""
"1595";"9";"00:03:12.026";"Turkish";"S-T";4;1;"kalin";"Thickness";"1";"none";"neutral grip";1;"gesture starts earlier";"Birincisi baya kalin bir ses";"";""
"1597";"9";"00:03:24.517";"Turkish";"S-T";4;2;"ince";"Thickness";"0";"";"";NA;"";"Cok baya bir ince ses";"";""
"1599";"9";"00:03:57.174";"Turkish";"S-T";5;1;"kalin";"Thickness";"0";"";"";NA;"";"Erkek sesi olan, yani ikinci duydugumuz cok kalin";"";""
"1601";"9";"00:04:45.655";"Turkish";"S-T";6;1;"kalin";"Thickness";"0";"";"";NA;"The participant misspeaks saying ""kadin"" (= woman) when he means ""kalin"" (=thick) and corrects himself. ";"Iki ses de baya kadin, iki ses... eh, kadin... kalin!";"";""
"1603";"9";"00:06:06.775";"Turkish";"S-T";7;1;"kalindi";"Thickness";"1";"none";"open";1;"gesture starts earlier";"Ikincisi baya bir kalindi";"kalindi = thick + past tense";""
"1605";"9";"00:07:29.145";"Turkish";"S-T";8;1;"kalinlikta";"Thickness";"0";"";"";NA;"";"Erkek sesi ortalarda kalinlikta yani";"";""
"1608";"9";"00:08:51.602";"Turkish";"S-T";9;1;"yukseliyor";"Height";"1";"vert";"open";1;"";"Ikiside ayni yukseliyor, ayni alcaliyor";"yukseliyor = becomes higher, present tense verb";""
"1609";"9";"00:08:52.307";"Turkish";"S-T";9;1;"alcaliyor";"Height";"0";"";"";NA;"";"Ikiside ayni yukseliyor, ayni alcaliyor";"alcaliyor = becomes lower, present tense verb";""
"1611";"9";"00:08:58.379";"Turkish";"S-T";9;2;"ince";"Thickness";"1";"none";"open";1;"";"Kadin sesi biraz daha ince oluyor";"";""
"1613";"9";"00:10:03.340";"Turkish";"S-T";10;1;"ince";"Thickness";"1";"none";"neutral grip";1;"";"Ikincisi biraz daha ince, daha bir tiz";"";""
"1616";"9";"00:10:32.391";"Turkish";"S-T";11;1;"kalin";"Thickness";"1";"none";"open";2;"gesture starts earlier";"Birinci ses baya kalin";"";""
"1618";"9";"00:10:34.902";"Turkish";"S-T";11;2;"kalin";"Thickness";"1";"none";"open";1;"gesture starts earlier";"Ama ikinci ses ona nazaran daha da kalin";"";""
"1620";"9";"00:11:27.178";"Turkish";"S-T";12;1;"ince";"Thickness";"1";"none";"open";2;"gesture starts earlier";"Ama tabii ki kadin sesi oldugu icin biraz daha ince geliyor sanki";"";""
"1622";"9";"00:12:11.516";"Turkish";"S-T";13;1;"kalin";"Thickness";"0";"";"";NA;"";"Ikiside baya kalin bir sesti";"";""
"1624";"9";"00:13:00.132";"Turkish";"S-T";14;1;"inceydi";"Thickness";"1";"none";"open";1;"gesture earlier";"Kadin sesi oldugu icin baya inceydi";"inceydi = thin + past tense";""
"1627";"9";"00:13:31.151";"Turkish";"S-T";15;1;"ince";"Thickness";"0";"";"";NA;"";"Birincisi baya ince bir sesti";"";""
"1629";"9";"00:13:35.489";"Turkish";"S-T";15;2;"kalindi";"Thickness";"1";"vert";"open";1;"gesture before";"Ikincisi ona nazaran biraz daha kalindi";"kalindi = thick + past tense";""
