"";"X.1";"X";"Participant";"Time";"Language";"Order";"Trial";"Part";"Words";"Metaphor";"Gesture";"Dimension";"Handshape";"N.Hands";"Comment";"Speech";"Grammar";"General.comments"
"1";1;3;1;"00:01:11.600";"Swedish";"S-T";1;1;"låga";"Height";"1";"vert";"flat H";1;"";"s‚àö‚Ä¢ det. .. den her f‚àö‚àÇrsta tonen tyckte jag p‚àö‚Ä¢minnde om just den h‚àö¬ßr v‚àö¬ßldigt .. l‚àö‚Ä¢ga, kommer djupt nerifr‚àö‚Ä¢n";"";"gesture changes from round to flat as she thinks of a descriptor and then says ""deep"""
"2";2;5;1;"00:01:22.050";"Swedish";"S-T";1;2;"ljusare";"Brightness";"1";"none";"flat H";1;"";"n‚àö¬ßsta tonl‚àö¬ßge skulle jag s‚àö¬ßga ‚àö¬ßr eh fortfarande i mansh‚àö‚àÇg(?) men bara det .. ‚àö¬ßr en aning ljusare";"";""
"3";3;8;1;"00:03:03.090";"Swedish";"S-T";2;1;"högre";"Height";"0";"";"";NA;"";"nog ett snep h‚àö‚àÇgre ‚àö¬ßn f‚àö‚àÇreg‚àö‚Ä¢ende";"";""
"4";4;10;1;"00:03:23.760";"Swedish";"S-T";2;2;"uppåtgående";"Height";"1";"vert";"open";1;"";"s‚àö‚Ä¢ att det ‚àö¬ßr ganska ett upp‚àö‚Ä¢tg‚àö‚Ä¢ende";"";""
"5";5;12;1;"00:03:27.970";"Swedish";"S-T";2;3;"ett snepp ner";"Height";"1";"vert";"point";1;"";"och n‚àö¬ßsta tone ‚àö¬ßr . et snep ner";"";""
"6";6;15;1;"00:04:30.400";"Swedish";"S-T";3;1;"däruppe";"Height";"0";"";"";NA;"";"lite ‚àö¬ßngelk‚àö‚àÇr, d‚àö¬ßruppe";"";""
"7";7;17;1;"00:04:54.480";"Swedish";"S-T";3;2;"droppar ner på";"Height";"1";"vert";"point";1;"";"och sen s‚àö‚Ä¢ droppar den ner p‚àö‚Ä¢ .. mansk‚àö‚àÇr";"";""
"8";8;20;1;"00:05:59.320";"Swedish";"S-T";4;1;"högre";"Height";"0";"";"";NA;"";"ett snepp h‚àö‚àÇgre";"";""
"9";9;22;1;"00:06:11.440";"Swedish";"S-T";4;2;"ner";"Height";"1";"vert";"point";1;"";"och sen tv‚àö‚Ä¢ trappsteg ner";"";""
"10";10;25;1;"00:07:08.710";"Swedish";"S-T";5;1;"mörkt";"Brightness";"1";"none";"flat H";1;"";"m‚àö‚àÇrkt mansk‚àö‚àÇr";"";""
"11";11;27;1;"00:07:27.290";"Swedish";"S-T";5;2;"ner";"Height";"1";"vert";"flat H";1;"";"sen tv‚àö‚Ä¢ trappsteg ner d‚àö¬ßrifr‚àö‚Ä¢n";"";""
"12";12;30;1;"00:08:58.460";"Swedish";"S-T";6;1;"hög";"Height";"1";"vert";"open";1;"";"... h‚àö‚àÇg ton";"";""
"13";13;32;1;"00:09:03.020";"Swedish";"S-T";6;2;"droppar";"Height";"1";"vert";"point";1;"gesture starts before";"n‚àö¬ßsta ton ‚àö¬ßr . droppar . ganska l‚àö‚Ä¢ngt ner";"";""
"14";14;35;1;"00:10:34.530";"Swedish";"S-T";7;1;"lägre";"Height";"1";"vert";"flat H";1;"";"b‚àö‚àÇrjar l‚àö¬ßgre";"";""
"15";15;37;1;"00:10:43.090";"Swedish";"S-T";7;2;"hoppar upp";"Height";"1";"vert";"point";1;"";"och sen hoppar den upp till den h‚àö¬ßr v‚àö¬ßldigt ljusa ‚àö¬ßngel liksom level om man s‚àö¬ßger";"";""
"16";16;41;1;"00:13:33.600";"Swedish";"S-T";9;1;"under";"Height";"1";"none";"flat H";1;"";"det ‚àö¬ßr ett snepp under";"";""
"17";17;43;1;"00:13:42.455";"Swedish";"S-T";9;2;"ner";"Height";"1";"vert";"flat H";1;"";"och sen n‚àö‚Ä¢gra trappsteg ner";"";""
"18";18;46;1;"00:15:05.930";"Swedish";"S-T";10;1;"låga";"Height";"1";"vert";"flat H";1;"";"den h‚àö¬ßr f‚àö‚àÇrsta tonen, tyckte jag, p‚àö‚Ä¢minnde om, just den h‚àö¬ßr . v‚àö¬ßldigt . l‚àö‚Ä¢ga";"";"as in T1, handshape changes as she decides on height metaphor"
"19";19;48;1;"00:15:15.720";"Swedish";"S-T";10;2;"ljusare";"Brightness";"1";"vert";"flat H";1;"";"n‚àö¬ßsta tonl‚àö¬ßge skulle jag s‚àö¬ßga ‚àö¬ßr . eh fortfarande () mans() .. bare det ‚àö¬ßr en aning ljusare";"";"as in T1, handshape changes as she decides on height metaphor"
"20";20;51;1;"00:16:56.640";"Swedish";"S-T";11;1;"högre";"Height";"0";"";"";NA;"";"mansk‚àö‚àÇr eh .. nog ett snepp h‚àö‚àÇgre";"";""
"21";21;53;1;"00:17:17.380";"Swedish";"S-T";11;2;"uppåtgående";"Height";"1";"vert";"open";1;"";"s‚àö‚Ä¢ att det ‚àö¬ßr ganska upp‚àö‚Ä¢tg‚àö‚Ä¢ende";"";""
"22";22;55;1;"00:17:21.710";"Swedish";"S-T";11;3;"ner";"Height";"1";"vert";"point";1;"";"och n‚àö¬ßsta ton ‚àö¬ßr ett snepp ner";"";""
"23";23;58;1;"00:18:24.180";"Swedish";"S-T";12;1;"däruppe";"Height";"0";"";"";NA;"";"lite ‚àö¬ßngelk‚àö‚àÇr, d‚àö¬ßruppe";"";""
"24";24;60;1;"00:18:48.390";"Swedish";"S-T";12;2;"droppar ner";"Height";"1";"vert";"point";1;"";"och sen . s‚àö‚Ä¢ droppar den ner p‚àö‚Ä¢ eh . mansk‚àö‚àÇr";"";""
"25";25;63;1;"00:19:53.200";"Swedish";"S-T";13;1;"högre";"Height";"0";"";"";NA;"";"ett snepp h‚àö‚àÇgre";"";""
"26";26;65;1;"00:20:05.330";"Swedish";"S-T";13;2;"ner";"Height";"1";"vert";"point";1;"";"ehh och sen tv‚àö‚Ä¢ trappsteg ner";"";""
"27";27;68;1;"00:21:02.480";"Swedish";"S-T";14;1;"mörkt";"Brightness";"1";"none";"flat H";1;"";"m‚àö‚àÇrkt mansk‚àö‚àÇr";"";""
"28";28;70;1;"00:21:21.090";"Swedish";"S-T";14;2;"ner";"Height";"1";"vert";"flat H";1;"";"sen tv‚àö‚Ä¢ trappsteg ner d‚àö¬ßrifr‚àö‚Ä¢n";"";""
"29";29;73;1;"00:22:52.360";"Swedish";"S-T";15;1;"hög";"Height";"1";"vert";"open";1;"";"och dom .. har en h‚àö‚àÇg ton";"";""
"30";30;75;1;"00:22:56.710";"Swedish";"S-T";15;2;"droppar";"Height";"1";"vert";"point";1;"gesture starts before";"och d‚àö¬ßr droppar, n‚àö¬ßsta ton ‚àö¬ßr . droppar ganska l‚àö‚Ä¢ngt ner";"";""
"31";31;79;1;"00:00:24.367";"Turkish";"S-T";1;1;"alcak";"Height";"1";"vert";"flat H";1;"";"Erkek korosunun sesi gib geldi, ortadan giriyorlar, hani fazla alcak degil, ortadan giriyorlar";"low";""
"32";32;81;1;"00:00:41.507";"Turkish";"S-T";1;2;"ustte";"Height";"1";"vert";"flat H";2;"";"Bir kac basamak ustte kadin korosu giriyor";"ustte = above + locative suffix";""
"33";33;84;1;"00:01:22.945";"Turkish";"S-T";2;1;"yuksek";"Height";"1";"vert";"point";1;"";"Tiz, ilk ses tiz. Cok yuksek.";"";""
"34";34;86;1;"00:01:31.567";"Turkish";"S-T";2;2;"dusus";"Height";"1";"vert";"point";1;"";"Ondan sonra baya bir buyuk bir dusus.";"dusus = a fall";""
"35";35;92;1;"00:03:13.323";"Turkish";"S-T";4;2;"asaya";"Height";"0";"";"";NA;"The confederate does speak before this part but only to ask which tone she is talking about regarding the participant's description in the first part. I judge this to be an independent statement.";"Ve ikinci ses bir basamak asaya";"asaya = down+dative";""
"36";36;95;1;"00:03:44.268";"Turkish";"S-T";5;1;"asaglarda";"Height";"1";"vert";"flat H";2;"";"Erkek korosu, bas, asaglarda, desem";"asaglarda = in the downs";""
"37";37;97;1;"00:04:21.630";"Turkish";"S-T";5;2;"yukseklerde";"Height";"1";"vert";"point";1;"";"Guzel ve net, acik bir kadin korosunun sesi, ama baya yukseklerde yani";"yukseklerde = in the highs";""
"38";38;101;1;"00:04:43.920";"Turkish";"S-T";6;1;"ustunde";"Height";"1";"none";"flat H";1;"";"Baya ortalarda, yani ortanin ustunde desem, erkekler icin biraz daha yuksek bir seviyede";"ustunde = above";""
"39";39;103;1;"00:04:52.853";"Turkish";"S-T";6;2;"asaya";"Height";"0";"";"";NA;"";"Ve ikinci ses ordan bir uc basamak asaya";"asaya = down+dative";""
"40";40;106;1;"00:05:43.290";"Turkish";"S-T";7;1;"yuksek";"Height";"1";"none";"flat V";1;"gesture before";"Yine melekler gibi yuksek soprano b‚àö‚àÇyle isiklardan inen birisi, kadin korosu, ilk ses";"";""
"41";41;108;1;"00:06:01.260";"Turkish";"S-T";7;2;"yukseklerdeyiz";"Height";"1";"none";"flat H";1;"";"Ikincisi ondan baya bir d‚àö‚àÇrt, bes, alti basamak... yine kadin korosu ama, yine yukseklerdeyiz, ama baya bir fark var";"yukseklerdeyiz = we are on the highs";""
"42";42;115;1;"00:07:48.247";"Turkish";"S-T";9;1;"yukseklerde";"Height";"0";"";"";NA;"";"Ilk ses daha da yukseklerde";"yukseklerde = in the highs";""
"43";43;117;1;"00:08:27.623";"Turkish";"S-T";9;2;"yukseklerde";"Height";"1";"none";"other";2;"";"Yine kadin sesi, yine yukseklerde";"yukseklerde = in the highs";""
"44";44;119;1;"00:09:17.287";"Turkish";"S-T";10;1;"yuksekte";"Height";"1";"vert";"flat H";1;"";"Bu sefer kadin korosu yuksekte, net, acik bir sesle yuksekte giriyor ";"yuksekte = high+locative";""
"45";45;122;1;"00:10:22.658";"Turkish";"S-T";11;1;"ust";"Height";"1";"vert";"flat V";1;"gesture before";"Erkek korosu... onlara g‚àö‚àÇre orta sesin biraz ustunde";"";""
"46";46;124;1;"00:10:36.592";"Turkish";"S-T";11;2;"dusuyor";"Height";"1";"vert";"point";1;"";"Ikinci ses baya bas, basa dusuyor";"dusuyor = falls, verb 3rd pers sing. present tese ";""
"47";47;127;1;"00:11:31.229";"Turkish";"S-T";12;1;"kalin";"Thickness";"n/a";"";"";NA;"";"Birinci ses cok kalin erkek sesi";"";""
"48";48;129;1;"00:12:02.367";"Turkish";"S-T";12;2;"ustunde";"Height";"1";"vert";"flat H";1;"gesture before";"Ikinci ses kadin korosu, ortanin biraz ustunde";"";""
"49";49;132;1;"00:12:51.029";"Turkish";"S-T";13;1;"kalin";"Thickness";"0";"";"";NA;"";"Erkek korosu, kalin, giris";"";""
"50";50;134;1;"00:13:05.537";"Turkish";"S-T";13;2;"kalin";"Thickness";"1";"none";"narrow grip";NA;"";"Ikinci ses yine erkek korosu kalin";"";""
"51";51;136;1;"00:13:51.936";"Turkish";"S-T";14;1;"kalin";"Thickness";"1";"vert";"flat V";1;"gesture before";"Ikinci ses erkek korosunun en kalin seslerden";"";""
"52";52;141;1;"00:14:46.150";"Turkish";"S-T";15;2;"yuksege";"Height";"1";"vert";"flat H";1;"";"Ikinci ses ondan uc d‚àö‚àÇrt basamak yuksege, daha yani yukariya";"yuksege = high+dative";""
"53";53;159;10;"00:00:20.880";"Swedish";"T-S";1;1;"mörk";"Brightness";"1";"none";"wide grip";2;"";"den f‚àö‚àÇrsta var";"";"participant consistently reverses the vertical mapping of brightness"
"54";54;162;10;"00:02:02.220";"Swedish";"T-S";2;1;"ljusare";"Brightness";"1";"vert";"flat H";1;"";"den ena var lite ljusare";"";""
"55";55;164;10;"00:02:02.970";"Swedish";"T-S";2;2;"mörkare";"Brightness";"1";"vert";"flat H";1;"see prior";"den andra var m‚àö‚àÇrkare";"";""
"56";56;167;10;"00:02:46.880";"Swedish";"T-S";3;1;"ljusare";"Brightness";"1";"vert";"other";1;"";"den f‚àö‚àÇrsta var lite mer ljusare";"";""
"57";57;169;10;"00:02:49.700";"Swedish";"T-S";3;2;"mörkare";"Brightness";"1";"none";"open";1;"";"den andra var lite m‚àö‚àÇrkare";"";""
"58";58;172;10;"00:03:27.100";"Swedish";"T-S";4;1;"ljus";"Brightness";"1";"none";"narrow grip";2;"";"den f‚àö‚àÇrsta var ljus";"";""
"59";59;174;10;"00:03:44.260";"Swedish";"T-S";4;2;"mörk";"Brightness";"1";"vert";"narrow grip";1;"";"den andra m‚àö‚àÇrk";"";""
"60";60;177;10;"00:04:12.940";"Swedish";"T-S";5;1;"mörk";"Brightness";"0";"";"";NA;"";"den f‚àö‚àÇrsta var m‚àö‚àÇrk";"";""
"61";61;179;10;"00:04:25.660";"Swedish";"T-S";5;2;"ljus";"Brightness";"0";"";"";NA;"";"medans andra var v‚àö¬ßldigt ljus";"";""
"62";62;182;10;"00:05:11.380";"Swedish";"T-S";6;1;"mörkare";"Brightness";"1";"none";"neutral grip";1;"";"den f‚àö‚àÇrsta d‚àö¬ßr var det lite mer m‚àö‚àÇrkare";"";""
"63";63;184;10;"00:05:13.860";"Swedish";"T-S";6;2;"ljusare";"Brightness";"1";"none";"narrow grip";2;"";"och den andra var lite ljusare";"";""
"64";64;187;10;"00:06:05.160";"Swedish";"T-S";7;1;"uppåt";"Height";"1";"vert";"flat V";1;"";"det stak lite mer upp‚àö‚Ä¢t";"";""
"65";65;189;10;"00:06:10.200";"Swedish";"T-S";7;2;"ner";"Height";"1";"vert";"flat H";1;"";"typ ner";"";""
"66";66;192;10;"00:07:59.980";"Swedish";"T-S";9;1;"mjuk";"Softness";"0";"";"";NA;"";"mjuk";"softness";""
"67";67;193;10;"00:08:13.560";"Swedish";"T-S";9;2;"ljusare";"Brightness";"1";"none";"narrow grip";2;"";"och lite ljusare";"";""
"68";68;196;10;"00:09:10.660";"Swedish";"T-S";10;1;"ljus";"Brightness";"1";"none";"open";2;"";"den andra var lite mer ljus";"";""
"69";69;200;10;"00:10:31.930";"Swedish";"T-S";12;1;"mörk";"Brightness";"0";"";"";NA;"";"m‚àö‚àÇrk";"";""
"70";70;203;10;"00:11:37.260";"Swedish";"T-S";13;1;"ljus";"Brightness";"1";"vert";"flat H";2;"";"den andra var m‚àö‚àÇrkare";"";""
"71";71;205;10;"00:11:41.820";"Swedish";"T-S";13;2;"mörk";"Brightness";"1";"none";"wide grip";2;"";"och den andra var m‚àö‚àÇrk";"";""
"72";72;208;10;"00:12:25.900";"Swedish";"T-S";14;1;"ljusare";"Brightness";"1";"vert";"flat H";2;"";"det ‚àö¬ßr mycket mer ljusare";"";""
"73";73;210;10;"00:12:32.480";"Swedish";"T-S";14;2;"ljusare";"Brightness";"1";"vert";"flat H";1;"gesture starts earlier";"sneppet ljusare";"";""
"74";74;213;10;"00:12:50.160";"Swedish";"T-S";15;1;"ljus";"Brightness";"1";"none";"none";2;"";"ljus r‚àö‚àÇst";"";""
"75";75;216;11;"00:00:40.560";"Swedish";"S-T";1;1;"lågt";"Height";"0";"";"";NA;"";"som ‚àö¬ßr lagom l‚àö‚Ä¢gt";"";"use of thickness in trial 7 and 8"
"76";76;219;11;"00:02:33.860";"Swedish";"S-T";2;1;"låg";"Height";"1";"vert";"flat H";1;"";"lite mer en l‚àö‚Ä¢g ( )";"";""
"77";77;223;11;"00:04:27.235";"Swedish";"S-T";4;1;"mörkaste";"Thickness";"0";"";"";NA;"";"p‚àö‚Ä¢ den f‚àö‚àÇrsta s‚àö‚Ä¢ l‚àö¬ßt det som en , den m‚àö‚àÇrkaste tonen p‚àö‚Ä¢ en piano";"";""
"78";78;225;11;"00:05:08.100";"Swedish";"S-T";4;2;"ljust";"Brightness";"1";"none";"other";2;"";"lite mer () kvinnligt ljust";"";""
"79";79;228;11;"00:05:35.880";"Swedish";"S-T";5;1;"nerförsbacke";"Height";"1";"vert";"flat H";1;"";"nerf‚àö‚àÇrsbacke";"";""
"80";80;230;11;"00:05:44.080";"Swedish";"S-T";5;2;"uppförsbacke";"Height";"1";"vert";"flat H";1;"";"den andra var mer uppf‚àö‚àÇrsbacke";"";""
"81";81;233;11;"00:06:51.700";"Swedish";"S-T";6;1;"()";"Height";"1";"vert";"flat H";1;"gesture starts before";"k‚àö¬ßnns mera som den ena ‚àö¬ßr mer ()";"";""
"82";82;235;11;"00:06:52.420";"Swedish";"S-T";6;2;"uppåt";"Height";"1";"vert";"open";2;"";"och den andra upp‚àö‚Ä¢t";"";""
"83";83;238;11;"00:07:25.280";"Swedish";"S-T";7;1;"vitgade";"Thickness";"1";"size";"open";2;"";"den ena, vitgade sig lite mer  ";"";""
"84";84;241;11;"00:08:57.890";"Swedish";"S-T";8;1;"tunn";"Thickness";"1";"none";"narrow grip";1;"";"den f‚àö‚àÇrsta var v‚àö¬ßldigt tunn";"";""
"85";85;243;11;"00:09:21.320";"Swedish";"S-T";8;2;"låg";"Height";"1";"none";"none";2;"";"l‚àö‚Ä¢g i tonen";"";""
"86";86;246;11;"00:09:57.380";"Swedish";"S-T";9;1;"mildare";"Mildness";"0";"";"";NA;"";"midlare ‚àö¬ßn det andra";"mildness";""
"87";87;250;11;"00:11:22.760";"Swedish";"S-T";11;1;"ljusa";"Brightness";"0";"";"";NA;"";"det var mer ut av den ljusa varianten";"";""
"88";88;253;11;"00:12:48.710";"Swedish";"S-T";12;1;"ljus";"Brightness";"0";"";"";NA;"";"lite ljus";"";""
"89";89;256;11;"00:13:51.390";"Swedish";"S-T";13;1;"låg";"Height";"1";"vert";"flat H";1;"";"den manliga varianten var lite mer l‚àö‚Ä¢g ()";"";""
"90";90;258;11;"00:13:58.690";"Swedish";"S-T";13;2;"högre";"Height";"1";"vert";"flat H";1;"";"och den kvinnliga var lite . h‚àö‚àÇgre";"";""
"91";91;261;11;"00:14:51.770";"Swedish";"S-T";14;1;"ljusa";"Brightness";"0";"";"";NA;"";"den ljusa varianten";"";""
"92";92;262;11;"00:15:23.900";"Swedish";"S-T";14;2;"lågt";"Height";"0";"";"";NA;"";"l‚àö‚Ä¢gt";"";""
"93";93;265;11;"00:16:03.290";"Swedish";"S-T";15;1;"ljus";"Brightness";"1";"none";"none";1;"";"den som ‚àö¬ßr ljus";"";""
"94";94;268;11;"00:16:44.850";"Swedish";"S-T";16;1;"tunn";"Thickness";"0";"";"";NA;"";"den andra var v‚àö¬ßldigt tunn";"";""
"95";95;270;11;"00:16:56.440";"Swedish";"S-T";16;2;"tunn";"Thickness";"0";"";"";NA;"";"den var ocks‚àö‚Ä¢ tunn";"";""
"96";96;272;11;"00:00:41.173";"Turkish";"S-T";1;1;"ince";"Thickness";"1";"none";"narrow grip";2;"";"Ince, cok ince ses tonuyla";"";""
"97";97;275;11;"00:01:01.911";"Turkish";"S-T";2;1;"kalin";"Thickness";"0";"";"";NA;"";"Birincisi biraz daha kalin";"";""
"98";98;277;11;"00:01:11.610";"Turkish";"S-T";2;2;"ince";"Thickness";"0";"";"";NA;"";"Ikincisi daha ince";"";""
"99";99;279;11;"00:02:23.594";"Turkish";"S-T";3;1;"kalin";"Thickness";"0";"";"";NA;"";"Ikiside ayni kalin ses";"";""
"100";100;283;11;"00:04:09.029";"Turkish";"S-T";5;1;"ince";"Thickness";"0";"";"";NA;"";"Birincisi cok ince";"";""
"101";101;285;11;"00:04:17.952";"Turkish";"S-T";5;2;"incesi";"Thickness";"1";"none";"open";1;"";"Ikincisi daha normal, ama normalin incesi";"incesi = thin + genitive case";""
"102";102;288;11;"00:06:56.033";"Turkish";"S-T";7;1;"yumsak";"Softness";"0";"";"";NA;"";"Ikincisi bir bayan sesi gibi, koro sesi gibi, yumsak ve ince";"Softness";""
"103";103;291;11;"00:07:19.345";"Turkish";"S-T";8;1;"kalin";"Thickness";"1";"none";"none";1;"";"Ikincisi cok kalin. (Confederate sneezes and ask participant to repeat and participant repeats.) Ikincisi cok kalin. ";"";""
"104";104;293;11;"00:07:29.237";"Turkish";"S-T";8;2;"ince";"Thickness";"1";"none";"none";1;"";"Birincisi daha ince";"";""
"105";105;294;11;"00:08:16.940";"Turkish";"S-T";9;1;"kalin";"Thickness";"0";"";"";NA;"";"Kalin";"";""
"106";106;297;11;"00:08:56.773";"Turkish";"S-T";10;1;"derin";"Height";"1";"vert";"flat H";2;"";"Birisi cok derin, kalin";"";""
"107";107;299;11;"00:09:02.552";"Turkish";"S-T";10;2;"ince";"Thickness";"0";"";"";NA;"";"Birisi de cok ince";"";""
"108";108;302;11;"00:09:33.730";"Turkish";"S-T";11;1;"kalin";"Thickness";"0";"";"";NA;"";"Birincisi kalin";"";""
"109";109;304;11;"00:09:35.108";"Turkish";"S-T";11;2;"ince";"Thickness";"1";"none";"narrow grip";1;"";"Ikincisi ince";"";""
"110";110;306;11;"00:10:27.045";"Turkish";"S-T";12;1;"ince";"Thickness";"0";"";"";NA;"";"Cok, cok ince degil, orta ince bir ses";"";""
"111";111;309;11;"00:12:05.457";"Turkish";"S-T";13;1;"kalin";"Thickness";"0";"";"";NA;"";"Ilki olan daha kalin olan";"";""
"112";112;311;11;"00:12:30.014";"Turkish";"S-T";13;2;"ince";"Thickness";"0";"";"";NA;"";"Ikincisi o biraz daha ince olan ses";"";""
"113";113;314;11;"00:13:10.488";"Turkish";"S-T";14;1;"ince";"Thickness";"1";"vert";"none";1;"";"Birinci ses biraz daha ince ses";"";""
"114";114;316;11;"00:13:13.343";"Turkish";"S-T";14;2;"kalin";"Thickness";"1";"none";"narrow grip";1;"";"Ikinci ses biraz daha kalin ses";"";""
"115";115;318;11;"00:14:03.338";"Turkish";"S-T";15;1;"kalin";"Thickness";"0";"";"";NA;"";"Sanki ikiside kalin ses";"";""
"116";116;320;12;"00:00:24.108";"Turkish";"T-S";1;1;"ince";"Thickness";"0";"";"";NA;"";"Gayet ince bir ses";"";""
"117";117;323;12;"00:01:03.838";"Turkish";"T-S";2;1;"kalin";"Thickness";"0";"";"";NA;"";"Ikincisi daha kalin";"";""
"118";118;325;12;"00:01:06.903";"Turkish";"T-S";2;2;"inceydi";"Thickness";"0";"";"";NA;"";"Ilki biraz daha inceydi";"inceydi = thin + past tense";""
"119";119;327;12;"00:01:33.691";"Turkish";"T-S";3;1;"yuwarlak";"Roundness";"";"";"";NA;"";"Ikincisi daha yuvarlak ama kalin";"Roundness";""
"120";120;330;12;"00:02:42.197";"Turkish";"T-S";4;1;"ince";"Thickness";"0";"";"";NA;"";"Ilki cok ince";"";""
"121";121;332;12;"00:02:51.501";"Turkish";"T-S";4;2;"kalin";"Thickness";"0";"";"";NA;"";"Ikinicisi biraz daha kalin erkek sesi";"";""
"122";122;339;12;"00:08:51.851";"Turkish";"T-S";9;1;"kalin";"Thickness";"0";"";"";NA;"";"Ilki daha kalin";"";""
"123";123;341;12;"00:08:54.361";"Turkish";"T-S";9;2;"ince";"Thickness";"0";"";"";NA;"";"Ikincisi daha ince";"";""
"124";124;344;12;"00:09:55.060";"Turkish";"T-S";10;1;"ince";"Thickness";"0";"";"";NA;"";"Bayanin sesi cok ince, gercekten ince";"";""
"125";125;346;12;"00:10:29.523";"Turkish";"T-S";10;2;"kalin";"Thickness";"0";"";"";NA;"";"Erkegin sesi daha kalin";"";""
"126";126;349;12;"00:11:38.386";"Turkish";"T-S";12;1;"kalin";"Thickness";"0";"";"";NA;"";"Ilki ikincisine bakarak biraz daha kalin";"";""
"127";127;352;12;"00:12:15.244";"Turkish";"T-S";13;1;"ince";"Thickness";"0";"";"";NA;"";"Cok ince bir bayan sesi";"";""
"128";128;354;12;"00:12:20.544";"Turkish";"T-S";13;2;"kalin";"Thickness";"0";"";"";NA;"";"Ikinci de biraz daha kalin";"";""
"129";129;356;12;"00:12:44.918";"Turkish";"T-S";14;1;"ince";"Thickness";"0";"";"";NA;"";"Ikincisi cok cok ince";"";""
"130";130;359;12;"00:13:35.702";"Turkish";"T-S";15;1;"ince";"Thickness";"0";"";"";NA;"";"Ilki bayan, cok ince sesi var";"";""
"131";131;361;12;"00:13:40.552";"Turkish";"T-S";15;2;"kalin";"Thickness";"0";"";"";NA;"";"Ikincisi erkek sesi, baya kalin bir sesi var";"";""
"132";132;364;12;"00:00:23.155";"Swedish";"T-S";1;1;"öppna";"Openness";"0";"";"";NA;"";"ganska ‚àö‚àÇppna";"openness";""
"133";133;367;12;"00:00:56.619";"Swedish";"T-S";2;1;"öppen";"Openness";"1";"size";"wide grip";2;"gesture part of next";"den f‚àö‚àÇrsta ‚àö¬ßr mer ‚àö‚àÇppen";"openness";""
"134";134;369;12;"00:00:58.091";"Swedish";"T-S";2;2;"sluts";"Openness";"1";"size";"open";2;"";"medans den andra sluts mer";"openness";""
"135";135;372;12;"00:01:08.817";"Swedish";"T-S";2;3;"uppifrån";"Height";"1";"vert";"flat H";1;"";"den andra har mer uppifr‚àö‚Ä¢n";"";""
"136";136;373;12;"00:01:09.320";"Swedish";"T-S";2;3;"ner";"Height";"1";"vert";"flat H";1;"";"";"";""
"137";137;376;12;"00:01:43.019";"Swedish";"T-S";3;1;"ljus";"Brightness";"0";"";"";NA;"";"den f‚àö‚àÇrsta har ganska ljus r‚àö‚àÇst";"";""
"138";138;378;12;"00:01:48.218";"Swedish";"T-S";3;2;"mörk";"Brightness";"0";"";"";NA;"";"medans den manliga ( ) . ganska j‚àö¬ßmn m‚àö‚àÇrk r‚àö‚àÇst";"";""
"139";139;382;12;"00:03:43.316";"Swedish";"T-S";5;1;"ner";"Height";"1";"vert";"flat H";2;"";"dom g‚àö‚Ä¢r ner fr‚àö‚Ä¢n upp‚àö‚Ä¢t";"";""
"140";140;383;12;"00:03:43.718";"Swedish";"T-S";5;1;"från uppåt";"Height";"1";"vert";"flat H";2;"";"dom g‚àö‚Ä¢r ner fr‚àö‚Ä¢n upp‚àö‚Ä¢t";"";""
"141";141;386;12;"00:04:11.872";"Swedish";"T-S";6;1;"mörkare";"Brightness";"1";"vert";"flat H";1;"";"den andra var mycket m‚àö‚àÇrkare ‚àö¬ßn den andra";"";""
"142";142;387;12;"00:04:13.305";"Swedish";"T-S";6;1;"den andra";"Brightness";"1";"none";"open";1;"";"den andra var mycket m‚àö‚àÇrkare ‚àö¬ßn den andra";"";""
"143";143;390;12;"00:04:56.433";"Swedish";"T-S";7;1;"mörkare";"Brightness";"0";"";"";NA;"";"den ‚àö¬ßr lite m‚àö‚àÇrkare";"";""
"144";144;393;12;"00:05:35.033";"Swedish";"T-S";8;1;"ljus";"Brightness";"0";"";"";NA;"";"kvinnliga ‚àö¬ßr v‚àö¬ßl lite ljus";"";""
"145";145;395;12;"00:05:48.559";"Swedish";"T-S";8;2;"ljus";"Brightness";"1";"none";"flat H";1;"gesture earlier";"den var ganska ljus f‚àö‚àÇr en mann";"";""
"146";146;398;12;"00:06:05.793";"Swedish";"T-S";9;1;"mörkare";"Brightness";"0";"";"";NA;"";"den andra ‚àö¬ßr lite m‚àö‚àÇrkare ‚àö¬ßn den f‚àö‚àÇrsta";"";""
"147";147;401;12;"00:06:43.573";"Swedish";"T-S";10;1;"ljus";"Brightness";"0";"";"";NA;"";"han hade en ganska ljus r‚àö‚àÇst";"";""
"148";148;403;12;"00:06:49.707";"Swedish";"T-S";10;2;"ljus";"Brightness";"0";"";"";NA;"";"den kvinnliga hade j‚àö¬ßtte j‚àö¬ßtte ljust r‚àö‚àÇst";"";""
"149";149;406;12;"00:07:26.500";"Swedish";"T-S";11;1;"mörkare";"Brightness";"0";"";"";NA;"";"den f‚àö‚àÇrsta har en m‚àö‚àÇrkare r‚àö‚àÇst ‚àö¬ßn vad den f‚àö‚àÇrsta har";"";""
"150";150;409;12;"00:08:43.620";"Swedish";"T-S";12;1;"öppnade upp sig";"Openness";"1";"size";"wide grip";2;"";"det var att dom ‚àö‚àÇppnade upp sig";"";""
"151";151;411;12;"00:09:10.907";"Swedish";"T-S";13;1;"öppnade upp sig";"Openness";"1";"size";"open";2;"";"( ) ‚àö‚àÇppnade upp sig";"";""
"152";152;413;12;"00:09:14.405";"Swedish";"T-S";13;2;"låg";"Height";"1";"vert";"flat H";1;"";"fr‚àö‚Ä¢n l‚àö‚Ä¢g till h‚àö‚àÇgre typ";"";""
"153";153;414;12;"00:09:15.378";"Swedish";"T-S";13;2;"högre";"Height";"1";"vert";"flat H";1;"";"fr‚àö‚Ä¢n l‚àö‚Ä¢g till h‚àö‚àÇgre typ";"";""
"154";154;417;12;"00:09:50.735";"Swedish";"T-S";14;1;"mörk";"Brightness";"0";"";"";NA;"";"manlig ganska m‚àö‚àÇrk ton";"";""
"155";155;419;12;"00:09:56.226";"Swedish";"T-S";14;2;"ljus";"Brightness";"0";"";"";NA;"";"en mer ganska ljus r‚àö‚àÇst";"";""
"156";156;422;12;"00:10:20.559";"Swedish";"T-S";15;1;"ljus";"Brightness";"0";"";"";NA;"";"den adnra ‚àö¬ßr ganska ljus r‚àö‚àÇst";"";""
"157";157;424;13;"00:00:43.620";"Swedish";"S-T";1;1;"går upp";"Height";"1";"vert";"open";2;"";"n‚àö¬ßr tonen g‚àö‚Ä¢r upp";"";"uses ""thin"" with vertical/size gestures (trial 8)"
"158";158;432;13;"00:09:35.150";"Swedish";"S-T";7;1;"smallare";"Thickness";"0";"";"";NA;"";"den andra mycket smallare ton";"";""
"159";159;434;13;"00:10:31.180";"Swedish";"S-T";8;1;"smallare";"Thickness";"1";"vert";"wide grip";2;"vert and size";"smallare ton";"";""
"160";160;438;13;"00:11:35.940";"Swedish";"S-T";10;1;"tunnare";"Thickness";"1";"vert";"open";2;"vert and size";"f‚àö‚àÇrst denna tunnare smallare";"";""
"161";161;444;13;"00:15:26.820";"Swedish";"S-T";14;1;"bastant";"Thickness";"1";"none";"open";2;"";"ena mera bastant";"";""
"162";162;445;13;"00:15:28.370";"Swedish";"S-T";14;2;"mjukare";"Softness";"1";"none";"open";2;"";"den andra lite mera mjukare";"softness";""
"163";163;449;13;"00:00:35.873";"Turkish";"S-T";1;1;"kalin";"Thickness";"1";"none";"wide grip";1;"";"Yasi buyuk olanin biraz daha sey... olgun, daha kalin";"";""
"164";164;454;13;"00:04:29.169";"Turkish";"S-T";4;1;"ince";"Thickness";"0";"";"";NA;"";"Birinci ses kadin, ince";"";""
"165";165;456;13;"00:04:30.999";"Turkish";"S-T";4;2;"kalinca";"Thickness";"1";"size";"open";2;"";"Ikinci ses erkek, biraz daha kalinca";"kalinca = thickish, thick + ish";""
"166";166;459;13;"00:07:12.012";"Turkish";"S-T";6;1;"kalin";"Thickness";"0";"";"";NA;"";"Kalin, ""bastant"" (swe) bir erkek sesi birinci";"";""
"167";167;462;13;"00:07:14.449";"Turkish";"S-T";6;2;"ince";"Thickness";"0";"";"";NA;"Attention! The word ""thin"" is not describing attributes of the woman! Both ""woman"" and ""thin"" are descriptions of the sound.";"Ikincisi de ince bir bayan";"";""
"168";168;465;13;"00:07:58.301";"Turkish";"S-T";7;1;"ince";"Thickness";"1";"none";"open";1;"";"Kadin, ince";"";""
"169";169;467;13;"00:08:10.396";"Turkish";"S-T";7;2;"kalin";"Thickness";"1";"none";"wide grip";1;"";"Yine kalin, ""bastant"" (swe)";"";""
"170";170;470;13;"00:08:37.759";"Turkish";"S-T";8;1;"kalin";"Thickness";"1";"none";"open";2;"";"Erkek ""bastant"" (swe), kalin";"";""
"171";171;472;13;"00:08:41.664";"Turkish";"S-T";8;2;"ince";"Thickness";"1";"vert";"open";1;"";"Kiz yine ??? ince, ciglik seklinde";"";""
"172";172;475;13;"00:09:13.366";"Turkish";"S-T";9;1;"kalin";"Thickness";"1";"none";"wide grip";1;"";"Bir, biraz daha orta yas, kalin";"";""
"173";173;477;13;"00:09:15.638";"Turkish";"S-T";9;2;"ince";"Thickness";"1";"none";"other";1;"";"Gencin ki biraz daha sey, ince";"";""
"174";174;481;13;"00:11:09.019";"Turkish";"S-T";10;1;"kalinca";"Thickness";"1";"none";"wide grip";1;"";"Olgun olanin sesi biraz daha kalinca gibi geliyor";"kalinca = thickish";""
"175";175;483;13;"00:11:14.623";"Turkish";"S-T";10;2;"ince";"Thickness";"1";"none";"wide grip";1;"";"Olmayanin biraz daha ince";"";""
"176";176;489;13;"00:15:02.255";"Turkish";"S-T";13;1;"kalin";"Thickness";"1";"none";"wide grip";1;"gesture slightly after";"Erkegin ki biraz daha kalin";"";""
"177";177;491;13;"00:15:03.762";"Turkish";"S-T";13;2;"ince";"Thickness";"1";"none";"neutral grip";1;"";"Kadinin ki biraz ince";"";""
"178";178;493;13;"00:17:14.272";"Turkish";"S-T";15;1;"kalinlastirilmis";"Thickness";"1";"none";"wide grip";1;"";"Ikinci seste asari yukari ayni, erkek versiyonu, daha b‚àö‚àÇyle kalinlastirilmis bir bastant...";"kalinlastirilmis = thickened + reported past tense";""
"179";179;496;14;"00:00:28.453";"Turkish";"T-S";1;1;"yuksek";"Height";"1";"vert";"open";1;"";"Yani yuksek bir tonda bir ses";"";"clear thickness gestures"
"180";180;498;14;"00:01:27.348";"Turkish";"T-S";1;2;"ince";"Thickness";"1";"size";"open";2;"";"Biri daha b‚àö‚àÇyle ince bir ses";"";"clear thickness gestures"
"181";181;500;14;"00:01:29.680";"Turkish";"T-S";1;3;"kalin";"Thickness";"1";"none";"other";2;"";"Digeri daha kalin gibi";"";"clear thickness gestures"
"182";182;502;14;"00:01:58.996";"Turkish";"T-S";2;1;"ince";"Thickness";"1";"none";"narrow grip";1;"";"Ikincisi daha ince. Birincisi, pardon, daha ince digerinden";"";""
"183";183;503;14;"00:02:02.104";"Turkish";"T-S";2;1;"ince";"Thickness";"1";"vert";"flat H";1;"";"Ikincisi daha ince. Birincisi, pardon, daha ince digerinden";"";""
"184";184;505;14;"00:03:02.841";"Turkish";"T-S";3;1;"ince";"Thickness";"1";"none";"open";1;"";"Birincisi kadin sesiydi, ince";"";""
"185";185;507;14;"00:03:52.790";"Turkish";"T-S";4;1;"ince";"Thickness";"1";"none";"narrow grip";1;"";"Ikinci ses daha ince bir ses";"";""
"186";186;509;14;"00:04:26.424";"Turkish";"T-S";5;1;"ince";"Thickness";"1";"none";"open";1;"";"Digeri kadin sesi gibi daha ince";"";""
"187";187;511;14;"00:04:52.955";"Turkish";"T-S";6;1;"inceydi";"Thickness";"0";"";"";NA;"";"Ikincisi daha inceydi";"inceydi = thin + past tense";""
"188";188;514;14;"00:05:34.886";"Turkish";"T-S";7;1;"ince";"Thickness";"1";"none";"narrow grip";2;"";"Birinci ses cok ince";"";""
"189";189;516;14;"00:05:37.205";"Turkish";"T-S";7;2;"kalin";"Thickness";"1";"none";"wide grip";1;"";"Digeri de daha kalin ??? bir ses";"";""
"190";190;519;14;"00:06:10.606";"Turkish";"T-S";8;1;"kalin";"Thickness";"1";"none";"neutral grip";1;"";"Kalin ses ikiside";"";""
"191";191;521;14;"00:06:32.259";"Turkish";"T-S";8;2;"kalin";"Thickness";"1";"none";"neutral grip";1;"";"Ikinci ses daha gur gibi, daha kalin b‚àö‚àÇyle";"";""
"192";192;524;14;"00:07:06.936";"Turkish";"T-S";9;1;"ince";"Thickness";"0";"";"";NA;"";"Ikinci ses daha ince";"";""
"193";193;526;14;"00:07:13.485";"Turkish";"T-S";9;2;"inceydi";"Thickness";"1";"none";"other";2;"";"Birincisi de ondan daha gur, ama digerlerinden daha inceydi, ortada gibi bisey";"inceydi = thin + past tense";""
"194";194;531;14;"00:08:30.670";"Turkish";"T-S";11;1;"ince";"Thickness";"1";"vert";"none";1;"";"Iki ince ses";"";""
"195";195;533;14;"00:08:47.620";"Turkish";"T-S";11;2;"ince";"Thickness";"0";"";"";NA;"";"Birincisi daha ince";"";""
"196";196;535;14;"00:09:25.302";"Turkish";"T-S";12;1;"kalin";"Thickness";"1";"none";"neutral grip";1;"";"Ikincisi daha kalin";"";""
"197";197;537;14;"00:10:12.955";"Turkish";"T-S";13;1;"kalin";"Thickness";"0";"";"";NA;"";"Ikincisi daha kalin";"";""
"198";198;540;14;"00:11:12.554";"Turkish";"T-S";14;1;"ince";"Thickness";"0";"";"";NA;"";"Birinci ses daha ince ";"";""
"199";199;542;14;"00:11:15.332";"Turkish";"T-S";14;2;"kalindi";"Thickness";"0";"";"";NA;"";"Digeri daha kalindi";"kalindi = thick + past tense";""
"200";200;545;14;"00:12:07.569";"Turkish";"T-S";15;1;"ince";"Thickness";"0";"";"";NA;"";"Ikinci ses cok daha ince";"";""
"201";201;550;14;"00:00:31.520";"Swedish";"T-S";1;1;"tjokkare";"Thickness";"1";"none";"wide grip";1;"";"mer liksom tjokkare";"";"uses thickness, also in trial 8"
"202";202;552;14;"00:02:14.740";"Swedish";"T-S";2;1;"ljusa";"Brightness";"0";"";"";NA;"";"relativt ljusa";"";""
"203";203;556;14;"00:05:14.170";"Swedish";"T-S";4;1;"ljusare";"Brightness";"0";"";"";NA;"";"den andra var mycket ljusare ‚àö¬ßn den f‚àö‚àÇrsta";"";""
"204";204;558;14;"00:05:50.800";"Swedish";"T-S";4;2;"tunnare";"Thickness";"1";"none";"narrow grip";1;"";"den f‚àö‚àÇrsta definitivt mycket tunnare ‚àö¬ßn (  ) liksom";"";""
"205";205;562;14;"00:07:41.230";"Swedish";"T-S";6;1;"ljusare";"Brightness";"0";"";"";NA;"";"den andra var ljusare ‚àö¬ßn den f‚àö‚àÇrsta";"";""
"206";206;564;14;"00:07:46.605";"Swedish";"T-S";6;2;"ljusa";"Brightness";"1";"none";"neutral grip";2;"";"b‚àö‚Ä¢da var ( ) ljusa kvinnliga toner";"";""
"207";207;567;14;"00:08:25.470";"Swedish";"T-S";7;1;"ljusare";"Brightness";"0";"";"";NA;"";"den f‚àö‚àÇrsta var ( ) ljusare ‚àö¬ßn den andra";"";""
"208";208;570;14;"00:09:24.060";"Swedish";"T-S";8;1;"ljusa";"Brightness";"0";"";"";NA;"";"det var tv‚àö‚Ä¢ ljusa r‚àö‚àÇster";"";""
"209";209;573;14;"00:10:36.510";"Swedish";"T-S";9;1;"ljusare";"Brightness";"0";"";"";NA;"";"s‚àö‚Ä¢ andra r‚àö‚àÇsten i ljudet var ljusare";"";""
"210";210;576;14;"00:11:36.350";"Swedish";"T-S";10;1;"ljusare";"Brightness";"0";"";"";NA;"";"det var ocks‚àö‚Ä¢ andra var lite ljusare ‚àö¬ßn den f‚àö‚àÇrsta";"";""
"211";211;578;14;"00:11:39.160";"Swedish";"T-S";10;2;"mörkare";"Brightness";"0";"";"";NA;"";"m‚àö‚àÇrkare liksom ( ) den f‚àö‚àÇrsta";"";""
"212";212;581;14;"00:12:15.000";"Swedish";"T-S";11;1;"ljusare";"Brightness";"0";"";"";NA;"";"f‚àö‚àÇrsta var ljusare";"";""
"213";213;583;14;"00:12:25.500";"Swedish";"T-S";11;2;"mörkare";"Brightness";"0";"";"";NA;"";"men den var i alla fall m‚àö‚àÇrkare ‚àö¬ßn den ljusa";"";""
"214";214;586;14;"00:13:20.600";"Swedish";"T-S";12;1;"ljus";"Brightness";"0";"";"";NA;"";"den f‚àö‚àÇrsta var mer ljus liksom";"";""
"215";215;588;14;"00:13:22.640";"Swedish";"T-S";12;2;"mörk";"Brightness";"0";"";"";NA;"";"den andra mer m‚àö‚àÇrk r‚àö‚àÇst";"";""
"216";216;591;14;"00:14:02.580";"Swedish";"T-S";13;1;"uppåt";"Height";"1";"vert";"flat V";1;"";"den f‚àö‚àÇrsta mer den g‚àö‚Ä¢r mer upp‚àö‚Ä¢t liksom";"";""
"217";217;593;14;"00:14:04.190";"Swedish";"T-S";13;2;"andra";"Brightness";"1";"none";"narrow grip";1;"";"i det ljusa ‚àö¬ßn den andra";"";""
"218";218;596;14;"00:15:09.650";"Swedish";"T-S";14;1;"ljusare";"Brightness";"0";"";"";NA;"";"andra var mycket ljusare r‚àö‚àÇst";"";""
"219";219;599;14;"00:16:26.420";"Swedish";"T-S";15;1;"ljusare";"Brightness";"0";"";"";NA;"";"andra var ljusare ‚àö¬ßn den f‚àö‚àÇrsta";"";""
"220";220;602;15;"00:00:24.430";"Swedish";"S-T";1;1;"ljusa";"Brightness";"0";"";"";NA;"";"det var eh v‚àö¬ßldigt ljusa kvinnliga r‚àö‚àÇster";"";""
"221";221;604;15;"00:00:33.490";"Swedish";"S-T";1;2;"ljusare";"Brightness";"1";"none";"other";1;"";"den f‚àö‚àÇrsta var lite ljusare ‚àö¬ßn den andra";"";""
"222";222;607;15;"00:01:12.790";"Swedish";"S-T";2;1;"mörka";"Brightness";"1";"none";"other";2;"";"det h‚àö¬ßr var en m‚àö‚àÇrk eller tv‚àö‚Ä¢ m‚àö‚àÇrka r‚àö‚àÇster";"";""
"223";223;609;15;"00:01:52.860";"Swedish";"S-T";3;1;"ljusa";"Brightness";"1";"none";"narrow grip";2;"";"ljusa";"";""
"224";224;611;15;"00:01:54.790";"Swedish";"S-T";3;2;"ljus";"Brightness";"1";"none";"open";1;"";"den ena var ganska ljus";"";""
"225";225;613;15;"00:01:57.710";"Swedish";"S-T";3;3;"ljusare";"Brightness";"1";"none";"open";1;"";"den andra var betydligt ljusare";"";""
"226";226;616;15;"00:02:24.210";"Swedish";"S-T";4;1;"mörk";"Brightness";"1";"size";"open";1;"hands not aligned, compare with next";"den ena var ganska m‚àö‚àÇrk";"";""
"227";227;618;15;"00:02:31.640";"Swedish";"S-T";4;2;"ljust";"Brightness";"1";"size";"open";1;"";"ganska ljust f‚àö‚àÇr en manlig r‚àö‚àÇst";"";""
"228";228;621;15;"00:03:09.090";"Swedish";"S-T";5;1;"ljus";"Brightness";"1";"none";"other";1;"";"den andra var en ganska ljus kvinnlig r‚àö‚àÇst";"";""
"229";229;624;15;"00:03:35.110";"Swedish";"S-T";6;1;"mörka";"Brightness";"1";"none";"open";2;"";"det h‚àö¬ßr var tv‚àö‚Ä¢ m‚àö‚àÇrka r‚àö‚àÇster";"";""
"230";230;626;15;"00:03:45.045";"Swedish";"S-T";6;2;"mörkare";"Brightness";"1";"none";"open";1;"";"den ena var n‚àö‚Ä¢got m‚àö‚àÇrkare ‚àö¬ßn den andra";"";""
"231";231;629;15;"00:04:15.200";"Swedish";"S-T";7;1;"ljusa";"Brightness";"1";"none";"open";2;"";"h‚àö¬ßr ‚àö¬ßr det tv‚àö‚Ä¢ ljusa r‚àö‚àÇster";"";""
"232";232;632;15;"00:04:44.090";"Swedish";"S-T";8;1;"mörk";"Brightness";"1";"size";"open";2;"";"den f‚àö‚àÇrsta ‚àö¬ßr en ganska m‚àö‚àÇrk manlig r‚àö‚àÇst";"";""
"233";233;634;15;"00:04:48.395";"Swedish";"S-T";8;2;"ljus";"Brightness";"1";"size";"open";2;"";"och den andra ‚àö¬ßr en ganska ljus kvinnlig r‚àö‚àÇst";"";""
"234";234;637;15;"00:05:19.290";"Swedish";"S-T";9;1;"ljus";"Brightness";"1";"vert";"open";1;"compare with next";"v‚àö¬ßldigt ljus kvinnor‚àö‚àÇst";"";""
"235";235;639;15;"00:05:23.550";"Swedish";"S-T";9;2;"mörk";"Brightness";"1";"vert";"flat H";1;"";"den andra en ganska m‚àö‚àÇrk";"";""
"236";236;641;15;"00:05:55.580";"Swedish";"S-T";10;1;"ljusa";"Brightness";"1";"none";"open";2;"";"ljusa";"";""
"237";237;643;15;"00:06:03.370";"Swedish";"S-T";10;2;"ljusare";"Brightness";"1";"none";"open";2;"";"det f‚àö‚àÇrsta ‚àö¬ßr n‚àö‚Ä¢got ljusare ‚àö¬ßn det andra";"";""
"238";238;644;15;"00:06:04.480";"Swedish";"S-T";10;2;"andra";"Brightness";"1";"none";"open";2;"";"det f‚àö‚àÇrsta ‚àö¬ßr n‚àö‚Ä¢got ljusare ‚àö¬ßn det andra";"";""
"239";239;647;15;"00:07:15.055";"Swedish";"S-T";11;1;"mörka";"Brightness";"1";"none";"open";2;"";"det var m‚àö‚àÇrka tv‚àö‚Ä¢ manliga m‚àö‚àÇrka r‚àö‚àÇster";"";""
"240";240;649;15;"00:07:43.710";"Swedish";"S-T";11;2;"mörkare";"Brightness";"1";"none";"flat H";1;"";"den andra ‚àö¬ßr n‚àö‚Ä¢got m‚àö‚àÇrkare ‚àö¬ßn den f‚àö‚àÇrsta";"";""
"241";241;650;15;"00:07:45.430";"Swedish";"S-T";11;2;"första";"Brightness";"1";"none";"point";1;"";"den andra ‚àö¬ßr n‚àö‚Ä¢got m‚àö‚àÇrkare ‚àö¬ßn den f‚àö‚àÇrsta";"";""
"242";242;653;15;"00:08:11.580";"Swedish";"S-T";12;1;"ljus";"Brightness";"1";"vert";"flat H";1;"";"och den andra ‚àö¬ßr en ganska ljus kvinnlig r‚àö‚àÇst";"";""
"243";243;655;15;"00:08:19.840";"Swedish";"S-T";12;2;"ljusa";"Brightness";"1";"none";"open";1;"";"utan den ‚àö¬ßr mer ‚àö‚Ä¢t det ljusa h‚àö‚Ä¢llet";"";""
"244";244;658;15;"00:08:41.270";"Swedish";"S-T";13;1;"mörkare";"Brightness";"1";"vert";"open";2;"";"lite m‚àö‚àÇrkare ‚àö¬ßn den andra";"";""
"245";245;659;15;"00:08:42.580";"Swedish";"S-T";13;1;"andra";"Brightness";"1";"none";"open";2;"";"lite m‚àö‚àÇrkare ‚àö¬ßn den andra";"";""
"246";246;661;15;"00:08:45.300";"Swedish";"S-T";13;2;"starkare";"Strength";"1";"none";"wide grip";2;"";"den f‚àö‚àÇrsta har lite starkare r‚àö‚àÇst";"strength";""
"247";247;664;15;"00:09:24.010";"Swedish";"S-T";14;1;"mörk";"Brightness";"0";"";"";NA;"";"den f‚àö‚àÇrsta ‚àö¬ßr en ganska m‚àö‚àÇrk manlig r‚àö‚àÇst";"";""
"248";248;666;15;"00:09:30.900";"Swedish";"S-T";14;2;"ljus";"Brightness";"0";"";"";NA;"";"och den andra en ganska ljus kvinnlig r‚àö‚àÇst";"";""
"249";249;669;15;"00:10:04.865";"Swedish";"S-T";15;1;"mörk";"Brightness";"1";"vert";"flat H";1;"";"m‚àö‚àÇrk m‚àö‚àÇrk r‚àö‚àÇst";"";""
"250";250;671;15;"00:10:07.945";"Swedish";"S-T";15;2;"ljus";"Brightness";"1";"vert";"flat H";1;"";"och en v‚àö¬ßldig ljus kvinnlig r‚àö‚àÇst";"";""
"251";251;675;15;"00:00:28.419";"Turkish";"S-T";1;2;"yuksek";"Height";"1";"vert";"flat H";1;"gesture slightly before";"Ikinci ses bir kadin galiba, yuksek tonda s‚àö‚àÇyluyor";"";""
"252";252;680;15;"00:01:04.053";"Turkish";"S-T";2;2;"acik";"Brightness";"1";"none";"narrow grip";1;"Participant is probably refering to ""light"" because she is contrasting this sound to a ""dark"" sound ";"Ilki ikincisinden daha acik";"acik = 1. light, 2. open";""
"253";253;684;15;"00:01:42.288";"Turkish";"S-T";3;2;"yuksek";"Height";"1";"vert";"flat H";2;"";"Ikincisiyse cok tiz bir kadin sesi, baya yuksek ve acik sesle s‚àö‚àÇyliyor";"";""
"254";254;686;15;"00:02:20.444";"Turkish";"S-T";4;1;"koyu";"Brightness";"1";"none";"open";2;"gesture starts slightly before";"Ikincisiyse erkek sesi, baya koyu";"";""
"255";255;690;15;"00:02:55.293";"Turkish";"S-T";5;2;"acik";"Brightness";"1";"none";"open";2;"";"Orta tondan biraz daha acik bir tiz bir kadin sesi";"";""
"256";256;693;15;"00:03:17.971";"Turkish";"S-T";6;1;"acik";"Brightness";"1";"none";"open";2;"";"Bu iki seste acik sesler, tiz sesler";"";""
"257";257;695;15;"00:03:25.784";"Turkish";"S-T";6;2;"acik";"Brightness";"1";"none";"open";1;"";"Ikinci ses ilk sesten daha acik ve daha tiz";"";""
"258";258;699;15;"00:04:34.874";"Turkish";"S-T";7;2;"koyu";"Brightness";"1";"none";"open";1;"";"Ilki ikincisinden bir tik daha koyu bir renk";"";""
"259";259;703;15;"00:05:25.629";"Turkish";"S-T";8;2;"acik";"Brightness";"1";"none";"open";1;"";"Ikincisi hafif tiz, hafif acik";"";""
"260";260;707;15;"00:06:02.196";"Turkish";"S-T";9;2;"acik";"Brightness";"1";"none";"open";1;"";"Ikinci seste baya baya acik bir...";"";""
"261";261;709;15;"00:07:07.150";"Turkish";"S-T";10;1;"acik";"Brightness";"1";"size";"open";2;"";"Ikiside baya acik yani,  tiz";"";""
"262";262;712;15;"00:07:23.268";"Turkish";"S-T";11;1;"koyu";"Brightness";"1";"none";"other";2;"";"Ilk ses baya baya koyu bir erkek sesi";"";""
"263";263;714;15;"00:07:32.223";"Turkish";"S-T";11;2;"acik";"Brightness";"1";"none";"open";2;"";"Ikinci ses ortadan bir tik daha acik bir kadin sesi";"";""
"264";264;716;15;"00:08:07.949";"Turkish";"S-T";12;1;"koyu";"Brightness";"1";"none";"open";1;"";"Erkek sesi biraz daha koyu";"";""
"265";265;719;15;"00:08:36.928";"Turkish";"S-T";13;1;"koyu";"Brightness";"1";"none";"narrow grip";1;"";"Ilki baya koyu bir ses";"";""
"266";266;721;15;"00:08:40.193";"Turkish";"S-T";13;2;"acik";"Brightness";"1";"none";"open";1;"";"Ikincisi o koyudan biraz daha acik bir ses";"";""
"267";267;723;15;"00:08:42.084";"Turkish";"S-T";13;3;"koyu";"Brightness";"1";"none";"open";2;"";"Ama ikiside baya koyu yani";"";""
"268";268;726;15;"00:09:18.647";"Turkish";"S-T";14;1;"koyu";"Brightness";"1";"none";"neutral grip";1;"";"Ilki koyu";"";""
"269";269;728;15;"00:09:21.770";"Turkish";"S-T";14;2;"acik";"Brightness";"1";"none";"open";2;"";"Ikincisi acik, tiz bir ses";"";""
"270";270;730;15;"00:10:09.977";"Turkish";"S-T";15;1;"acik";"Brightness";"1";"none";"open";1;"";"Ikiside acik, tiz kadin sesleri";"";""
"271";271;733;16;"00:00:47.410";"Turkish";"T-S";1;1;"inceydi";"Thickness";"1";"none";"neutral grip";2;"";"Inceden inceye dogru gidiyordu";"inceye = thin + dative";""
"272";272;735;16;"00:01:09.132";"Turkish";"T-S";2;1;"kalin";"Thickness";"1";"none";"wide grip";2;"";"Tizden kalina gecti";"kalina = thick + dative";""
"273";273;737;16;"00:01:52.871";"Turkish";"T-S";3;1;"kalin";"Thickness";"1";"none";"neutral grip";2;"gesture slightly after";"Bu da iki kalin sesti";"";""
"274";274;740;16;"00:03:08.107";"Turkish";"T-S";6;1;"kalin";"Thickness";"1";"none";"other";2;"gesture continues";"Kalin";"";""
"275";275;743;16;"00:04:00.254";"Turkish";"T-S";8;1;"kalin";"Thickness";"0";"";"";NA;"";"Tamamen ayni, iki kalin";"";""
"276";276;746;16;"00:04:29.718";"Turkish";"T-S";9;1;"inceydi";"Thickness";"1";"none";"other";2;"";"Ilk ses cok inceydi";"inceydi = thin + past tense";""
"277";277;748;16;"00:04:33.884";"Turkish";"T-S";9;2;"inceydi";"Thickness";"1";"none";"neutral grip";1;"";"Ikinci seste inceydi";"inceydi = thin + past tense";""
"278";278;750;16;"00:04:56.448";"Turkish";"T-S";10;1;"inceydi";"Thickness";"0";"";"";NA;"";"Bu ikiside b‚àö‚àÇyle inceydi";"inceydi = thin + past tense";""
"279";279;753;16;"00:05:40.607";"Turkish";"T-S";11;1;"kalin";"Thickness";"0";"";"";NA;"";"Ilki kalin";"";""
"280";280;755;16;"00:05:41.510";"Turkish";"T-S";11;2;"ince";"Thickness";"0";"";"";NA;"";"Ikincisi ince";"";""
"281";281;758;16;"00:06:12.457";"Turkish";"T-S";12;1;"kalin";"Thickness";"0";"";"";NA;"";"Biri cok kalin";"";""
"282";282;760;16;"00:06:13.064";"Turkish";"T-S";12;2;"ince";"Thickness";"0";"";"";NA;"";"Biri cok ince";"";""
"283";283;763;16;"00:06:40.985";"Turkish";"T-S";13;1;"ince";"Thickness";"1";"none";"open";2;"";"Iki b‚àö‚àÇyle ince ses";"";""
"284";284;765;16;"00:07:12.979";"Turkish";"T-S";14;1;"inceden";"Thickness";"0";"";"";NA;"";"Cok inceden cok kalina";"inceden = thin + ablative";""
"285";285;766;16;"00:07:13.733";"Turkish";"T-S";14;1;"kalina";"Thickness";"1";"vert";"wide grip";2;"gesture after";"Cok inceden cok kalina";"kalina = thick + dative";""
"286";286;769;16;"00:07:32.228";"Turkish";"T-S";15;1;"kalindan";"Thickness";"1";"vert";"open";1;"see next";"Cok kalindan cok inceye";"kalindan = thick + ablative";""
"287";287;770;16;"00:07:33.352";"Turkish";"T-S";15;1;"inceye";"Thickness";"1";"vert";"open";1;"see before";"Cok kalindan cok inceye";"inceye = thin + dative";""
"288";288;772;16;"00:07:35.193";"Turkish";"T-S";15;2;"kalin";"Thickness";"1";"vert";"open";1;"";"Ilki cok kalin";"";""
"289";289;774;16;"00:07:36.745";"Turkish";"T-S";15;3;"inceydi";"Thickness";"0";"vert";"";NA;"";"Digeri cok inceydi";"inceydi = thin + past tense";""
"290";290;776;16;"00:00:19.260";"Swedish";"T-S";1;1;"tyngre";"Mass";"1";"size";"wide grip";2;"";"lite tyngre toner";"weight";"participant uses several metaphors, e.g. brightness, thickness and height in trial 3"
"291";291;779;16;"00:00:23.130";"Swedish";"T-S";1;2;"tyngre";"Mass";"1";"none";"wide grip";1;"";"den sista var tyngre ‚àö¬ßn den f‚àö‚àÇrsta";"weight";"participant uses several metaphors, e.g. brightness, thickness and height in trial 3"
"292";292;780;16;"00:00:24.460";"Swedish";"T-S";1;2;"första";"Mass";"1";"none";"wide grip";1;"";"den sista var tyngre ‚àö¬ßn den f‚àö‚àÇrsta";"weight";"participant uses several metaphors, e.g. brightness, thickness and height in trial 3"
"293";293;782;16;"00:00:41.640";"Swedish";"T-S";2;1;"tyngre";"Mass";"1";"size";"neutral grip";2;"";"alts‚àö‚Ä¢ tyngre";"weight";""
"294";294;785;16;"00:01:05.940";"Swedish";"T-S";3;1;"ljusare";"Brightness";"1";"none";"neutral grip";2;"";"nu var det tv‚àö‚Ä¢ ljusare toner";"";""
"295";295;787;16;"00:01:12.660";"Swedish";"T-S";3;2;"tunnare";"Thickness";"1";"none";"neutral grip";1;"gesture by right hand, left belongs to next";"den sista var tunnare ‚àö¬ßn den f‚àö‚àÇrsta";"";""
"296";296;788;16;"00:01:13.840";"Swedish";"T-S";3;2;"första";"Thickness";"1";"none";"neutral grip";1;"see before";"den sista var tunnare ‚àö¬ßn den f‚àö‚àÇrsta";"";""
"297";297;791;16;"00:01:55.740";"Swedish";"T-S";4;1;"tunnaste";"Thickness";"1";"size";"narrow grip";2;"";"f‚àö‚àÇrsta var den tunnaste";"";""
"298";298;793;16;"00:02:00.980";"Swedish";"T-S";4;2;"tunn";"Thickness";"1";"none";"open";1;"";"men fortfarande tunn";"";""
"299";299;796;16;"00:02:22.120";"Swedish";"T-S";5;1;"tunn";"Thickness";"1";"none";"open";1;"";"andra tunn";"";""
"300";300;798;16;"00:03:21.170";"Swedish";"T-S";6;1;"tunna";"Thickness";"0";"";"";NA;"";"tunna";"";""
"301";301;801;16;"00:04:03.980";"Swedish";"T-S";7;1;"tyngre";"Mass";"1";"vert";"wide grip";2;"";"tv‚àö‚Ä¢ tyngre basser";"weight";""
"302";302;804;16;"00:04:43.480";"Swedish";"T-S";8;1;"tunn";"Thickness";"1";"vert";"wide grip";1;"";"en tunn";"";""
"303";303;806;16;"00:04:59.060";"Swedish";"T-S";9;1;"tunn";"Thickness";"1";"vert";"narrow grip";1;"";"en j‚àö¬ßtte tunn";"";""
"304";304;807;16;"00:05:00.140";"Swedish";"T-S";9;2;"tyngre";"Mass";"1";"vert";"wide grip";1;"gesture at the end, compare with prior";"och en j‚àö¬ßtte . eh. tyngre";"weight";""
"305";305;809;16;"00:05:23.540";"Swedish";"T-S";10;1;"tunnare";"Thickness";"1";"none";"wide grip";2;"";"en lite tunnare";"";""
"306";306;811;16;"00:05:31.690";"Swedish";"T-S";10;2;"tyngre";"Mass";"1";"none";"neutral grip";2;"gesture starts slightly before";"n‚àö‚Ä¢gon";"weight";""
"307";307;814;16;"00:06:05.300";"Swedish";"T-S";11;1;"tunnare";"Thickness";"1";"none";"narrow grip";2;"";"den f‚àö‚àÇrsta var  . tunnare";"";""
"308";308;815;16;"00:06:06.070";"Swedish";"T-S";11;2;"tyngre";"Mass";"1";"none";"neutral grip";1;"gesture left hand";"den andra lite tyngre";"weight";""
"309";309;818;16;"00:06:22.300";"Swedish";"T-S";12;1;"tunna";"Thickness";"1";"vert";"other";1;"";"tv‚àö‚Ä¢ tunna";"";""
"310";310;821;16;"00:07:04.500";"Swedish";"T-S";13;1;"tyngre";"Mass";"1";"none";"neutral grip";1;"";"lite tyngre";"weight";""
"311";311;823;16;"00:07:06.050";"Swedish";"T-S";13;2;"svagare";"Mass";"1";"vert";"neutral grip";1;"compare with prior";"och lite svagare";"strength";""
"312";312;826;16;"00:07:29.120";"Swedish";"T-S";14;1;"svaga";"Strength";"1";"vert";"narrow grip";1;"gesture sligthly after";"tv‚àö‚Ä¢ svaga tunna";"strength";""
"313";313;827;16;"00:07:33.070";"Swedish";"T-S";14;2;"tunn";"Thickness";"1";"vert";"narrow grip";1;"";"v‚àö¬ßldigt tunn";"";""
"314";314;829;16;"00:07:35.300";"Swedish";"T-S";14;3;"tunn";"Thickness";"1";"vert";"narrow grip";1;"";"och den andra eh. ocks‚àö‚Ä¢ tunn";"";""
"315";315;832;16;"00:08:12.360";"Swedish";"T-S";15;1;"smallare";"Thickness";"1";"vert";"wide grip";1;"gesture right hand";"smallare ‚àö¬ßn den andra";"";""
"316";316;833;16;"00:08:12.940";"Swedish";"T-S";15;1;"andra";"Thickness";"1";"vert";"wide grip";1;"gesture left hand";"smallare ‚àö¬ßn den andra";"";""
"317";317;849;2;"00:09:07.054";"Turkish";"T-S";6;1;"kalin";"Thickness";"1";"none";"other";1;"";"Ilki kalin";"";""
"318";318;851;2;"00:09:09.880";"Turkish";"T-S";6;2;"kalin";"Thickness";"1";"none";"wide grip";1;"";"Ikinci ondan daha baskin bir kalin";"";""
"319";319;853;2;"00:09:43.984";"Turkish";"T-S";7;1;"ince";"Thickness";"1";"none";"narrow grip";1;"";"Ilk daha b‚àö‚àÇyle bir ince bir tonda";"";""
"320";320;856;2;"00:11:54.378";"Turkish";"T-S";9;1;"ince";"Thickness";"1";"none";"neutral grip";1;"";"Daha ince";"";""
"321";321;859;2;"00:12:20.341";"Turkish";"T-S";10;1;"ince";"Thickness";"0";"";"";NA;"";"Ikiside ince";"";""
"322";322;861;2;"00:12:31.765";"Turkish";"T-S";10;2;"ince";"Thickness";"0";"";"";NA;"";"Ikinci daha b‚àö‚àÇyle bir... sey... yani hepten ince";"";""
"323";323;862;2;"00:13:00.932";"Turkish";"T-S";11;1;"kalin";"Thickness";"0";"";"";NA;"";"Kalin";"";""
"324";324;865;2;"00:13:04.370";"Turkish";"T-S";11;2;"ince";"Thickness";"0";"";"";NA;"";"Ikinci koro, ince";"";""
"325";325;867;2;"00:13:25.905";"Turkish";"T-S";12;1;"yumsak";"Softness";"1";"none";"neutral grip";1;"";"Fakat ikinci daha bir b‚àö‚àÇyle bir ""a""yi daha bir yumsak ve daha yuksek s‚àö‚àÇyluyor";"soft";""
"326";326;870;2;"00:13:52.142";"Turkish";"T-S";NA;1;"yukseliyor";"Height";"";"";"";NA;"";"Biri daha b‚àö‚àÇyle bir yukseliyor";"yukseliyor = is becoming more high / ascending";""
"327";327;872;2;"00:15:30.636";"Turkish";"T-S";14;1;"yukselis";"Height";"1";"none";"neutral grip";1;"";"Ikincide daha b‚àö‚àÇyle bir o sesten b‚àö‚àÇyle bir yukselis var";"yukselis = a rise";""
"328";328;878;2;"00:00:15.070";"Swedish";"T-S";1;1;"mörkare";"Brightness";"1";"none";"neutral grip";1;"";"ett ‚àö¬ßr m‚àö‚àÇrkare i tonen";"";""
"329";329;880;2;"00:00:19.615";"Swedish";"T-S";1;2;"mjukare";"Softness";"1";"none";"neutral grip";1;"";"medans tv‚àö‚Ä¢ ‚àö¬ßr mjukare";"softer";""
"330";330;883;2;"00:01:06.550";"Swedish";"T-S";2;1;"höjd";"Height";"1";"vert";"open";1;"";"lite mer s‚àö‚Ä¢ h‚àö¬ßr h‚àö‚àÇjd ton";"";""
"331";331;885;2;"00:01:15.930";"Swedish";"T-S";2;2;"mörkare";"Brightness";"1";"vert";"flat H";1;"";"mycket m‚àö‚àÇrkare m‚àö‚àÇrkare ton";"";""
"332";332;889;2;"00:01:34.340";"Swedish";"T-S";3;1;"starkare";"Strength";"1";"none";"neutral grip";1;"";"men ett k‚àö¬ßnns starkare ( ) (tv‚àö‚Ä¢aren)";"";""
"333";333;890;2;"00:01:35.510";"Swedish";"T-S";3;1;"?";"Strength";"1";"none";"open";1;"";"men ett k‚àö¬ßnns starkare ( ) (tv‚àö‚Ä¢aren)";"";""
"334";334;893;2;"00:02:43.210";"Swedish";"T-S";4;1;"mörkare";"Brightness";"0";"";"";NA;"";"etteren ‚àö¬ßr m‚àö‚àÇrkare i tonen (  ) (tv‚àö‚Ä¢aren)";"";""
"335";335;896;2;"00:03:58.265";"Swedish";"T-S";5;1;"(sträd)";"?";"1";"none";"other";1;"";"etteren k‚àö¬ßnns lite mer (str‚àö¬ßd) i tonen";"";""
"336";336;899;2;"00:05:20.370";"Swedish";"T-S";6;1;"mjukare";"Softness";"0";"";"";NA;"";"fast etteren ‚àö¬ßr mjukare";"";""
"337";337;903;2;"00:07:02.310";"Swedish";"T-S";8;1;"mörk";"Brightness";"0";"";"";NA;"";"etteren v‚àö¬ßldigt v‚àö¬ßldigt m‚àö‚àÇrk ton";"";""
"338";338;905;2;"00:07:10.080";"Swedish";"T-S";8;2;"ljus";"Brightness";"0";"";"";NA;"";"tv‚àö‚Ä¢aren ‚àö¬ßr v‚àö¬ßldigt v‚àö¬ßldigt ljus ton";"";""
"339";339;908;2;"00:07:33.660";"Swedish";"T-S";9;1;"ljusa";"Brightness";"1";"none";"open";2;"";"b‚àö‚Ä¢da tv‚àö‚Ä¢ ‚àö¬ßr ju . ljusa";"";""
"340";340;911;2;"00:08:17.720";"Swedish";"T-S";10;1;"ljus";"Brightness";"0";"";"";NA;"";"etteren ‚àö¬ßr v‚àö¬ßldigt v‚àö¬ßldigt ljus ";"";""
"341";341;913;2;"00:08:19.915";"Swedish";"T-S";10;2;"mörk";"Brightness";"0";"";"";NA;"";"tv‚àö‚Ä¢aren ‚àö¬ßr v‚àö¬ßldigt v‚àö¬ßldigt m‚àö‚àÇrk ton";"";""
"342";342;916;2;"00:09:05.950";"Swedish";"T-S";11;1;"höja";"Height";"1";"none";"none";1;"";"som eh h‚àö‚àÇja typ";"";""
"343";343;919;2;"00:09:46.380";"Swedish";"T-S";12;1;"mörkare";"Brightness";"0";"";"";NA;"";"fast etteren ‚àö¬ßr eh m‚àö‚àÇrkare i tonen ( )";"";""
"344";344;922;2;"00:10:18.855";"Swedish";"T-S";13;1;"ljusare";"Brightness";"0";"";"";NA;"";"tv‚àö‚Ä¢aren ‚àö¬ßr ljusare i tonen";"";""
"345";345;925;2;"00:10:51.595";"Swedish";"T-S";14;1;"ljus";"Brightness";"0";"";"";NA;"";"etteren v‚àö¬ßldigt eh ljus";"";""
"346";346;927;2;"00:10:54.825";"Swedish";"T-S";14;2;"mörk";"Brightness";"1";"vert";"neutral grip";1;"see context";"och tv‚àö‚Ä¢aren ‚àö¬ßr v‚àö¬ßldigt m‚àö‚àÇrk";"";""
"347";347;930;2;"00:11:19.225";"Swedish";"T-S";15;1;"ljusa";"Brightness";"0";"";"";NA;"";"b‚àö‚Ä¢da tv‚àö‚Ä¢ ‚àö¬ßr ljusa i tonen";"";""
"348";348;932;2;"00:11:29.580";"Swedish";"T-S";15;1;"höjer";"Height";"1";"vert";"flat H";1;"";"f‚àö‚àÇrsta h‚àö‚àÇjer";"";""
"349";349;934;2;"00:11:30.915";"Swedish";"T-S";15;2;"sänker";"Height";"1";"vert";"flat H";1;"";"tv‚àö‚Ä¢aren s‚àö¬ßnker";"";""
"350";350;937;3;"00:01:06.540";"Swedish";"S-T";1;1;"lägre";"Height";"1";"vert";"flat H";2;"";"och den f‚àö‚àÇrsta ‚àö¬ßr . ja . mycket l‚àö¬ßgre ( ), alts‚àö‚Ä¢ h‚àö¬ßr n‚àö‚Ä¢gonstans";"";""
"351";351;939;3;"00:01:12.260";"Swedish";"S-T";1;2;"högre";"Height";"1";"vert";"flat H";2;"";"och den andra liksom ( ), () sneppet h‚àö‚àÇgre";"";""
"352";352;942;3;"00:02:28.060";"Swedish";"S-T";2;1;"mörk";"Brightness";"";"";"";NA;"";"denna f‚àö‚àÇrsta var mycket mycket m‚àö‚àÇrk";"";""
"353";353;945;3;"00:03:39.500";"Swedish";"S-T";3;1;"mörk";"Brightness";"1";"vert";"flat H";2;"";"den som var typ m‚àö‚àÇrk det var den";"";""
"354";354;947;3;"00:03:44.980";"Swedish";"S-T";3;2;"ljusare";"Brightness";"1";"vert";"flat H";1;"";"mycket ljusare";"";""
"355";355;952;3;"00:04:09.640";"Swedish";"S-T";4;2;"jjust";"Brightness";"0";"";"";NA;"";"p‚àö‚Ä¢ en skala till 1, 1-10, d‚àö¬ßr 10 ‚àö¬ßr j‚àö¬ßtteljust, s‚àö‚Ä¢ var det en sekser";"";""
"356";356;954;3;"00:04:15.560";"Swedish";"S-T";4;3;"9er";"Brightness";"1";"vert";"flat H";1;"";"och den andra . var typ en 9er";"";""
"357";357;958;3;"00:05:26.660";"Swedish";"S-T";6;1;"ljus";"Brightness";"0";"";"";NA;"";"den f‚àö‚àÇrsta var v‚àö¬ßldigt ljus";"";""
"358";358;961;3;"00:06:12.740";"Swedish";"S-T";7;1;"mörkare";"Brightness";"0";"";"";NA;"";"den ena m‚àö‚àÇrkare ‚àö¬ßn den andra";"";""
"359";359;964;3;"00:07:56.080";"Swedish";"S-T";8;1;"syv-otte";"Brightness";"1";"vert";"flat H";2;"";"och sen den andra var i det h‚àö¬ßr 7-8 skalan av ljuset";"";""
"360";360;967;3;"00:08:19.840";"Swedish";"S-T";9;1;"ljusare";"Brightness";"1";"none";"other";1;"";"ljusare ( )";"";""
"361";361;969;3;"00:08:23.020";"Swedish";"S-T";9;2;"lägre";"Height";"0";"";"";NA;"";"den andra var ( ) l‚àö¬ßgre m‚àö‚àÇrk ‚àö¬ßn den som ( )";"";""
"362";362;972;3;"00:08:49.360";"Swedish";"S-T";10;1;"mörkare";"Brightness";"1";"none";"none";1;"";"och den andra r‚àö‚àÇsten var typ en m‚àö‚àÇrkare ljus";"";""
"363";363;974;3;"00:08:58.540";"Swedish";"S-T";10;2;"ljus";"Brightness";"1";"vert";"flat V";1;"see before";"och sen ljus kvinna";"";""
"364";364;978;3;"00:10:42.780";"Swedish";"S-T";12;1;"ljusa";"Brightness";"1";"none";"other";2;"";"de tv‚àö‚Ä¢ ljusa likson kvinnor‚àö‚àÇster";"";""
"365";365;981;3;"00:11:24.920";"Swedish";"S-T";13;1;"7er";"Brightness";"0";"";"";NA;"";"i m‚àö‚àÇrkhetskala typ s‚àö‚Ä¢ . en 7er p‚àö‚Ä¢ den f‚àö‚àÇrsta";"";""
"366";366;983;3;"00:11:31.440";"Swedish";"S-T";13;2;"6er";"Brightness";"1";"none";"none";2;"";"och den andra ljusa i ljusthetskala typ en 6er";"";""
"367";367;986;3;"00:12:29.310";"Swedish";"S-T";14;1;"mörk";"Brightness";"0";"";"";NA;"";"den f‚àö‚àÇrsta ‚àö¬ßr v‚àö¬ßldigt m‚àö‚àÇrk";"";""
"368";368;988;3;"00:12:50.030";"Swedish";"S-T";14;2;"högt";"Height";"1";"vert";"flat H";1;"";"och ljushetsskalan p‚àö‚Ä¢ den andra r‚àö‚àÇsten var v‚àö¬ßldigt h‚àö‚àÇgt, typ en 9er";"";""
"369";369;991;3;"00:13:09.690";"Swedish";"S-T";15;1;"ljusare";"Brightness";"0";"";"";NA;"";"fast lite ljusare";"";""
"370";370;992;3;"00:13:14.410";"Swedish";"S-T";15;2;"mörkare";"Brightness";"0";"";"";NA;"";"m‚àö‚àÇrkare";"";""
"371";371;995;3;"00:02:24.977";"Turkish";"S-T";2;1;"yukarda";"Height";"1";"vert";"flat H";1;"gesture starts earlier";"Birtanesi cok hani, degelim sekiz, yukarda b‚àö‚àÇyle gidiyor";"yukarda = high+locative";""
"372";372;999;3;"00:04:44.927";"Turkish";"S-T";3;2;"yuksek";"Height";"1";"vert";"flat H";1;"";"Cok yuksek";"";""
"373";373;1003;3;"00:07:22.648";"Turkish";"S-T";4;1;"yuksek";"Height";"1";"vert";"flat H";1;"";"Ikincisi daha cok yuksek";"";""
"374";374;1005;3;"00:07:25.238";"Turkish";"S-T";4;2;"asarda";"Height";"1";"vert";"flat H";1;"";"Birincisi biraz asarda";"asarda = down + locative";""
"375";375;1015;3;"00:12:29.469";"Turkish";"S-T";6;2;"yukarda";"Height";"1";"vert";"flat H";1;"";"Ikinci ses cok cok cok yukarda";"yukarda = above /high + locative";""
"376";376;1017;3;"00:13:20.186";"Turkish";"S-T";7;1;"usttunde";"Height";"1";"none";"flat H";2;"";"‚àö√±busu tam ustunde";"ustunde = above + poss+locative";""
"377";377;1022;3;"00:14:40.812";"Turkish";"S-T";8;2;"yuksek";"Height";"1";"vert";"flat H";2;"";"Ama yuksek biraz";"";""
"378";378;1032;3;"00:15:47.194";"Turkish";"S-T";10;1;"asarda";"Height";"1";"none";"flat H";2;"";"Bir tane biraz asarda ses, kadin sesi";"asarda = down + locative";""
"379";379;1034;3;"00:15:50.600";"Turkish";"S-T";10;2;"yuksek";"Height";"1";"none";"flat H";2;"";"Bir tanesi biraz yuksek kadin sesi";"";""
"380";380;1039;3;"00:16:46.671";"Turkish";"S-T";11;2;"yuksek";"Height";"1";"vert";"flat H";1;"gesture starts earlier";"‚àö√±busu kadin ve yuksek";"";""
"381";381;1041;3;"00:17:48.550";"Turkish";"S-T";12;1;"asada";"Height";"1";"vert";"flat H";1;"gesture starts earlier";"Bir cok, cok, cok cok hani asarda, buyuk bir ""proffesional"" (eng) adam";"asarda = down + locative";""
"382";382;1046;4;"00:00:37.146";"Turkish";"T-S";1;1;"yuksekti";"Height";"1";"none";"open";2;"";"Ilk ses biraz daha yuksekti ";"yuksekti = high + past tense";""
"383";383;1048;4;"00:00:40.668";"Turkish";"T-S";1;2;"inceydi";"Thickness";"1";"none";"open";2;"";"Ikinci ses daha b‚àö‚àÇyle inceydi";"inceydi = thin + past tense";""
"384";384;1050;4;"00:01:17.420";"Turkish";"T-S";2;1;"kalin";"Thickness";"1";"size";"open";2;"";"Ilki b‚àö‚àÇyle daha kalin sesliydi";"";""
"385";385;1052;4;"00:03:00.022";"Turkish";"T-S";3;1;"inceydi";"Thickness";"1";"none";"other";2;"The confederate asked about what quality the first sound had, they then listened to the recordings again and this was the participant's reply. You might want to exclude this part. ";"Kalitesi inceydi";"inceydi = thin + past tense";""
"386";386;1056;4;"00:04:45.141";"Turkish";"T-S";5;1;"ince";"Thickness";"1";"size";"open";2;"";"Ilki ince sesli ama net";"";""
"387";387;1058;4;"00:04:48.710";"Turkish";"T-S";5;2;"ince";"Thickness";"1";"none";"open";2;"";"Ikincisi de ayni ince sesli ama biraz daha b‚àö‚àÇyle bagirarak sanki s‚àö‚àÇyluyor";"";""
"388";388;1066;4;"00:11:53.518";"Turkish";"T-S";11;1;"kalindi";"Thickness";"1";"none";"other";2;"";"Erkegin sesi daha b‚àö‚àÇyle kalindi";"kalindi = thick + past tense";""
"389";389;1068;4;"00:11:57.010";"Turkish";"T-S";11;2;"inceydi";"Thickness";"0";"";"";NA;"";"Kizin sesi daha inceydi";"inceydi = thin + past tense";""
"390";390;1070;4;"00:12:32.562";"Turkish";"T-S";12;1;"kalindi";"Thickness";"0";"";"";NA;"";"Biraz kalindi sesleri";"kalindi = thick + past tense";""
"391";391;1072;4;"00:12:45.314";"Turkish";"T-S";13;1;"kalin";"Thickness";"0";"";"";NA;"";"Ilki erkekti, kalin sesli";"";""
"392";392;1075;4;"00:13:33.791";"Turkish";"T-S";14;1;"kalindi";"Thickness";"1";"size";"open";2;"";"Ilkinin sesi kalindi";"kalindi = thick + past tense";""
"393";393;1077;4;"00:13:36.073";"Turkish";"T-S";14;2;"inceydi";"Thickness";"1";"none";"open";2;"";"Digerinin cok daha farkli, inceydi";"inceydi = thin + past tense";""
"394";394;1079;4;"00:14:05.663";"Turkish";"T-S";15;1;"ince";"Thickness";"0";"";"";NA;"";"Kadindi, cok ince sesli";"";""
"395";395;1081;4;"00:00:23.100";"Swedish";"T-S";1;1;"?";"?";"1";"size";"neutral grip";2;"";"?";"";""
"396";396;1084;4;"00:01:14.500";"Swedish";"T-S";2;1;"grova";"Roughness";"1";"size";"neutral grip";2;"";"dom var mer s‚àö‚Ä¢ d‚àö¬ßr grova i r‚àö‚àÇsten";"roughness";""
"397";397;1086;4;"00:01:19.550";"Swedish";"T-S";2;2;"mildere";"Mildness";"1";"size";"neutral grip";2;"";"dom var mycket mildere i r‚àö‚àÇsten";"roughness";""
"398";398;1090;4;"00:02:23.150";"Swedish";"T-S";4;1;"grova";"Roughness";"1";"none";"open";2;"";"dom var begge grova i r‚àö‚àÇsten";"roughness";""
"399";399;1094;4;"00:04:11.500";"Swedish";"T-S";6;1;"hög";"Height";"1";"vert";"flat V";2;"";"begge tv‚àö‚Ä¢ var kvinnor, den f‚àö‚àÇrsta var lite mer pippiga och liksom lite h‚àö‚àÇg ljud";"";""
"400";400;1096;4;"00:04:13.800";"Swedish";"T-S";6;2;"mildere";"Mildness";"1";"none";"other";2;"";"den andra var lite mer mildere och hade samma ton hela tiden";"";""
"401";401;1099;4;"00:05:01.175";"Swedish";"T-S";7;1;"hög";"Height";"1";"vert";"flat H";1;"";"den f‚àö‚àÇrsta var en kvinlig som hade v‚àö¬ßldigt pipig r‚àö‚àÇst och v‚àö¬ßldigt h‚àö‚àÇg";"";""
"402";402;1103;4;"00:06:20.280";"Swedish";"T-S";9;1;"mild";"Mildness";"1";"hori";"flat H";2;"";"och den var mild och j‚àö¬ßmn i tonen";"roughness";""
"403";403;1107;4;"00:07:49.500";"Swedish";"T-S";11;1;"mild";"Mildness";"0";"";"";NA;"";"den f‚àö‚àÇrsta var lite mer mild";"roughness";""
"404";404;1109;4;"00:07:52.550";"Swedish";"T-S";11;2;"grov";"Roughness";"0";"";"";NA;"";"och den andra var lite mer grov och pipig";"roughness";""
"405";405;1112;4;"00:08:28.450";"Swedish";"T-S";12;1;"mild";"Mildness";"0";"";"";NA;"";"en kvinna, med mild och j‚àö¬ßmn r‚àö‚àÇst hela tiden'";"roughness";""
"406";406;1117;5;"00:01:32.840";"Swedish";"S-T";1;1;"lägre";"Height";"1";"vert";"flat H";1;"";"det ‚àö¬ßr samma fast lite l‚àö¬ßgre";"";""
"407";407;1122;5;"00:03:23.920";"Swedish";"S-T";4;1;"mörk";"Brightness";"1";"none";"none";1;"";"(   ) j‚àö¬ßtte j‚àö¬ßtte m‚àö‚àÇrk basr‚àö‚àÇst";"";""
"408";408;1125;5;"00:04:22.360";"Swedish";"S-T";5;1;"mjuk";"Softness";"1";"none";"open";2;"";"den andra ‚àö¬ßr maskulin men m‚àö‚àÇrk";"softness";""
"409";409;1130;5;"00:06:27.520";"Swedish";"S-T";8;1;"högre";"Height";"1";"vert";"flat H";1;"";"den andra var () det mer h‚àö‚àÇger klang";"";""
"410";410;1134;5;"00:07:20.500";"Swedish";"S-T";10;1;"låg";"Height";"0";"";"";NA;"";"samma tonart, lite l‚àö‚Ä¢g";"";""
"411";411;1137;5;"00:07:52.680";"Swedish";"S-T";11;1;"skarpare";"Sharpness";"0";"";"";NA;"";"h‚àö¬ßr var ju andra tonen ehh s‚àö‚Ä¢n lite 8) skarpare";"sharpness";""
"412";412;1140;5;"00:08:21.520";"Swedish";"S-T";12;1;"djupare";"Height";"0";"";"";NA;"";"den andra var lite djupare";"";""
"413";413;1143;5;"00:08:56.830";"Swedish";"S-T";13;1;"högre";"Height";"0";"";"";NA;"";"den f‚àö‚àÇrsta var lite h‚àö‚àÇgre";"";""
"414";414;1146;5;"00:09:45.480";"Swedish";"S-T";14;1;"låg";"Height";"0";"";"";NA;"";"den f‚àö‚àÇrsta var lite . alts‚àö‚Ä¢ . l‚àö‚Ä¢g p‚àö‚Ä¢ et jobbigt s‚àö¬ßtt";"";""
"415";415;1148;5;"00:09:57.360";"Swedish";"S-T";14;2;"låg";"Height";"0";"";"";NA;"";"och den andrea var . ( ) l‚àö‚Ä¢g ton";"";""
"416";416;1150;5;"00:10:33.680";"Swedish";"S-T";15;1;"högre";"Height";"1";"none";"open";1;"";"h‚àö‚àÇgre";"";""
"417";417;1155;5;"00:02:29.707";"Turkish";"S-T";3;1;"yuksek";"Height";"1";"vert";"flat H";1;"";"Ilki biraz daha yuksek, tiz bir ses yani";"";""
"418";418;1157;5;"00:02:49.967";"Turkish";"S-T";4;1;"yuksek";"Height";"1";"vert";"flat H";1;"gesture before";"Ikincisi dedigimiz gibi o yuksek seviyede bir disi sesi";"";""
"419";419;1160;5;"00:04:48.509";"Turkish";"S-T";6;1;"yuksek";"Height";"1";"vert";"open";1;"gesture starts before";"Ya bayan, ya kastrat, yuksek oktavli bir ses";"";""
"420";420;1162;5;"00:05:21.854";"Turkish";"S-T";7;1;"yuksek";"Height";"1";"vert";"open";1;"gesture slightly later";"Ikincisi kesinlikle bir bayan ama biraz daha yuksek bir oktavda bir ses";"";""
"421";421;1171;5;"00:09:17.804";"Turkish";"S-T";13;1;"yuksek";"Height";"1";"vert";"flat H";1;"";"Ikincisi daha yuksek bir tonda";"";""
"422";422;1177;6;"00:00:24.848";"Turkish";"T-S";1;1;"yuksek";"Height";"1";"vert";"flat H";1;"";"Biri daha yuksek";"";""
"423";423;1179;6;"00:00:25.907";"Turkish";"T-S";1;2;"asagda";"Height";"1";"vert";"flat H";1;"";"Biri daha asarda";"asagda = down + locative";""
"424";424;1182;6;"00:00:45.278";"Turkish";"T-S";2;1;"asagda";"Height";"0";"";"";NA;"";"Biri asagda basladi";"asagda = down + locative";""
"425";425;1184;6;"00:00:46.951";"Turkish";"T-S";2;2;"yuksek";"Height";"0";"";"";NA;"";"Ikincisi daha yuksek";"";""
"426";426;1187;6;"00:02:43.509";"Turkish";"T-S";3;1;"yuksekti";"Height";"1";"vert";"flat H";1;"";"Ikiside cok yuksekti";"yuksekti = high + past tense";""
"427";427;1189;6;"00:02:46.845";"Turkish";"T-S";3;2;"yuksekti";"Height";"1";"vert";"open";1;"";"Ama ikincisi tam yuksekti";"yuksekti = high + past tense";""
"428";428;1192;6;"00:03:02.033";"Turkish";"T-S";4;1;"yuksekti";"Height";"1";"vert";"other";1;"";"Birincisi yuksekti";"yuksekti = high + past tense";""
"429";429;1194;6;"00:03:07.169";"Turkish";"T-S";4;2;"asardaydi";"Height";"1";"vert";"flat H";1;"";"Eh... Ikincisi baya... eh... daha asardaydi";"asardaydi = down + locative + past tense";""
"430";430;1197;6;"00:03:53.367";"Turkish";"T-S";5;1;"yuksekti";"Height";"1";"vert";"flat H";1;"";"Kadin sesi yuksekti";"yuksekti = high + past tense";""
"431";431;1199;6;"00:03:56.402";"Turkish";"T-S";5;2;"asardaydi";"Height";"1";"vert";"flat H";1;"gesture starts earlier";"Erkek sesi asardaydi";"asardaydi = down + locative + past tense";""
"432";432;1202;6;"00:04:17.274";"Turkish";"T-S";6;1;"asagda";"Height";"1";"vert";"flat H";1;"";"Erkek sesiyle basladi ama cok asarda yani";"asagda = down + locative";""
"433";433;1204;6;"00:04:22.466";"Turkish";"T-S";6;2;"yuksekti";"Height";"1";"vert";"flat H";1;"";"Kadin sesi, b‚àö‚àÇyle orta ton, yuksekti ama o kadarda yuksek eskisi gibi degildi";"yuksekti = high + past tense";""
"434";434;1214;6;"00:05:23.555";"Turkish";"T-S";8;2;"yuksekte";"Height";"1";"vert";"flat H";1;"";"Ondan sonra kadin sesi, cok yuksekte";"yuksekte = high + locative";""
"435";435;1219;6;"00:05:57.662";"Turkish";"T-S";10;1;"yuksekteydi";"Height";"1";"vert";"flat H";1;"";"Ilk yuksekteydi";"yuksekteydi = high + locative + past tense";""
"436";436;1226;6;"00:06:20.211";"Turkish";"T-S";11;2;"asagdaydi";"Height";"1";"vert";"flat H";1;"";"‚àö√±burusu baya asagdaydi";"asagdaydi = down + locative + past tense";""
"437";437;1231;6;"00:07:01.374";"Turkish";"T-S";12;2;"yuksekteydi";"Height";"1";"vert";"flat H";1;"";"Ikincisi erkek sesi, bence biraz yuksekteydi";"yuksekteydi = high + locative + past tense";""
"438";438;1234;6;"00:07:26.443";"Turkish";"T-S";13;1;"yuksek";"Height";"0";"";"";NA;"";"Birincisi kadin sesi, yuksek tonda";"";""
"439";439;1239;6;"00:08:21.912";"Turkish";"T-S";14;1;"alcak";"Height";"1";"vert";"flat H";1;"";"Zannediyorum kadin sesi asag.. alcak tonda yani";"";""
"440";440;1241;6;"00:08:25.375";"Turkish";"T-S";14;2;"yuksek";"Height";"1";"vert";"flat H";1;"";"Ikincisi gene kadin sesi, yuksek tondaydi";"";""
"441";441;1246;6;"00:09:00.813";"Turkish";"T-S";15;2;"asagda";"Height";"1";"vert";"flat H";1;"";"Ikincisi erkek sesi, cok asagda ton... alcak tonda yani";"asagda = down + locative";""
"442";442;1249;6;"00:00:59.040";"Swedish";"T-S";1;1;"låg";"Height";"1";"vert";"flat H";1;"";"den andra var ganska l‚àö‚Ä¢g";"";""
"443";443;1252;6;"00:01:19.260";"Swedish";"T-S";2;1;"hög";"Height";"1";"vert";"flat H";1;"gesture earlier";"den andra var . h‚àö‚àÇg";"";""
"444";444;1255;6;"00:01:41.530";"Swedish";"T-S";3;1;"högre";"Height";"1";"vert";"flat H";1;"gesture earlier";"och den andra var en mannlig, kanske n‚àö‚Ä¢got h‚àö‚àÇgre";"";""
"445";445;1258;6;"00:02:01.350";"Swedish";"T-S";4;1;"hög";"Height";"0";"";"";NA;"";"och den andra en ganska h‚àö‚àÇg kvinlig r‚àö‚àÇst";"";""
"446";446;1261;6;"00:02:25.040";"Swedish";"T-S";5;1;"låg";"Height";"1";"none";"open";1;"";"kvinlig i s‚àö‚Ä¢ fall l‚àö‚Ä¢g";"";""
"447";447;1263;6;"00:02:27.280";"Swedish";"T-S";5;2;"hög";"Height";"0";"";"";NA;"";"den andra en kvinlig ganska h‚àö‚àÇg";"";""
"448";448;1266;6;"00:02:41.870";"Swedish";"T-S";6;1;"hög";"Height";"0";"";"";NA;"";"denna f‚àö‚àÇrsta ‚àö¬ßr j‚àö¬ßtte h‚àö‚àÇg";"";""
"449";449;1269;6;"00:03:00.820";"Swedish";"T-S";7;1;"hög";"Height";"0";"";"";NA;"";"den f‚àö‚àÇrsta . kvinnlig r‚àö‚àÇst ganska h‚àö‚àÇg";"";""
"450";450;1271;6;"00:03:04.880";"Swedish";"T-S";7;2;"låg";"Height";"0";"";"";NA;"";"och den andra var en manlig eh v‚àö¬ßldigt l‚àö‚Ä¢g";"";""
"451";451;1275;6;"00:03:39.440";"Swedish";"T-S";9;1;"hög";"Height";"0";"";"";NA;"";"den f‚àö‚àÇrsta ‚àö¬ßr . h‚àö‚àÇg";"";""
"452";452;1277;6;"00:03:42.210";"Swedish";"T-S";9;2;"låg";"Height";"0";"";"";NA;"";"den andra var eh . l‚àö‚Ä¢g";"";""
"453";453;1280;6;"00:04:45.400";"Swedish";"T-S";10;1;"högre";"Height";"1";"vert";"flat H";1;"";"n‚àö‚Ä¢got h‚àö‚àÇgre ‚àö¬ßn mitten";"";""
"454";454;1283;6;"00:05:08.720";"Swedish";"T-S";11;1;"ovanför";"Height";"0";"";"";NA;"";"den f‚àö‚àÇrsta ligger ovanf‚àö‚àÇr mitten";"";""
"455";455;1285;6;"00:05:10.650";"Swedish";"T-S";11;2;"lägre ner";"Height";"1";"vert";"flat H";1;"";"den andra l‚àö¬ßgre ner";"";""
"456";456;1288;6;"00:05:47.060";"Swedish";"T-S";12;1;"lägre";"Height";"1";"vert";"flat H";1;"";"den andra kanske n‚àö‚Ä¢got l‚àö¬ßgre";"";""
"457";457;1291;6;"00:06:08.085";"Swedish";"T-S";13;1;"lågt";"Height";"1";"vert";"flat H";1;"";"jag tror den f‚àö‚àÇrsta ‚àö¬ßr en kvinnlig r‚àö‚àÇst ganska l‚àö‚Ä¢gt  ";"";""
"458";458;1293;6;"00:06:09.840";"Swedish";"T-S";13;2;"hög";"Height";"1";"vert";"flat H";1;"";"den andra var en kvinnlig h‚àö‚àÇg";"";""
"459";459;1296;6;"00:07:11.440";"Swedish";"T-S";14;1;"hög";"Height";"0";"";"";NA;"";"och den andra ‚àö¬ßr j‚àö¬ßtteh‚àö‚àÇg";"";""
"460";460;1299;6;"00:07:34.030";"Swedish";"T-S";15;1;"under";"Height";"1";"none";"other";1;"";"den kvinnliga r‚àö‚àÇst den ligger under .. alts‚àö‚Ä¢ eh . den ‚àö¬ßr l‚àö‚Ä¢g";"";""
"461";461;1301;6;"00:07:41.830";"Swedish";"T-S";15;2;"låg";"Height";"1";"vert";"flat H";1;"gesture earlier";"den manliga ‚àö¬ßr verkligen . l‚àö‚Ä¢g";"";""
"462";462;1304;7;"00:00:47.200";"Swedish";"S-T";1;1;"mjukare";"Softness";"0";"";"";NA;"is length used for pitch by this particiopant?";"ehh.. lite lite mjukare i sitt intro";"softness";""
"463";463;1307;7;"00:01:16.000";"Swedish";"S-T";2;1;"djupare";"Height";"1";"vert";"open";2;"";"f‚àö‚àÇrsta introt ‚àö¬ßr mycket djupare";"";""
"464";464;1308;7;"00:01:24.200";"Swedish";"S-T";2;2;"djupare";"Height";"1";"vert";"open";2;"";"lite djupare s‚àö‚Ä¢";"";""
"465";465;1312;7;"00:02:21.540";"Swedish";"S-T";3;1;"djup";"Height";"1";"vert";"flat H";1;"";"den b‚àö‚àÇrjar djup";"";""
"466";466;1316;7;"00:05:22.550";"Swedish";"S-T";5;1;"upp och ner";"Height";"1";"vert";"open";1;"";"stikker upp och ner";"";""
"467";467;1318;7;"00:05:55.570";"Swedish";"S-T";5;2;"mjukare";"Softness";"1";"none";"narrow grip";1;"";"mycket mjukare liksom";"softness";""
"468";468;1321;7;"00:06:49.330";"Swedish";"S-T";6;1;"stiger";"Height";"1";"vert";"flat H";1;"length";"det stiger";"";""
"469";469;1324;7;"00:08:37.420";"Swedish";"S-T";7;1;"djup";"Height";"1";"none";"open";2;"";"djup ton";"";""
"470";470;1326;7;"00:08:52.980";"Swedish";"S-T";7;2;"djupare";"Height";"1";"none";"open";2;"";"lite djupare";"";""
"471";471;1329;7;"00:09:59.782";"Swedish";"S-T";8;1;"ljusare";"Brightness";"1";"none";"other";1;"";"men det ‚àö¬ßr ljusare skala p‚àö‚Ä¢ den";"";""
"472";472;1331;7;"00:10:05.105";"Swedish";"S-T";8;2;"mörkare";"Brightness";"1";"none";"open";1;"";"medans den andra ‚àö¬ßr m‚àö‚àÇrkare";"";""
"473";473;1334;7;"00:11:02.930";"Swedish";"S-T";9;1;"mörkare";"Brightness";"0";"";"";NA;"";"s‚àö‚Ä¢ mycket m‚àö‚àÇrkare";"";""
"474";474;1336;7;"00:11:40.210";"Swedish";"S-T";9;2;"mjukare";"Softness";"1";"size";"open";2;"";"mycket mjukare";"softness";""
"475";475;1339;7;"00:13:36.755";"Swedish";"S-T";10;1;"mörk";"Brightness";"1";"none";"open";2;"length";"samma bas och samma m‚àö‚àÇrk";"";""
"476";476;1342;7;"00:14:17.540";"Swedish";"S-T";11;1;"mörk";"Brightness";"0";"";"";NA;"length";"f‚àö‚àÇrsta ‚àö¬ßr v‚àö¬ßldigt kort och v‚àö¬ßldigt m‚àö‚àÇrk";"";""
"477";477;1344;7;"00:14:25.760";"Swedish";"S-T";11;2;"mjukare";"Softness";"0";"";"";NA;"length";"nummer tv‚àö‚Ä¢ ‚àö¬ßr mer eh.. extended alts‚àö‚Ä¢ lite mer utdragen, och mycket mjukare";"softness";""
"478";478;1348;7;"00:18:01.820";"Swedish";"S-T";13;1;"ljus";"Brightness";"0";"";"";NA;"";"den ‚àö¬ßr ljus";"";""
"479";479;1349;7;"00:18:21.850";"Swedish";"S-T";13;2;"mjukare";"Softness";"0";"";"";NA;"";"mjukare";"softness";""
"480";480;1352;7;"00:19:42.250";"Swedish";"S-T";14;1;"djupt";"Height";"0";"";"";NA;"";"mer djupt";"";""
"481";481;1355;7;"00:23:28.800";"Swedish";"S-T";15;1;"mjukt";"Softness";"0";"";"";NA;"";"kan man uppleva det v‚àö¬ßldigt kanske mjukt";"softness";""
"482";482;1358;7;"00:00:47.721";"Turkish";"S-T";1;1;"yukseliyor";"Height";"0";"";"";NA;"";"Birincisi yukseliyor";"yukseliyor = getting higher / ascending";""
"483";483;1360;7;"00:00:50.996";"Turkish";"S-T";1;2;"batiyor";"Height";"0";"";"";NA;"";"Ikincisi biraz daha batiyor gibi yani";"batiyor = sinks / falls";""
"484";484;1365;7;"00:02:32.178";"Turkish";"S-T";2;2;"yukari";"Height";"1";"vert";"flat H";1;"";"Ikinici sekvens (swe) te biraz daha eh... ses biraz daha sey oluyor yani, biraz daha... yukari dogru yani veriyor kendini";"";""
"485";485;1367;7;"00:03:31.293";"Turkish";"S-T";3;1;"kalin";"Thickness";"0";"";"";NA;"";"Birincisi cok... ehm... Nasil diyeyim... daha kalin ikincisinden";"";""
"486";486;1370;7;"00:04:50.342";"Turkish";"S-T";4;1;"ince";"Thickness";"0";"";"";NA;"";"Birincisi cok eh... cok, cok, cok, cok, cok b‚àö‚àÇyle eh... yani ince, cok ince";"";""
"487";487;1372;7;"00:05:10.438";"Turkish";"S-T";4;2;"kalin";"Thickness";"1";"none";"neutral grip";1;"";"Ikincisi daha kalin";"";""
"488";488;1377;7;"00:06:16.318";"Turkish";"S-T";5;2;"iniyor";"Height";"1";"vert";"other";1;"gesture coupled with one that starts earlier";"Digeri biraz daha iniyor";"iniyor = to go down/descend, present tense";""
"489";489;1380;7;"00:07:00.796";"Turkish";"S-T";6;1;"kalin";"Thickness";"0";"";"";NA;"";"Biri, birincisi daha kalin";"";""
"490";490;1382;7;"00:07:48.950";"Turkish";"S-T";6;2;"yukselme";"Height";"1";"vert";"other";1;"";"Daha yani bir yukselme yapiyor";"yukselme = a rise / ascention ";""
"491";491;1384;7;"00:09:14.176";"Turkish";"S-T";7;1;"koyu";"Brightness";"1";"none";"other";1;"";"Ikincisi biraz daha koyu";"";""
"492";492;1387;7;"00:11:11.992";"Turkish";"S-T";8;1;"ince";"Thickness";"0";"";"";NA;"";"Birincisi daha b‚àö‚àÇyle eh... hani ince ama keskin";"";""
"493";493;1389;7;"00:11:47.869";"Turkish";"S-T";8;2;"kalin";"Thickness";"1";"none";"wide grip";1;"";"Daha kalin";"";""
"494";494;1392;7;"00:12:08.711";"Turkish";"S-T";9;1;"kalin";"Thickness";"1";"none";"neutral grip";1;"";"Birincisi daha kalin, derin, ama yukseliyor";"";""
"495";495;1394;7;"00:12:13.553";"Turkish";"S-T";9;2;"ince";"Thickness";"0";"";"";NA;"";"Digeri ince";"";""
"496";496;1398;7;"00:13:39.192";"Turkish";"S-T";10;1;"ince";"Thickness";"1";"none";"narrow grip";1;"";"Birisi daha ince iniyor";"";""
"497";497;1401;7;"00:13:56.961";"Turkish";"S-T";10;2;"ince";"Thickness";"0";"";"";NA;"";"Birincisi ince";"";""
"498";498;1403;7;"00:13:58.662";"Turkish";"S-T";10;3;"ince";"Thickness";"0";"";"";NA;"";"Ikincisi ondan ince";"";""
"499";499;1405;7;"00:15:45.411";"Turkish";"S-T";11;1;"kalin";"Thickness";"0";"";"";NA;"";"Ikincsi kalin";"";""
"500";500;1407;7;"00:16:55.858";"Turkish";"S-T";12;1;"kalin";"Thickness";"0";"";"";NA;"";"Birincisi daha net ama daha kalin";"";""
"501";501;1410;7;"00:19:19.414";"Turkish";"S-T";13;1;"ince";"Thickness";"1";"none";"other";1;"gesture starts slightly earlier";"Birincisi daha bir ilerleme var daha ince oldugu icin";"";""
"502";502;1412;7;"00:19:23.121";"Turkish";"S-T";13;2;"kalin";"Thickness";"1";"none";"other";1;"";"Ikincisi daha b‚àö‚àÇyle kalin";"";""
"503";503;1415;7;"00:20:59.232";"Turkish";"S-T";14;1;"yuksek";"Height";"0";"";"";NA;"";"Ikincisi daha bir yukselise geciyor daha ince oldugu icin";"yukselise = towards elevation, high (noun) + accusative case";""
"504";504;1417;7;"00:21:13.980";"Turkish";"S-T";14;2;"kalin";"Thickness";"0";"";"";NA;"";"Birincisi daha kalin";"";""
"505";505;1421;8;"00:00:23.859";"Turkish";"T-S";1;1;"yuksek";"Height";"0";"";"";NA;"";"Ilk ‚àö‚àÇncesi cok yuksek ";"";""
"506";506;1424;8;"00:01:01.804";"Turkish";"T-S";2;1;"yuksek";"Height";"1";"vert";"flat H";1;"gesture comes after";"Ilki ‚àö‚àÇburunden daha yuksek notta";"";""
"507";507;1428;8;"00:01:54.829";"Turkish";"T-S";3;1;"yuksek";"Height";"1";"vert";"flat H";1;"gesture comes after";"Ama ilki hala ‚àö‚àÇburunden daha yuksek notta";"";""
"508";508;1431;8;"00:02:43.090";"Turkish";"T-S";4;1;"dusuk";"Height";"0";"";"";NA;"";"Birincisi erkek sesi, cok yuksek eh... pardon, cok dusuk";"";""
"509";509;1433;8;"00:02:49.522";"Turkish";"T-S";4;2;"yuksek";"Height";"1";"vert";"flat H";1;"";"Ikincisi de kadin sesleri ve cok yuksek not";"";""
"510";510;1435;8;"00:03:19.358";"Turkish";"T-S";5;1;"dusuk";"Height";"1";"none";"other";1;"";"Bu sefer erkek sesi hatta daha da dusuk";"";""
"511";511;1437;8;"00:04:04.797";"Turkish";"T-S";6;1;"yuksek";"Height";"1";"vert";"flat H";2;"";"Ikincisi de cok yuksek tonda";"";""
"512";512;1441;8;"00:04:49.779";"Turkish";"T-S";7;1;"yuksek";"Height";"1";"none";"narrow grip";1;"";"Birincisi cok yuksek tonda";"";""
"513";513;1443;8;"00:04:52.317";"Turkish";"T-S";7;2;"yuksek";"Height";"1";"none";"narrow grip";1;"";"Iki tane kadin sesi var, cok yuksek";"";""
"514";514;1446;8;"00:07:21.571";"Turkish";"T-S";9;1;"yuksekti";"Height";"0";"";"";NA;"";"Ama sanki kadin sesleri daha...  biraz daha yuksekti";"yuksekti = high + past tense";""
"515";515;1448;8;"00:08:15.040";"Turkish";"T-S";10;1;"yuksek";"Height";"1";"none";"narrow grip";1;"gesture extends before and after";"Ve bu sefer kadin sesi daha cok belli oluyor, daha da cok yuksek tonlarda s‚àö‚àÇyluyor";"";""
"516";516;1451;8;"00:08:51.403";"Turkish";"T-S";11;1;"dusuk";"Height";"0";"";"";NA;"";"Birisi baya dusuk tonda";"";""
"517";517;1453;8;"00:08:56.045";"Turkish";"T-S";11;2;"yuksek";"Height";"1";"vert";"flat H";1;"";"‚àö√±buru de cok yuksek notlarda";"";""
"518";518;1455;8;"00:09:19.704";"Turkish";"T-S";12;1;"dusuk";"Height";"0";"";"";NA;"";"Birincisi cok dusuk s‚àö‚àÇyluyor";"";""
"519";519;1458;8;"00:10:30.050";"Turkish";"T-S";13;1;"dusuk";"Height";"0";"";"";NA;"";"Ikiside baya dusuk sesle s‚àö‚àÇyluyor";"";""
"520";520;1460;8;"00:10:46.737";"Turkish";"T-S";13;2;"yuksekte";"Height";"1";"vert";"narrow grip";1;"gesture starts before";"Ama birincisi sanki birazcik daha, yani bir ton daha yuksekte";"yuksekte = high + locative";""
"521";521;1462;8;"00:10:51.125";"Turkish";"T-S";13;3;"dusukte";"Height";"1";"vert";"narrow grip";1;"";"‚àö√±buru bir ton daha dusukte, yani daha dusuk";"dusukte = fallen + locative (incorrect)";""
"522";522;1467;8;"00:12:03.690";"Turkish";"T-S";14;2;"dusuk";"Height";"1";"vert";"open";1;"";"Erkek sesi de cok cok dusuktu";"dusuktu = fallen + past tense";""
"523";523;1472;8;"00:12:48.686";"Turkish";"T-S";15;2;"yuksek";"Height";"1";"none";"narrow grip";1;"";"Ikincisi ‚àö‚àÇburunden biraz daha yuksek";"";""
"524";524;1475;8;"00:00:39.100";"Swedish";"T-S";1;1;"högre";"Height";"1";"none";"open";1;"";"den f‚àö‚àÇrsta ‚àö¬ßr lite h‚àö‚àÇgre ‚àö¬ßn den andra";"";""
"525";525;1478;8;"00:01:48.270";"Swedish";"T-S";2;1;"lägre";"Height";"1";"none";"none";1;"";"den manliga ‚àö¬ßr mycket l‚àö¬ßgre ‚àö¬ßn den kvinnliga";"";""
"526";526;1481;8;"00:02:40.820";"Swedish";"T-S";3;1;"högre";"Height";"1";"none";"other";1;"";"den andra ‚àö¬ßr sneppet h‚àö‚àÇgre";"";""
"527";527;1484;8;"00:03:15.660";"Swedish";"T-S";4;1;"högre";"Height";"0";"";"";NA;"";"den f‚àö‚àÇrsta ‚àö¬ßr l‚àö‚Ä¢ngt mycket h‚àö‚àÇgre ‚àö¬ßn den andra";"";""
"528";528;1487;8;"00:05:01.710";"Swedish";"T-S";5;1;"högre";"Height";"0";"";"";NA;"";"men jag tycker nu att den kvinnliga r‚àö‚àÇsten ligger en ton h‚àö‚àÇgre ‚àö¬ßn den manliga r‚àö‚àÇsten";"";""
"529";529;1490;8;"00:05:36.860";"Swedish";"T-S";6;1;"högre";"Height";"0";"";"";NA;"";"och den andra uppfattar jag som sneppet h‚àö‚àÇgre ‚àö¬ßn den andra";"";""
"530";530;1493;8;"00:06:10.450";"Swedish";"T-S";7;1;"högt upp";"Height";"0";"";"";NA;"";"den f‚àö‚àÇrsta ligger ganska h‚àö‚àÇgt upp";"";""
"531";531;1495;8;"00:06:18.390";"Swedish";"T-S";7;2;"högre upp";"Height";"0";"";"";NA;"";"den andra ligger ‚àö¬ßnnu ‚àö¬ßnnu h‚àö‚àÇgre upp";"";""
"532";532;1498;8;"00:07:07.380";"Swedish";"T-S";8;1;"högre";"Height";"0";"";"";NA;"";"den kvinnliga r‚àö‚àÇsten ligger sneppet h‚àö‚àÇgre";"";""
"533";533;1501;8;"00:07:59.610";"Swedish";"T-S";9;1;"låg";"Height";"0";"";"";NA;"";"den ena ‚àö¬ßr . relativt set l‚àö‚Ä¢g";"";""
"534";534;1503;8;"00:08:06.130";"Swedish";"T-S";9;2;"högre";"Height";"0";"";"";NA;"";"och den andra .. ‚àö¬ßr . h‚àö‚àÇgre";"";""
"535";535;1506;8;"00:08:47.510";"Swedish";"T-S";10;1;"högt upp";"Height";"0";"";"";NA;"";"den manliga r‚àö‚àÇsten ligger ganska h‚àö‚àÇgt upp";"";""
"536";536;1508;8;"00:09:07.810";"Swedish";"T-S";10;2;"högre";"Height";"1";"none";"flat H";1;"";"ellers s‚àö‚Ä¢ ‚àö¬ßr den ett snepp h‚àö‚àÇgre ‚àö¬ßn den manliga";"";""
"537";537;1511;8;"00:10:06.810";"Swedish";"T-S";11;1;"långt ner";"Height";"0";"";"";NA;"";"den andra r‚àö‚àÇsten ligger j‚àö¬ßtte j‚àö¬ßtte l‚àö‚Ä¢ngt ner p‚àö‚Ä¢ tonskalan";"";""
"538";538;1514;8;"00:10:43.830";"Swedish";"T-S";12;1;"lägre";"Height";"1";"none";"flat H";1;"";"den f‚àö‚àÇrsta vill jag s‚àö¬ßga ‚àö¬ßr . ligger mycket, inte mycket l‚àö¬ßgre, men relativt set l‚àö¬ßgre ‚àö¬ßn den andra";"";""
"539";539;1517;8;"00:11:31.610";"Swedish";"T-S";13;1;"långt ner";"Height";"0";"";"";NA;"";"den f‚àö‚àÇrsta ligger ganska l‚àö‚Ä¢ngt ner p‚àö‚Ä¢ tonskalan";"";""
"540";540;1519;8;"00:11:37.660";"Swedish";"T-S";13;2;"högt upp";"Height";"0";"";"";NA;"";"medans den andra ligger ganska h‚àö‚àÇgt upp";"";""
"541";541;1522;8;"00:12:05.640";"Swedish";"T-S";14;1;"högt upp";"Height";"0";"";"";NA;"";"f‚àö‚àÇrst ‚àö¬ßr det en kvinnlig r‚àö‚àÇst som ligger j‚àö¬ßtte j‚àö¬ßtte h‚àö‚àÇgt upp";"";""
"542";542;1524;8;"00:12:12.200";"Swedish";"T-S";14;2;"långt ner";"Height";"0";"";"";NA;"";"och () en manlig r‚àö‚àÇst som ligger j‚àö¬ßtte j‚àö¬ßtte l‚àö‚Ä¢ngt ner";"";""
"543";543;1527;8;"00:12:51.520";"Swedish";"T-S";15;1;"högre upp";"Height";"0";"";"";NA;"";"det h‚àö‚àÇrs som att den kvinnliga r‚àö‚àÇsten . ligger lite h‚àö‚àÇgre upp ‚àö¬ßn den manliga r‚àö‚àÇsten";"";""
"544";544;1530;9;"00:00:59.700";"Swedish";"S-T";1;1;"ljusare";"Brightness";"0";"";"";NA;"";"och andra ljudet ‚àö¬ßr lite mer vad heter ljusare";"";""
"545";545;1533;9;"00:02:11.360";"Swedish";"S-T";2;1;"ljust";"Brightness";"1";"none";"open";2;"";"eh. ganska ljust";"";""
"546";546;1535;9;"00:02:28.800";"Swedish";"S-T";2;2;"ljus";"Brightness";"0";"";"";NA;"";"j‚àö¬ßtte j‚àö¬ßtte ljus";"";""
"547";547;1538;9;"00:03:13.160";"Swedish";"S-T";3;1;"ljusare";"Brightness";"1";"none";"open";1;"";"och sen den andra ‚àö¬ßr vad heter det definitivt ljusare ‚àö¬ßn den f‚àö‚àÇrsta";"";""
"548";548;1541;9;"00:04:09.140";"Swedish";"S-T";4;1;"ljusare";"Brightness";"1";"none";"open";2;"";"s‚àö‚Ä¢ f‚àö‚àÇrst vi h‚àö‚àÇr en lite ljusare ljud";"";""
"549";549;1543;9;"00:04:12.170";"Swedish";"S-T";4;2;"mörka";"Brightness";"1";"vert";"open";2;"";"och sen den blir m‚àö‚àÇrka toner";"";""
"550";550;1546;9;"00:05:23.940";"Swedish";"S-T";5;1;"mörk";"Brightness";"0";"";"";NA;"";"ganska m‚àö‚àÇrk b‚àö‚Ä¢da tv‚àö‚Ä¢";"";""
"551";551;1548;9;"00:05:44.060";"Swedish";"S-T";5;2;"mörk";"Brightness";"1";"none";"other";1;"";"en ganska ganska m‚àö‚àÇrk bas ljud";"";""
"552";552;1551;9;"00:06:17.840";"Swedish";"S-T";6;1;"ljusare";"Brightness";"1";"none";"open";1;"";"f‚àö‚àÇrsta ljudet lite ljusare liksom";"";""
"553";553;1553;9;"00:06:25.760";"Swedish";"S-T";6;2;"mörk";"Brightness";"1";"none";"none";1;"";"ganska m‚àö‚àÇrk bas";"";""
"554";554;1556;9;"00:06:49.000";"Swedish";"S-T";7;1;"ljust";"Brightness";"0";"";"";NA;"";"ljudm‚àö¬ßssigt s‚àö‚Ä¢ ‚àö¬ßr det ganska ljust";"";""
"555";555;1558;9;"00:07:17.920";"Swedish";"S-T";7;2;"ljusare";"Brightness";"1";"none";"open";2;"";"f‚àö‚àÇrsta var lite ljusare";"";""
"556";556;1560;9;"00:07:20.160";"Swedish";"S-T";7;3;"mörkare";"Brightness";"0";"";"";NA;"";"den andra blir lite m‚àö‚àÇrkare toner";"";""
"557";557;1563;9;"00:08:06.570";"Swedish";"S-T";8;1;"mörk";"Brightness";"1";"none";"open";2;"";"d‚àö‚Ä¢ kommer den ljudet ongef‚àö¬ßr liksom en ganska manlig m‚àö‚àÇrk eh ljud";"";""
"558";558;1565;9;"00:08:10.410";"Swedish";"S-T";8;2;"ljus";"Brightness";"0";"";"";NA;"";"nummer tv‚àö‚Ä¢ vad heter det.. ‚àö¬ßr definitiv ljus";"";""
"559";559;1568;9;"00:08:46.460";"Swedish";"S-T";9;1;"mörkare";"Brightness";"0";"";"";NA;"";"andra ljudet lite m‚àö‚àÇrkare ‚àö¬ßn den f‚àö‚àÇrsta";"";""
"560";560;1571;9;"00:10:38.620";"Swedish";"S-T";10;1;"ljusare";"Brightness";"0";"";"";NA;"";"det f‚àö‚àÇrsta ljudet s‚àö‚Ä¢ det eh definitivt ljusare ‚àö¬ßn den andra";"";""
"561";561;1575;9;"00:11:57.840";"Swedish";"S-T";12;1;"mörk";"Brightness";"0";"";"";NA;"";"f‚àö‚àÇrsta ljudet ‚àö¬ßr ganska m‚àö‚àÇrk";"";""
"562";562;1579;9;"00:13:43.300";"Swedish";"S-T";14;1;"ljus";"Brightness";"0";"";"";NA;"";"b‚àö‚Ä¢da ‚àö¬ßr ju ett ganska ljus ljud";"";""
"563";563;1581;9;"00:13:45.800";"Swedish";"S-T";14;2;"ljus";"Brightness";"0";"";"";NA;"";"f‚àö‚àÇrsta ‚àö¬ßr ganska ljus";"";""
"564";564;1583;9;"00:13:51.780";"Swedish";"S-T";14;3;"ljusare";"Brightness";"0";"";"";NA;"";"andra ‚àö¬ßr ‚àö¬ßnnu ljusare";"";""
"565";565;1586;9;"00:14:53.980";"Swedish";"S-T";15;1;"mörkt";"Brightness";"1";"none";"open";2;"";"mitt i mellan m‚àö‚àÇrkt";"";""
"566";566;1588;9;"00:00:36.470";"Turkish";"S-T";1;1;"kalin";"Thickness";"1";"vert";"open";1;"";"Kalin bir ses";"";""
"567";567;1590;9;"00:01:26.829";"Turkish";"S-T";2;1;"ince";"Thickness";"1";"none";"narrow grip";2;"";"Ikinci ses kesinlikle cok b‚àö‚àÇyle ince";"";""
"568";568;1592;9;"00:02:21.298";"Turkish";"S-T";3;1;"kalin";"Thickness";"1";"none";"open";1;"";"Ikinci ses ilk sese g‚àö‚àÇre biraz daha kalin";"";""
"569";569;1595;9;"00:03:12.026";"Turkish";"S-T";4;1;"kalin";"Thickness";"1";"none";"neutral grip";1;"gesture starts earlier";"Birincisi baya kalin bir ses";"";""
"570";570;1597;9;"00:03:24.517";"Turkish";"S-T";4;2;"ince";"Thickness";"0";"";"";NA;"";"Cok baya bir ince ses";"";""
"571";571;1599;9;"00:03:57.174";"Turkish";"S-T";5;1;"kalin";"Thickness";"0";"";"";NA;"";"Erkek sesi olan, yani ikinci duydugumuz cok kalin";"";""
"572";572;1601;9;"00:04:45.655";"Turkish";"S-T";6;1;"kalin";"Thickness";"0";"";"";NA;"The participant misspeaks saying ""kadin"" (= woman) when he means ""kalin"" (=thick) and corrects himself. ";"Iki ses de baya kadin, iki ses... eh, kadin... kalin!";"";""
"573";573;1603;9;"00:06:06.775";"Turkish";"S-T";7;1;"kalindi";"Thickness";"1";"none";"open";1;"gesture starts earlier";"Ikincisi baya bir kalindi";"kalindi = thick + past tense";""
"574";574;1605;9;"00:07:29.145";"Turkish";"S-T";8;1;"kalinlikta";"Thickness";"0";"";"";NA;"";"Erkek sesi ortalarda kalinlikta yani";"";""
"575";575;1608;9;"00:08:51.602";"Turkish";"S-T";9;1;"yukseliyor";"Height";"1";"vert";"open";1;"";"Ikiside ayni yukseliyor, ayni alcaliyor";"yukseliyor = becomes higher, present tense verb";""
"576";576;1609;9;"00:08:52.307";"Turkish";"S-T";9;1;"alcaliyor";"Height";"0";"";"";NA;"";"Ikiside ayni yukseliyor, ayni alcaliyor";"alcaliyor = becomes lower, present tense verb";""
"577";577;1611;9;"00:08:58.379";"Turkish";"S-T";9;2;"ince";"Thickness";"1";"none";"open";1;"";"Kadin sesi biraz daha ince oluyor";"";""
"578";578;1613;9;"00:10:03.340";"Turkish";"S-T";10;1;"ince";"Thickness";"1";"none";"neutral grip";1;"";"Ikincisi biraz daha ince, daha bir tiz";"";""
"579";579;1616;9;"00:10:32.391";"Turkish";"S-T";11;1;"kalin";"Thickness";"1";"none";"open";2;"gesture starts earlier";"Birinci ses baya kalin";"";""
"580";580;1618;9;"00:10:34.902";"Turkish";"S-T";11;2;"kalin";"Thickness";"1";"none";"open";1;"gesture starts earlier";"Ama ikinci ses ona nazaran daha da kalin";"";""
"581";581;1620;9;"00:11:27.178";"Turkish";"S-T";12;1;"ince";"Thickness";"1";"none";"open";2;"gesture starts earlier";"Ama tabii ki kadin sesi oldugu icin biraz daha ince geliyor sanki";"";""
"582";582;1622;9;"00:12:11.516";"Turkish";"S-T";13;1;"kalin";"Thickness";"0";"";"";NA;"";"Ikiside baya kalin bir sesti";"";""
"583";583;1624;9;"00:13:00.132";"Turkish";"S-T";14;1;"inceydi";"Thickness";"1";"none";"open";1;"gesture earlier";"Kadin sesi oldugu icin baya inceydi";"inceydi = thin + past tense";""
"584";584;1627;9;"00:13:31.151";"Turkish";"S-T";15;1;"ince";"Thickness";"0";"";"";NA;"";"Birincisi baya ince bir sesti";"";""
"585";585;1629;9;"00:13:35.489";"Turkish";"S-T";15;2;"kalindi";"Thickness";"1";"vert";"open";1;"gesture before";"Ikincisi ona nazaran biraz daha kalindi";"kalindi = thick + past tense";""
