"";"Participant";"Language";"Order";"Trial";"Part";"Words";"Metaphor";"Comment";"Speech";"Grammar";"General.comments"
"1";1;"Swedish";"S-T";1;1;"låga";"Height";"";"s‚àö‚Ä¢ det. .. den her f‚àö‚àÇrsta tonen tyckte jag p‚àö‚Ä¢minnde om just den h‚àö¬ßr v‚àö¬ßldigt .. l‚àö‚Ä¢ga, kommer djupt nerifr‚àö‚Ä¢n";"";"gesture changes from round to flat as she thinks of a descriptor and then says ""deep"""
"2";1;"Swedish";"S-T";1;2;"ljusare";"Brightness";"";"n‚àö¬ßsta tonl‚àö¬ßge skulle jag s‚àö¬ßga ‚àö¬ßr eh fortfarande i mansh‚àö‚àÇg(?) men bara det .. ‚àö¬ßr en aning ljusare";"";""
"3";1;"Swedish";"S-T";2;1;"högre";"Height";"";"nog ett snep h‚àö‚àÇgre ‚àö¬ßn f‚àö‚àÇreg‚àö‚Ä¢ende";"";""
"4";1;"Swedish";"S-T";2;2;"uppåtgående";"Height";"";"s‚àö‚Ä¢ att det ‚àö¬ßr ganska ett upp‚àö‚Ä¢tg‚àö‚Ä¢ende";"";""
"5";1;"Swedish";"S-T";2;3;"ett snepp ner";"Height";"";"och n‚àö¬ßsta tone ‚àö¬ßr . et snep ner";"";""
"6";1;"Swedish";"S-T";3;1;"däruppe";"Height";"";"lite ‚àö¬ßngelk‚àö‚àÇr, d‚àö¬ßruppe";"";""
"7";1;"Swedish";"S-T";3;2;"droppar ner på";"Height";"";"och sen s‚àö‚Ä¢ droppar den ner p‚àö‚Ä¢ .. mansk‚àö‚àÇr";"";""
"8";1;"Swedish";"S-T";4;1;"högre";"Height";"";"ett snepp h‚àö‚àÇgre";"";""
"9";1;"Swedish";"S-T";4;2;"ner";"Height";"";"och sen tv‚àö‚Ä¢ trappsteg ner";"";""
"10";1;"Swedish";"S-T";5;1;"mörkt";"Brightness";"";"m‚àö‚àÇrkt mansk‚àö‚àÇr";"";""
"11";1;"Swedish";"S-T";5;2;"ner";"Height";"";"sen tv‚àö‚Ä¢ trappsteg ner d‚àö¬ßrifr‚àö‚Ä¢n";"";""
"12";1;"Swedish";"S-T";6;1;"hög";"Height";"";"... h‚àö‚àÇg ton";"";""
"13";1;"Swedish";"S-T";6;2;"droppar";"Height";"gesture starts before";"n‚àö¬ßsta ton ‚àö¬ßr . droppar . ganska l‚àö‚Ä¢ngt ner";"";""
"14";1;"Swedish";"S-T";7;1;"lägre";"Height";"";"b‚àö‚àÇrjar l‚àö¬ßgre";"";""
"15";1;"Swedish";"S-T";7;2;"hoppar upp";"Height";"";"och sen hoppar den upp till den h‚àö¬ßr v‚àö¬ßldigt ljusa ‚àö¬ßngel liksom level om man s‚àö¬ßger";"";""
"16";1;"Swedish";"S-T";9;1;"under";"Height";"";"det ‚àö¬ßr ett snepp under";"";""
"17";1;"Swedish";"S-T";9;2;"ner";"Height";"";"och sen n‚àö‚Ä¢gra trappsteg ner";"";""
"18";1;"Swedish";"S-T";10;1;"låga";"Height";"";"den h‚àö¬ßr f‚àö‚àÇrsta tonen, tyckte jag, p‚àö‚Ä¢minnde om, just den h‚àö¬ßr . v‚àö¬ßldigt . l‚àö‚Ä¢ga";"";"as in T1, handshape changes as she decides on height metaphor"
"19";1;"Swedish";"S-T";10;2;"ljusare";"Brightness";"";"n‚àö¬ßsta tonl‚àö¬ßge skulle jag s‚àö¬ßga ‚àö¬ßr . eh fortfarande () mans() .. bare det ‚àö¬ßr en aning ljusare";"";"as in T1, handshape changes as she decides on height metaphor"
"20";1;"Swedish";"S-T";11;1;"högre";"Height";"";"mansk‚àö‚àÇr eh .. nog ett snepp h‚àö‚àÇgre";"";""
"21";1;"Swedish";"S-T";11;2;"uppåtgående";"Height";"";"s‚àö‚Ä¢ att det ‚àö¬ßr ganska upp‚àö‚Ä¢tg‚àö‚Ä¢ende";"";""
"22";1;"Swedish";"S-T";11;3;"ner";"Height";"";"och n‚àö¬ßsta ton ‚àö¬ßr ett snepp ner";"";""
"23";1;"Swedish";"S-T";12;1;"däruppe";"Height";"";"lite ‚àö¬ßngelk‚àö‚àÇr, d‚àö¬ßruppe";"";""
"24";1;"Swedish";"S-T";12;2;"droppar ner";"Height";"";"och sen . s‚àö‚Ä¢ droppar den ner p‚àö‚Ä¢ eh . mansk‚àö‚àÇr";"";""
"25";1;"Swedish";"S-T";13;1;"högre";"Height";"";"ett snepp h‚àö‚àÇgre";"";""
"26";1;"Swedish";"S-T";13;2;"ner";"Height";"";"ehh och sen tv‚àö‚Ä¢ trappsteg ner";"";""
"27";1;"Swedish";"S-T";14;1;"mörkt";"Brightness";"";"m‚àö‚àÇrkt mansk‚àö‚àÇr";"";""
"28";1;"Swedish";"S-T";14;2;"ner";"Height";"";"sen tv‚àö‚Ä¢ trappsteg ner d‚àö¬ßrifr‚àö‚Ä¢n";"";""
"29";1;"Swedish";"S-T";15;1;"hög";"Height";"";"och dom .. har en h‚àö‚àÇg ton";"";""
"30";1;"Swedish";"S-T";15;2;"droppar";"Height";"gesture starts before";"och d‚àö¬ßr droppar, n‚àö¬ßsta ton ‚àö¬ßr . droppar ganska l‚àö‚Ä¢ngt ner";"";""
"31";1;"Turkish";"S-T";1;1;"alcak";"Height";"";"Erkek korosunun sesi gib geldi, ortadan giriyorlar, hani fazla alcak degil, ortadan giriyorlar";"low";""
"32";1;"Turkish";"S-T";1;2;"ustte";"Height";"";"Bir kac basamak ustte kadin korosu giriyor";"ustte = above + locative suffix";""
"33";1;"Turkish";"S-T";2;1;"yuksek";"Height";"";"Tiz, ilk ses tiz. Cok yuksek.";"";""
"34";1;"Turkish";"S-T";2;2;"dusus";"Height";"";"Ondan sonra baya bir buyuk bir dusus.";"dusus = a fall";""
"35";1;"Turkish";"S-T";4;2;"asaya";"Height";"The confederate does speak before this part but only to ask which tone she is talking about regarding the participant's description in the first part. I judge this to be an independent statement.";"Ve ikinci ses bir basamak asaya";"asaya = down+dative";""
"36";1;"Turkish";"S-T";5;1;"asaglarda";"Height";"";"Erkek korosu, bas, asaglarda, desem";"asaglarda = in the downs";""
"37";1;"Turkish";"S-T";5;2;"yukseklerde";"Height";"";"Guzel ve net, acik bir kadin korosunun sesi, ama baya yukseklerde yani";"yukseklerde = in the highs";""
"38";1;"Turkish";"S-T";6;1;"ustunde";"Height";"";"Baya ortalarda, yani ortanin ustunde desem, erkekler icin biraz daha yuksek bir seviyede";"ustunde = above";""
"39";1;"Turkish";"S-T";6;2;"asaya";"Height";"";"Ve ikinci ses ordan bir uc basamak asaya";"asaya = down+dative";""
"40";1;"Turkish";"S-T";7;1;"yuksek";"Height";"gesture before";"Yine melekler gibi yuksek soprano b‚àö‚àÇyle isiklardan inen birisi, kadin korosu, ilk ses";"";""
"41";1;"Turkish";"S-T";7;2;"yukseklerdeyiz";"Height";"";"Ikincisi ondan baya bir d‚àö‚àÇrt, bes, alti basamak... yine kadin korosu ama, yine yukseklerdeyiz, ama baya bir fark var";"yukseklerdeyiz = we are on the highs";""
"42";1;"Turkish";"S-T";9;1;"yukseklerde";"Height";"";"Ilk ses daha da yukseklerde";"yukseklerde = in the highs";""
"43";1;"Turkish";"S-T";9;2;"yukseklerde";"Height";"";"Yine kadin sesi, yine yukseklerde";"yukseklerde = in the highs";""
"44";1;"Turkish";"S-T";10;1;"yuksekte";"Height";"";"Bu sefer kadin korosu yuksekte, net, acik bir sesle yuksekte giriyor ";"yuksekte = high+locative";""
"45";1;"Turkish";"S-T";11;1;"ust";"Height";"gesture before";"Erkek korosu... onlara g‚àö‚àÇre orta sesin biraz ustunde";"";""
"46";1;"Turkish";"S-T";11;2;"dusuyor";"Height";"";"Ikinci ses baya bas, basa dusuyor";"dusuyor = falls, verb 3rd pers sing. present tese ";""
"47";1;"Turkish";"S-T";12;1;"kalin";"Thickness";"";"Birinci ses cok kalin erkek sesi";"";""
"48";1;"Turkish";"S-T";12;2;"ustunde";"Height";"gesture before";"Ikinci ses kadin korosu, ortanin biraz ustunde";"";""
"49";1;"Turkish";"S-T";13;1;"kalin";"Thickness";"";"Erkek korosu, kalin, giris";"";""
"50";1;"Turkish";"S-T";13;2;"kalin";"Thickness";"";"Ikinci ses yine erkek korosu kalin";"";""
"51";1;"Turkish";"S-T";14;1;"kalin";"Thickness";"gesture before";"Ikinci ses erkek korosunun en kalin seslerden";"";""
"52";1;"Turkish";"S-T";15;2;"yuksege";"Height";"";"Ikinci ses ondan uc d‚àö‚àÇrt basamak yuksege, daha yani yukariya";"yuksege = high+dative";""
"53";10;"Swedish";"T-S";1;1;"mörk";"Brightness";"";"den f‚àö‚àÇrsta var";"";"participant consistently reverses the vertical mapping of brightness"
"54";10;"Swedish";"T-S";2;1;"ljusare";"Brightness";"";"den ena var lite ljusare";"";""
"55";10;"Swedish";"T-S";2;2;"mörkare";"Brightness";"see prior";"den andra var m‚àö‚àÇrkare";"";""
"56";10;"Swedish";"T-S";3;1;"ljusare";"Brightness";"";"den f‚àö‚àÇrsta var lite mer ljusare";"";""
"57";10;"Swedish";"T-S";3;2;"mörkare";"Brightness";"";"den andra var lite m‚àö‚àÇrkare";"";""
"58";10;"Swedish";"T-S";4;1;"ljus";"Brightness";"";"den f‚àö‚àÇrsta var ljus";"";""
"59";10;"Swedish";"T-S";4;2;"mörk";"Brightness";"";"den andra m‚àö‚àÇrk";"";""
"60";10;"Swedish";"T-S";5;1;"mörk";"Brightness";"";"den f‚àö‚àÇrsta var m‚àö‚àÇrk";"";""
"61";10;"Swedish";"T-S";5;2;"ljus";"Brightness";"";"medans andra var v‚àö¬ßldigt ljus";"";""
"62";10;"Swedish";"T-S";6;1;"mörkare";"Brightness";"";"den f‚àö‚àÇrsta d‚àö¬ßr var det lite mer m‚àö‚àÇrkare";"";""
"63";10;"Swedish";"T-S";6;2;"ljusare";"Brightness";"";"och den andra var lite ljusare";"";""
"64";10;"Swedish";"T-S";7;1;"uppåt";"Height";"";"det stak lite mer upp‚àö‚Ä¢t";"";""
"65";10;"Swedish";"T-S";7;2;"ner";"Height";"";"typ ner";"";""
"66";10;"Swedish";"T-S";9;1;"mjuk";"Softness";"";"mjuk";"softness";""
"67";10;"Swedish";"T-S";9;2;"ljusare";"Brightness";"";"och lite ljusare";"";""
"68";10;"Swedish";"T-S";10;1;"ljus";"Brightness";"";"den andra var lite mer ljus";"";""
"69";10;"Swedish";"T-S";12;1;"mörk";"Brightness";"";"m‚àö‚àÇrk";"";""
"70";10;"Swedish";"T-S";13;1;"ljus";"Brightness";"";"den andra var m‚àö‚àÇrkare";"";""
"71";10;"Swedish";"T-S";13;2;"mörk";"Brightness";"";"och den andra var m‚àö‚àÇrk";"";""
"72";10;"Swedish";"T-S";14;1;"ljusare";"Brightness";"";"det ‚àö¬ßr mycket mer ljusare";"";""
"73";10;"Swedish";"T-S";14;2;"ljusare";"Brightness";"gesture starts earlier";"sneppet ljusare";"";""
"74";10;"Swedish";"T-S";15;1;"ljus";"Brightness";"";"ljus r‚àö‚àÇst";"";""
"75";11;"Swedish";"S-T";1;1;"lågt";"Height";"";"som ‚àö¬ßr lagom l‚àö‚Ä¢gt";"";"use of thickness in trial 7 and 8"
"76";11;"Swedish";"S-T";2;1;"låg";"Height";"";"lite mer en l‚àö‚Ä¢g ( )";"";""
"77";11;"Swedish";"S-T";4;1;"mörkaste";"Thickness";"";"p‚àö‚Ä¢ den f‚àö‚àÇrsta s‚àö‚Ä¢ l‚àö¬ßt det som en , den m‚àö‚àÇrkaste tonen p‚àö‚Ä¢ en piano";"";""
"78";11;"Swedish";"S-T";4;2;"ljust";"Brightness";"";"lite mer () kvinnligt ljust";"";""
"79";11;"Swedish";"S-T";5;1;"nerförsbacke";"Height";"";"nerf‚àö‚àÇrsbacke";"";""
"80";11;"Swedish";"S-T";5;2;"uppförsbacke";"Height";"";"den andra var mer uppf‚àö‚àÇrsbacke";"";""
"81";11;"Swedish";"S-T";6;1;"()";"Height";"gesture starts before";"k‚àö¬ßnns mera som den ena ‚àö¬ßr mer ()";"";""
"82";11;"Swedish";"S-T";6;2;"uppåt";"Height";"";"och den andra upp‚àö‚Ä¢t";"";""
"83";11;"Swedish";"S-T";7;1;"vitgade";"Thickness";"";"den ena, vitgade sig lite mer  ";"";""
"84";11;"Swedish";"S-T";8;1;"tunn";"Thickness";"";"den f‚àö‚àÇrsta var v‚àö¬ßldigt tunn";"";""
"85";11;"Swedish";"S-T";8;2;"låg";"Height";"";"l‚àö‚Ä¢g i tonen";"";""
"86";11;"Swedish";"S-T";9;1;"mildare";"Mildness";"";"midlare ‚àö¬ßn det andra";"mildness";""
"87";11;"Swedish";"S-T";11;1;"ljusa";"Brightness";"";"det var mer ut av den ljusa varianten";"";""
"88";11;"Swedish";"S-T";12;1;"ljus";"Brightness";"";"lite ljus";"";""
"89";11;"Swedish";"S-T";13;1;"låg";"Height";"";"den manliga varianten var lite mer l‚àö‚Ä¢g ()";"";""
"90";11;"Swedish";"S-T";13;2;"högre";"Height";"";"och den kvinnliga var lite . h‚àö‚àÇgre";"";""
"91";11;"Swedish";"S-T";14;1;"ljusa";"Brightness";"";"den ljusa varianten";"";""
"92";11;"Swedish";"S-T";14;2;"lågt";"Height";"";"l‚àö‚Ä¢gt";"";""
"93";11;"Swedish";"S-T";15;1;"ljus";"Brightness";"";"den som ‚àö¬ßr ljus";"";""
"94";11;"Swedish";"S-T";16;1;"tunn";"Thickness";"";"den andra var v‚àö¬ßldigt tunn";"";""
"95";11;"Swedish";"S-T";16;2;"tunn";"Thickness";"";"den var ocks‚àö‚Ä¢ tunn";"";""
"96";11;"Turkish";"S-T";1;1;"ince";"Thickness";"";"Ince, cok ince ses tonuyla";"";""
"97";11;"Turkish";"S-T";2;1;"kalin";"Thickness";"";"Birincisi biraz daha kalin";"";""
"98";11;"Turkish";"S-T";2;2;"ince";"Thickness";"";"Ikincisi daha ince";"";""
"99";11;"Turkish";"S-T";3;1;"kalin";"Thickness";"";"Ikiside ayni kalin ses";"";""
"100";11;"Turkish";"S-T";5;1;"ince";"Thickness";"";"Birincisi cok ince";"";""
"101";11;"Turkish";"S-T";5;2;"incesi";"Thickness";"";"Ikincisi daha normal, ama normalin incesi";"incesi = thin + genitive case";""
"102";11;"Turkish";"S-T";7;1;"yumsak";"Softness";"";"Ikincisi bir bayan sesi gibi, koro sesi gibi, yumsak ve ince";"Softness";""
"103";11;"Turkish";"S-T";8;1;"kalin";"Thickness";"";"Ikincisi cok kalin. (Confederate sneezes and ask participant to repeat and participant repeats.) Ikincisi cok kalin. ";"";""
"104";11;"Turkish";"S-T";8;2;"ince";"Thickness";"";"Birincisi daha ince";"";""
"105";11;"Turkish";"S-T";9;1;"kalin";"Thickness";"";"Kalin";"";""
"106";11;"Turkish";"S-T";10;1;"derin";"Height";"";"Birisi cok derin, kalin";"";""
"107";11;"Turkish";"S-T";10;2;"ince";"Thickness";"";"Birisi de cok ince";"";""
"108";11;"Turkish";"S-T";11;1;"kalin";"Thickness";"";"Birincisi kalin";"";""
"109";11;"Turkish";"S-T";11;2;"ince";"Thickness";"";"Ikincisi ince";"";""
"110";11;"Turkish";"S-T";12;1;"ince";"Thickness";"";"Cok, cok ince degil, orta ince bir ses";"";""
"111";11;"Turkish";"S-T";13;1;"kalin";"Thickness";"";"Ilki olan daha kalin olan";"";""
"112";11;"Turkish";"S-T";13;2;"ince";"Thickness";"";"Ikincisi o biraz daha ince olan ses";"";""
"113";11;"Turkish";"S-T";14;1;"ince";"Thickness";"";"Birinci ses biraz daha ince ses";"";""
"114";11;"Turkish";"S-T";14;2;"kalin";"Thickness";"";"Ikinci ses biraz daha kalin ses";"";""
"115";11;"Turkish";"S-T";15;1;"kalin";"Thickness";"";"Sanki ikiside kalin ses";"";""
"116";12;"Turkish";"T-S";1;1;"ince";"Thickness";"";"Gayet ince bir ses";"";""
"117";12;"Turkish";"T-S";2;1;"kalin";"Thickness";"";"Ikincisi daha kalin";"";""
"118";12;"Turkish";"T-S";2;2;"inceydi";"Thickness";"";"Ilki biraz daha inceydi";"inceydi = thin + past tense";""
"119";12;"Turkish";"T-S";3;1;"yuwarlak";"Roundness";"";"Ikincisi daha yuvarlak ama kalin";"Roundness";""
"120";12;"Turkish";"T-S";4;1;"ince";"Thickness";"";"Ilki cok ince";"";""
"121";12;"Turkish";"T-S";4;2;"kalin";"Thickness";"";"Ikinicisi biraz daha kalin erkek sesi";"";""
"122";12;"Turkish";"T-S";9;1;"kalin";"Thickness";"";"Ilki daha kalin";"";""
"123";12;"Turkish";"T-S";9;2;"ince";"Thickness";"";"Ikincisi daha ince";"";""
"124";12;"Turkish";"T-S";10;1;"ince";"Thickness";"";"Bayanin sesi cok ince, gercekten ince";"";""
"125";12;"Turkish";"T-S";10;2;"kalin";"Thickness";"";"Erkegin sesi daha kalin";"";""
"126";12;"Turkish";"T-S";12;1;"kalin";"Thickness";"";"Ilki ikincisine bakarak biraz daha kalin";"";""
"127";12;"Turkish";"T-S";13;1;"ince";"Thickness";"";"Cok ince bir bayan sesi";"";""
"128";12;"Turkish";"T-S";13;2;"kalin";"Thickness";"";"Ikinci de biraz daha kalin";"";""
"129";12;"Turkish";"T-S";14;1;"ince";"Thickness";"";"Ikincisi cok cok ince";"";""
"130";12;"Turkish";"T-S";15;1;"ince";"Thickness";"";"Ilki bayan, cok ince sesi var";"";""
"131";12;"Turkish";"T-S";15;2;"kalin";"Thickness";"";"Ikincisi erkek sesi, baya kalin bir sesi var";"";""
"132";12;"Swedish";"T-S";1;1;"öppna";"Openness";"";"ganska ‚àö‚àÇppna";"openness";""
"133";12;"Swedish";"T-S";2;1;"öppen";"Openness";"gesture part of next";"den f‚àö‚àÇrsta ‚àö¬ßr mer ‚àö‚àÇppen";"openness";""
"134";12;"Swedish";"T-S";2;2;"sluts";"Openness";"";"medans den andra sluts mer";"openness";""
"135";12;"Swedish";"T-S";2;3;"uppifrån";"Height";"";"den andra har mer uppifr‚àö‚Ä¢n";"";""
"136";12;"Swedish";"T-S";2;3;"ner";"Height";"";"";"";""
"137";12;"Swedish";"T-S";3;1;"ljus";"Brightness";"";"den f‚àö‚àÇrsta har ganska ljus r‚àö‚àÇst";"";""
"138";12;"Swedish";"T-S";3;2;"mörk";"Brightness";"";"medans den manliga ( ) . ganska j‚àö¬ßmn m‚àö‚àÇrk r‚àö‚àÇst";"";""
"139";12;"Swedish";"T-S";5;1;"ner";"Height";"";"dom g‚àö‚Ä¢r ner fr‚àö‚Ä¢n upp‚àö‚Ä¢t";"";""
"140";12;"Swedish";"T-S";5;1;"från uppåt";"Height";"";"dom g‚àö‚Ä¢r ner fr‚àö‚Ä¢n upp‚àö‚Ä¢t";"";""
"141";12;"Swedish";"T-S";6;1;"mörkare";"Brightness";"";"den andra var mycket m‚àö‚àÇrkare ‚àö¬ßn den andra";"";""
"142";12;"Swedish";"T-S";6;1;"den andra";"Brightness";"";"den andra var mycket m‚àö‚àÇrkare ‚àö¬ßn den andra";"";""
"143";12;"Swedish";"T-S";7;1;"mörkare";"Brightness";"";"den ‚àö¬ßr lite m‚àö‚àÇrkare";"";""
"144";12;"Swedish";"T-S";8;1;"ljus";"Brightness";"";"kvinnliga ‚àö¬ßr v‚àö¬ßl lite ljus";"";""
"145";12;"Swedish";"T-S";8;2;"ljus";"Brightness";"gesture earlier";"den var ganska ljus f‚àö‚àÇr en mann";"";""
"146";12;"Swedish";"T-S";9;1;"mörkare";"Brightness";"";"den andra ‚àö¬ßr lite m‚àö‚àÇrkare ‚àö¬ßn den f‚àö‚àÇrsta";"";""
"147";12;"Swedish";"T-S";10;1;"ljus";"Brightness";"";"han hade en ganska ljus r‚àö‚àÇst";"";""
"148";12;"Swedish";"T-S";10;2;"ljus";"Brightness";"";"den kvinnliga hade j‚àö¬ßtte j‚àö¬ßtte ljust r‚àö‚àÇst";"";""
"149";12;"Swedish";"T-S";11;1;"mörkare";"Brightness";"";"den f‚àö‚àÇrsta har en m‚àö‚àÇrkare r‚àö‚àÇst ‚àö¬ßn vad den f‚àö‚àÇrsta har";"";""
"150";12;"Swedish";"T-S";12;1;"öppnade upp sig";"Openness";"";"det var att dom ‚àö‚àÇppnade upp sig";"";""
"151";12;"Swedish";"T-S";13;1;"öppnade upp sig";"Openness";"";"( ) ‚àö‚àÇppnade upp sig";"";""
"152";12;"Swedish";"T-S";13;2;"låg";"Height";"";"fr‚àö‚Ä¢n l‚àö‚Ä¢g till h‚àö‚àÇgre typ";"";""
"153";12;"Swedish";"T-S";13;2;"högre";"Height";"";"fr‚àö‚Ä¢n l‚àö‚Ä¢g till h‚àö‚àÇgre typ";"";""
"154";12;"Swedish";"T-S";14;1;"mörk";"Brightness";"";"manlig ganska m‚àö‚àÇrk ton";"";""
"155";12;"Swedish";"T-S";14;2;"ljus";"Brightness";"";"en mer ganska ljus r‚àö‚àÇst";"";""
"156";12;"Swedish";"T-S";15;1;"ljus";"Brightness";"";"den adnra ‚àö¬ßr ganska ljus r‚àö‚àÇst";"";""
"157";13;"Swedish";"S-T";1;1;"går upp";"Height";"";"n‚àö¬ßr tonen g‚àö‚Ä¢r upp";"";"uses ""thin"" with vertical/size gestures (trial 8)"
"158";13;"Swedish";"S-T";7;1;"smallare";"Thickness";"";"den andra mycket smallare ton";"";""
"159";13;"Swedish";"S-T";8;1;"smallare";"Thickness";"vert and size";"smallare ton";"";""
"160";13;"Swedish";"S-T";10;1;"tunnare";"Thickness";"vert and size";"f‚àö‚àÇrst denna tunnare smallare";"";""
"161";13;"Swedish";"S-T";14;1;"bastant";"Thickness";"";"ena mera bastant";"";""
"162";13;"Swedish";"S-T";14;2;"mjukare";"Softness";"";"den andra lite mera mjukare";"softness";""
"163";13;"Turkish";"S-T";1;1;"kalin";"Thickness";"";"Yasi buyuk olanin biraz daha sey... olgun, daha kalin";"";""
"164";13;"Turkish";"S-T";4;1;"ince";"Thickness";"";"Birinci ses kadin, ince";"";""
"165";13;"Turkish";"S-T";4;2;"kalinca";"Thickness";"";"Ikinci ses erkek, biraz daha kalinca";"kalinca = thickish, thick + ish";""
"166";13;"Turkish";"S-T";6;1;"kalin";"Thickness";"";"Kalin, ""bastant"" (swe) bir erkek sesi birinci";"";""
"167";13;"Turkish";"S-T";6;2;"ince";"Thickness";"Attention! The word ""thin"" is not describing attributes of the woman! Both ""woman"" and ""thin"" are descriptions of the sound.";"Ikincisi de ince bir bayan";"";""
"168";13;"Turkish";"S-T";7;1;"ince";"Thickness";"";"Kadin, ince";"";""
"169";13;"Turkish";"S-T";7;2;"kalin";"Thickness";"";"Yine kalin, ""bastant"" (swe)";"";""
"170";13;"Turkish";"S-T";8;1;"kalin";"Thickness";"";"Erkek ""bastant"" (swe), kalin";"";""
"171";13;"Turkish";"S-T";8;2;"ince";"Thickness";"";"Kiz yine ??? ince, ciglik seklinde";"";""
"172";13;"Turkish";"S-T";9;1;"kalin";"Thickness";"";"Bir, biraz daha orta yas, kalin";"";""
"173";13;"Turkish";"S-T";9;2;"ince";"Thickness";"";"Gencin ki biraz daha sey, ince";"";""
"174";13;"Turkish";"S-T";10;1;"kalinca";"Thickness";"";"Olgun olanin sesi biraz daha kalinca gibi geliyor";"kalinca = thickish";""
"175";13;"Turkish";"S-T";10;2;"ince";"Thickness";"";"Olmayanin biraz daha ince";"";""
"176";13;"Turkish";"S-T";13;1;"kalin";"Thickness";"gesture slightly after";"Erkegin ki biraz daha kalin";"";""
"177";13;"Turkish";"S-T";13;2;"ince";"Thickness";"";"Kadinin ki biraz ince";"";""
"178";13;"Turkish";"S-T";15;1;"kalinlastirilmis";"Thickness";"";"Ikinci seste asari yukari ayni, erkek versiyonu, daha b‚àö‚àÇyle kalinlastirilmis bir bastant...";"kalinlastirilmis = thickened + reported past tense";""
"179";14;"Turkish";"T-S";1;1;"yuksek";"Height";"";"Yani yuksek bir tonda bir ses";"";"clear thickness gestures"
"180";14;"Turkish";"T-S";1;2;"ince";"Thickness";"";"Biri daha b‚àö‚àÇyle ince bir ses";"";"clear thickness gestures"
"181";14;"Turkish";"T-S";1;3;"kalin";"Thickness";"";"Digeri daha kalin gibi";"";"clear thickness gestures"
"182";14;"Turkish";"T-S";2;1;"ince";"Thickness";"";"Ikincisi daha ince. Birincisi, pardon, daha ince digerinden";"";""
"183";14;"Turkish";"T-S";2;1;"ince";"Thickness";"";"Ikincisi daha ince. Birincisi, pardon, daha ince digerinden";"";""
"184";14;"Turkish";"T-S";3;1;"ince";"Thickness";"";"Birincisi kadin sesiydi, ince";"";""
"185";14;"Turkish";"T-S";4;1;"ince";"Thickness";"";"Ikinci ses daha ince bir ses";"";""
"186";14;"Turkish";"T-S";5;1;"ince";"Thickness";"";"Digeri kadin sesi gibi daha ince";"";""
"187";14;"Turkish";"T-S";6;1;"inceydi";"Thickness";"";"Ikincisi daha inceydi";"inceydi = thin + past tense";""
"188";14;"Turkish";"T-S";7;1;"ince";"Thickness";"";"Birinci ses cok ince";"";""
"189";14;"Turkish";"T-S";7;2;"kalin";"Thickness";"";"Digeri de daha kalin ??? bir ses";"";""
"190";14;"Turkish";"T-S";8;1;"kalin";"Thickness";"";"Kalin ses ikiside";"";""
"191";14;"Turkish";"T-S";8;2;"kalin";"Thickness";"";"Ikinci ses daha gur gibi, daha kalin b‚àö‚àÇyle";"";""
"192";14;"Turkish";"T-S";9;1;"ince";"Thickness";"";"Ikinci ses daha ince";"";""
"193";14;"Turkish";"T-S";9;2;"inceydi";"Thickness";"";"Birincisi de ondan daha gur, ama digerlerinden daha inceydi, ortada gibi bisey";"inceydi = thin + past tense";""
"194";14;"Turkish";"T-S";11;1;"ince";"Thickness";"";"Iki ince ses";"";""
"195";14;"Turkish";"T-S";11;2;"ince";"Thickness";"";"Birincisi daha ince";"";""
"196";14;"Turkish";"T-S";12;1;"kalin";"Thickness";"";"Ikincisi daha kalin";"";""
"197";14;"Turkish";"T-S";13;1;"kalin";"Thickness";"";"Ikincisi daha kalin";"";""
"198";14;"Turkish";"T-S";14;1;"ince";"Thickness";"";"Birinci ses daha ince ";"";""
"199";14;"Turkish";"T-S";14;2;"kalindi";"Thickness";"";"Digeri daha kalindi";"kalindi = thick + past tense";""
"200";14;"Turkish";"T-S";15;1;"ince";"Thickness";"";"Ikinci ses cok daha ince";"";""
"201";14;"Swedish";"T-S";1;1;"tjokkare";"Thickness";"";"mer liksom tjokkare";"";"uses thickness, also in trial 8"
"202";14;"Swedish";"T-S";2;1;"ljusa";"Brightness";"";"relativt ljusa";"";""
"203";14;"Swedish";"T-S";4;1;"ljusare";"Brightness";"";"den andra var mycket ljusare ‚àö¬ßn den f‚àö‚àÇrsta";"";""
"204";14;"Swedish";"T-S";4;2;"tunnare";"Thickness";"";"den f‚àö‚àÇrsta definitivt mycket tunnare ‚àö¬ßn (  ) liksom";"";""
"205";14;"Swedish";"T-S";6;1;"ljusare";"Brightness";"";"den andra var ljusare ‚àö¬ßn den f‚àö‚àÇrsta";"";""
"206";14;"Swedish";"T-S";6;2;"ljusa";"Brightness";"";"b‚àö‚Ä¢da var ( ) ljusa kvinnliga toner";"";""
"207";14;"Swedish";"T-S";7;1;"ljusare";"Brightness";"";"den f‚àö‚àÇrsta var ( ) ljusare ‚àö¬ßn den andra";"";""
"208";14;"Swedish";"T-S";8;1;"ljusa";"Brightness";"";"det var tv‚àö‚Ä¢ ljusa r‚àö‚àÇster";"";""
"209";14;"Swedish";"T-S";9;1;"ljusare";"Brightness";"";"s‚àö‚Ä¢ andra r‚àö‚àÇsten i ljudet var ljusare";"";""
"210";14;"Swedish";"T-S";10;1;"ljusare";"Brightness";"";"det var ocks‚àö‚Ä¢ andra var lite ljusare ‚àö¬ßn den f‚àö‚àÇrsta";"";""
"211";14;"Swedish";"T-S";10;2;"mörkare";"Brightness";"";"m‚àö‚àÇrkare liksom ( ) den f‚àö‚àÇrsta";"";""
"212";14;"Swedish";"T-S";11;1;"ljusare";"Brightness";"";"f‚àö‚àÇrsta var ljusare";"";""
"213";14;"Swedish";"T-S";11;2;"mörkare";"Brightness";"";"men den var i alla fall m‚àö‚àÇrkare ‚àö¬ßn den ljusa";"";""
"214";14;"Swedish";"T-S";12;1;"ljus";"Brightness";"";"den f‚àö‚àÇrsta var mer ljus liksom";"";""
"215";14;"Swedish";"T-S";12;2;"mörk";"Brightness";"";"den andra mer m‚àö‚àÇrk r‚àö‚àÇst";"";""
"216";14;"Swedish";"T-S";13;1;"uppåt";"Height";"";"den f‚àö‚àÇrsta mer den g‚àö‚Ä¢r mer upp‚àö‚Ä¢t liksom";"";""
"217";14;"Swedish";"T-S";13;2;"andra";"Brightness";"";"i det ljusa ‚àö¬ßn den andra";"";""
"218";14;"Swedish";"T-S";14;1;"ljusare";"Brightness";"";"andra var mycket ljusare r‚àö‚àÇst";"";""
"219";14;"Swedish";"T-S";15;1;"ljusare";"Brightness";"";"andra var ljusare ‚àö¬ßn den f‚àö‚àÇrsta";"";""
"220";15;"Swedish";"S-T";1;1;"ljusa";"Brightness";"";"det var eh v‚àö¬ßldigt ljusa kvinnliga r‚àö‚àÇster";"";""
"221";15;"Swedish";"S-T";1;2;"ljusare";"Brightness";"";"den f‚àö‚àÇrsta var lite ljusare ‚àö¬ßn den andra";"";""
"222";15;"Swedish";"S-T";2;1;"mörka";"Brightness";"";"det h‚àö¬ßr var en m‚àö‚àÇrk eller tv‚àö‚Ä¢ m‚àö‚àÇrka r‚àö‚àÇster";"";""
"223";15;"Swedish";"S-T";3;1;"ljusa";"Brightness";"";"ljusa";"";""
"224";15;"Swedish";"S-T";3;2;"ljus";"Brightness";"";"den ena var ganska ljus";"";""
"225";15;"Swedish";"S-T";3;3;"ljusare";"Brightness";"";"den andra var betydligt ljusare";"";""
"226";15;"Swedish";"S-T";4;1;"mörk";"Brightness";"hands not aligned, compare with next";"den ena var ganska m‚àö‚àÇrk";"";""
"227";15;"Swedish";"S-T";4;2;"ljust";"Brightness";"";"ganska ljust f‚àö‚àÇr en manlig r‚àö‚àÇst";"";""
"228";15;"Swedish";"S-T";5;1;"ljus";"Brightness";"";"den andra var en ganska ljus kvinnlig r‚àö‚àÇst";"";""
"229";15;"Swedish";"S-T";6;1;"mörka";"Brightness";"";"det h‚àö¬ßr var tv‚àö‚Ä¢ m‚àö‚àÇrka r‚àö‚àÇster";"";""
"230";15;"Swedish";"S-T";6;2;"mörkare";"Brightness";"";"den ena var n‚àö‚Ä¢got m‚àö‚àÇrkare ‚àö¬ßn den andra";"";""
"231";15;"Swedish";"S-T";7;1;"ljusa";"Brightness";"";"h‚àö¬ßr ‚àö¬ßr det tv‚àö‚Ä¢ ljusa r‚àö‚àÇster";"";""
"232";15;"Swedish";"S-T";8;1;"mörk";"Brightness";"";"den f‚àö‚àÇrsta ‚àö¬ßr en ganska m‚àö‚àÇrk manlig r‚àö‚àÇst";"";""
"233";15;"Swedish";"S-T";8;2;"ljus";"Brightness";"";"och den andra ‚àö¬ßr en ganska ljus kvinnlig r‚àö‚àÇst";"";""
"234";15;"Swedish";"S-T";9;1;"ljus";"Brightness";"compare with next";"v‚àö¬ßldigt ljus kvinnor‚àö‚àÇst";"";""
"235";15;"Swedish";"S-T";9;2;"mörk";"Brightness";"";"den andra en ganska m‚àö‚àÇrk";"";""
"236";15;"Swedish";"S-T";10;1;"ljusa";"Brightness";"";"ljusa";"";""
"237";15;"Swedish";"S-T";10;2;"ljusare";"Brightness";"";"det f‚àö‚àÇrsta ‚àö¬ßr n‚àö‚Ä¢got ljusare ‚àö¬ßn det andra";"";""
"238";15;"Swedish";"S-T";10;2;"andra";"Brightness";"";"det f‚àö‚àÇrsta ‚àö¬ßr n‚àö‚Ä¢got ljusare ‚àö¬ßn det andra";"";""
"239";15;"Swedish";"S-T";11;1;"mörka";"Brightness";"";"det var m‚àö‚àÇrka tv‚àö‚Ä¢ manliga m‚àö‚àÇrka r‚àö‚àÇster";"";""
"240";15;"Swedish";"S-T";11;2;"mörkare";"Brightness";"";"den andra ‚àö¬ßr n‚àö‚Ä¢got m‚àö‚àÇrkare ‚àö¬ßn den f‚àö‚àÇrsta";"";""
"241";15;"Swedish";"S-T";11;2;"första";"Brightness";"";"den andra ‚àö¬ßr n‚àö‚Ä¢got m‚àö‚àÇrkare ‚àö¬ßn den f‚àö‚àÇrsta";"";""
"242";15;"Swedish";"S-T";12;1;"ljus";"Brightness";"";"och den andra ‚àö¬ßr en ganska ljus kvinnlig r‚àö‚àÇst";"";""
"243";15;"Swedish";"S-T";12;2;"ljusa";"Brightness";"";"utan den ‚àö¬ßr mer ‚àö‚Ä¢t det ljusa h‚àö‚Ä¢llet";"";""
"244";15;"Swedish";"S-T";13;1;"mörkare";"Brightness";"";"lite m‚àö‚àÇrkare ‚àö¬ßn den andra";"";""
"245";15;"Swedish";"S-T";13;1;"andra";"Brightness";"";"lite m‚àö‚àÇrkare ‚àö¬ßn den andra";"";""
"246";15;"Swedish";"S-T";13;2;"starkare";"Strength";"";"den f‚àö‚àÇrsta har lite starkare r‚àö‚àÇst";"strength";""
"247";15;"Swedish";"S-T";14;1;"mörk";"Brightness";"";"den f‚àö‚àÇrsta ‚àö¬ßr en ganska m‚àö‚àÇrk manlig r‚àö‚àÇst";"";""
"248";15;"Swedish";"S-T";14;2;"ljus";"Brightness";"";"och den andra en ganska ljus kvinnlig r‚àö‚àÇst";"";""
"249";15;"Swedish";"S-T";15;1;"mörk";"Brightness";"";"m‚àö‚àÇrk m‚àö‚àÇrk r‚àö‚àÇst";"";""
"250";15;"Swedish";"S-T";15;2;"ljus";"Brightness";"";"och en v‚àö¬ßldig ljus kvinnlig r‚àö‚àÇst";"";""
"251";15;"Turkish";"S-T";1;2;"yuksek";"Height";"gesture slightly before";"Ikinci ses bir kadin galiba, yuksek tonda s‚àö‚àÇyluyor";"";""
"252";15;"Turkish";"S-T";2;2;"acik";"Brightness";"Participant is probably refering to ""light"" because she is contrasting this sound to a ""dark"" sound ";"Ilki ikincisinden daha acik";"acik = 1. light, 2. open";""
"253";15;"Turkish";"S-T";3;2;"yuksek";"Height";"";"Ikincisiyse cok tiz bir kadin sesi, baya yuksek ve acik sesle s‚àö‚àÇyliyor";"";""
"254";15;"Turkish";"S-T";4;1;"koyu";"Brightness";"gesture starts slightly before";"Ikincisiyse erkek sesi, baya koyu";"";""
"255";15;"Turkish";"S-T";5;2;"acik";"Brightness";"";"Orta tondan biraz daha acik bir tiz bir kadin sesi";"";""
"256";15;"Turkish";"S-T";6;1;"acik";"Brightness";"";"Bu iki seste acik sesler, tiz sesler";"";""
"257";15;"Turkish";"S-T";6;2;"acik";"Brightness";"";"Ikinci ses ilk sesten daha acik ve daha tiz";"";""
"258";15;"Turkish";"S-T";7;2;"koyu";"Brightness";"";"Ilki ikincisinden bir tik daha koyu bir renk";"";""
"259";15;"Turkish";"S-T";8;2;"acik";"Brightness";"";"Ikincisi hafif tiz, hafif acik";"";""
"260";15;"Turkish";"S-T";9;2;"acik";"Brightness";"";"Ikinci seste baya baya acik bir...";"";""
"261";15;"Turkish";"S-T";10;1;"acik";"Brightness";"";"Ikiside baya acik yani,  tiz";"";""
"262";15;"Turkish";"S-T";11;1;"koyu";"Brightness";"";"Ilk ses baya baya koyu bir erkek sesi";"";""
"263";15;"Turkish";"S-T";11;2;"acik";"Brightness";"";"Ikinci ses ortadan bir tik daha acik bir kadin sesi";"";""
"264";15;"Turkish";"S-T";12;1;"koyu";"Brightness";"";"Erkek sesi biraz daha koyu";"";""
"265";15;"Turkish";"S-T";13;1;"koyu";"Brightness";"";"Ilki baya koyu bir ses";"";""
"266";15;"Turkish";"S-T";13;2;"acik";"Brightness";"";"Ikincisi o koyudan biraz daha acik bir ses";"";""
"267";15;"Turkish";"S-T";13;3;"koyu";"Brightness";"";"Ama ikiside baya koyu yani";"";""
"268";15;"Turkish";"S-T";14;1;"koyu";"Brightness";"";"Ilki koyu";"";""
"269";15;"Turkish";"S-T";14;2;"acik";"Brightness";"";"Ikincisi acik, tiz bir ses";"";""
"270";15;"Turkish";"S-T";15;1;"acik";"Brightness";"";"Ikiside acik, tiz kadin sesleri";"";""
"271";16;"Turkish";"T-S";1;1;"inceydi";"Thickness";"";"Inceden inceye dogru gidiyordu";"inceye = thin + dative";""
"272";16;"Turkish";"T-S";2;1;"kalin";"Thickness";"";"Tizden kalina gecti";"kalina = thick + dative";""
"273";16;"Turkish";"T-S";3;1;"kalin";"Thickness";"gesture slightly after";"Bu da iki kalin sesti";"";""
"274";16;"Turkish";"T-S";6;1;"kalin";"Thickness";"gesture continues";"Kalin";"";""
"275";16;"Turkish";"T-S";8;1;"kalin";"Thickness";"";"Tamamen ayni, iki kalin";"";""
"276";16;"Turkish";"T-S";9;1;"inceydi";"Thickness";"";"Ilk ses cok inceydi";"inceydi = thin + past tense";""
"277";16;"Turkish";"T-S";9;2;"inceydi";"Thickness";"";"Ikinci seste inceydi";"inceydi = thin + past tense";""
"278";16;"Turkish";"T-S";10;1;"inceydi";"Thickness";"";"Bu ikiside b‚àö‚àÇyle inceydi";"inceydi = thin + past tense";""
"279";16;"Turkish";"T-S";11;1;"kalin";"Thickness";"";"Ilki kalin";"";""
"280";16;"Turkish";"T-S";11;2;"ince";"Thickness";"";"Ikincisi ince";"";""
"281";16;"Turkish";"T-S";12;1;"kalin";"Thickness";"";"Biri cok kalin";"";""
"282";16;"Turkish";"T-S";12;2;"ince";"Thickness";"";"Biri cok ince";"";""
"283";16;"Turkish";"T-S";13;1;"ince";"Thickness";"";"Iki b‚àö‚àÇyle ince ses";"";""
"284";16;"Turkish";"T-S";14;1;"inceden";"Thickness";"";"Cok inceden cok kalina";"inceden = thin + ablative";""
"285";16;"Turkish";"T-S";14;1;"kalina";"Thickness";"gesture after";"Cok inceden cok kalina";"kalina = thick + dative";""
"286";16;"Turkish";"T-S";15;1;"kalindan";"Thickness";"see next";"Cok kalindan cok inceye";"kalindan = thick + ablative";""
"287";16;"Turkish";"T-S";15;1;"inceye";"Thickness";"see before";"Cok kalindan cok inceye";"inceye = thin + dative";""
"288";16;"Turkish";"T-S";15;2;"kalin";"Thickness";"";"Ilki cok kalin";"";""
"289";16;"Turkish";"T-S";15;3;"inceydi";"Thickness";"";"Digeri cok inceydi";"inceydi = thin + past tense";""
"290";16;"Swedish";"T-S";1;1;"tyngre";"Mass";"";"lite tyngre toner";"weight";"participant uses several metaphors, e.g. brightness, thickness and height in trial 3"
"291";16;"Swedish";"T-S";1;2;"tyngre";"Mass";"";"den sista var tyngre ‚àö¬ßn den f‚àö‚àÇrsta";"weight";"participant uses several metaphors, e.g. brightness, thickness and height in trial 3"
"292";16;"Swedish";"T-S";1;2;"första";"Mass";"";"den sista var tyngre ‚àö¬ßn den f‚àö‚àÇrsta";"weight";"participant uses several metaphors, e.g. brightness, thickness and height in trial 3"
"293";16;"Swedish";"T-S";2;1;"tyngre";"Mass";"";"alts‚àö‚Ä¢ tyngre";"weight";""
"294";16;"Swedish";"T-S";3;1;"ljusare";"Brightness";"";"nu var det tv‚àö‚Ä¢ ljusare toner";"";""
"295";16;"Swedish";"T-S";3;2;"tunnare";"Thickness";"gesture by right hand, left belongs to next";"den sista var tunnare ‚àö¬ßn den f‚àö‚àÇrsta";"";""
"296";16;"Swedish";"T-S";3;2;"första";"Thickness";"see before";"den sista var tunnare ‚àö¬ßn den f‚àö‚àÇrsta";"";""
"297";16;"Swedish";"T-S";4;1;"tunnaste";"Thickness";"";"f‚àö‚àÇrsta var den tunnaste";"";""
"298";16;"Swedish";"T-S";4;2;"tunn";"Thickness";"";"men fortfarande tunn";"";""
"299";16;"Swedish";"T-S";5;1;"tunn";"Thickness";"";"andra tunn";"";""
"300";16;"Swedish";"T-S";6;1;"tunna";"Thickness";"";"tunna";"";""
"301";16;"Swedish";"T-S";7;1;"tyngre";"Mass";"";"tv‚àö‚Ä¢ tyngre basser";"weight";""
"302";16;"Swedish";"T-S";8;1;"tunn";"Thickness";"";"en tunn";"";""
"303";16;"Swedish";"T-S";9;1;"tunn";"Thickness";"";"en j‚àö¬ßtte tunn";"";""
"304";16;"Swedish";"T-S";9;2;"tyngre";"Mass";"gesture at the end, compare with prior";"och en j‚àö¬ßtte . eh. tyngre";"weight";""
"305";16;"Swedish";"T-S";10;1;"tunnare";"Thickness";"";"en lite tunnare";"";""
"306";16;"Swedish";"T-S";10;2;"tyngre";"Mass";"gesture starts slightly before";"n‚àö‚Ä¢gon";"weight";""
"307";16;"Swedish";"T-S";11;1;"tunnare";"Thickness";"";"den f‚àö‚àÇrsta var  . tunnare";"";""
"308";16;"Swedish";"T-S";11;2;"tyngre";"Mass";"gesture left hand";"den andra lite tyngre";"weight";""
"309";16;"Swedish";"T-S";12;1;"tunna";"Thickness";"";"tv‚àö‚Ä¢ tunna";"";""
"310";16;"Swedish";"T-S";13;1;"tyngre";"Mass";"";"lite tyngre";"weight";""
"311";16;"Swedish";"T-S";13;2;"svagare";"Mass";"compare with prior";"och lite svagare";"strength";""
"312";16;"Swedish";"T-S";14;1;"svaga";"Strength";"gesture sligthly after";"tv‚àö‚Ä¢ svaga tunna";"strength";""
"313";16;"Swedish";"T-S";14;2;"tunn";"Thickness";"";"v‚àö¬ßldigt tunn";"";""
"314";16;"Swedish";"T-S";14;3;"tunn";"Thickness";"";"och den andra eh. ocks‚àö‚Ä¢ tunn";"";""
"315";16;"Swedish";"T-S";15;1;"smallare";"Thickness";"gesture right hand";"smallare ‚àö¬ßn den andra";"";""
"316";16;"Swedish";"T-S";15;1;"andra";"Thickness";"gesture left hand";"smallare ‚àö¬ßn den andra";"";""
"317";2;"Turkish";"T-S";6;1;"kalin";"Thickness";"";"Ilki kalin";"";""
"318";2;"Turkish";"T-S";6;2;"kalin";"Thickness";"";"Ikinci ondan daha baskin bir kalin";"";""
"319";2;"Turkish";"T-S";7;1;"ince";"Thickness";"";"Ilk daha b‚àö‚àÇyle bir ince bir tonda";"";""
"320";2;"Turkish";"T-S";9;1;"ince";"Thickness";"";"Daha ince";"";""
"321";2;"Turkish";"T-S";10;1;"ince";"Thickness";"";"Ikiside ince";"";""
"322";2;"Turkish";"T-S";10;2;"ince";"Thickness";"";"Ikinci daha b‚àö‚àÇyle bir... sey... yani hepten ince";"";""
"323";2;"Turkish";"T-S";11;1;"kalin";"Thickness";"";"Kalin";"";""
"324";2;"Turkish";"T-S";11;2;"ince";"Thickness";"";"Ikinci koro, ince";"";""
"325";2;"Turkish";"T-S";12;1;"yumsak";"Softness";"";"Fakat ikinci daha bir b‚àö‚àÇyle bir ""a""yi daha bir yumsak ve daha yuksek s‚àö‚àÇyluyor";"soft";""
"326";2;"Turkish";"T-S";NA;1;"yukseliyor";"Height";"";"Biri daha b‚àö‚àÇyle bir yukseliyor";"yukseliyor = is becoming more high / ascending";""
"327";2;"Turkish";"T-S";14;1;"yukselis";"Height";"";"Ikincide daha b‚àö‚àÇyle bir o sesten b‚àö‚àÇyle bir yukselis var";"yukselis = a rise";""
"328";2;"Swedish";"T-S";1;1;"mörkare";"Brightness";"";"ett ‚àö¬ßr m‚àö‚àÇrkare i tonen";"";""
"329";2;"Swedish";"T-S";1;2;"mjukare";"Softness";"";"medans tv‚àö‚Ä¢ ‚àö¬ßr mjukare";"softer";""
"330";2;"Swedish";"T-S";2;1;"höjd";"Height";"";"lite mer s‚àö‚Ä¢ h‚àö¬ßr h‚àö‚àÇjd ton";"";""
"331";2;"Swedish";"T-S";2;2;"mörkare";"Brightness";"";"mycket m‚àö‚àÇrkare m‚àö‚àÇrkare ton";"";""
"332";2;"Swedish";"T-S";3;1;"starkare";"Strength";"";"men ett k‚àö¬ßnns starkare ( ) (tv‚àö‚Ä¢aren)";"";""
"333";2;"Swedish";"T-S";3;1;"?";"Strength";"";"men ett k‚àö¬ßnns starkare ( ) (tv‚àö‚Ä¢aren)";"";""
"334";2;"Swedish";"T-S";4;1;"mörkare";"Brightness";"";"etteren ‚àö¬ßr m‚àö‚àÇrkare i tonen (  ) (tv‚àö‚Ä¢aren)";"";""
"335";2;"Swedish";"T-S";5;1;"(sträd)";"?";"";"etteren k‚àö¬ßnns lite mer (str‚àö¬ßd) i tonen";"";""
"336";2;"Swedish";"T-S";6;1;"mjukare";"Softness";"";"fast etteren ‚àö¬ßr mjukare";"";""
"337";2;"Swedish";"T-S";8;1;"mörk";"Brightness";"";"etteren v‚àö¬ßldigt v‚àö¬ßldigt m‚àö‚àÇrk ton";"";""
"338";2;"Swedish";"T-S";8;2;"ljus";"Brightness";"";"tv‚àö‚Ä¢aren ‚àö¬ßr v‚àö¬ßldigt v‚àö¬ßldigt ljus ton";"";""
"339";2;"Swedish";"T-S";9;1;"ljusa";"Brightness";"";"b‚àö‚Ä¢da tv‚àö‚Ä¢ ‚àö¬ßr ju . ljusa";"";""
"340";2;"Swedish";"T-S";10;1;"ljus";"Brightness";"";"etteren ‚àö¬ßr v‚àö¬ßldigt v‚àö¬ßldigt ljus ";"";""
"341";2;"Swedish";"T-S";10;2;"mörk";"Brightness";"";"tv‚àö‚Ä¢aren ‚àö¬ßr v‚àö¬ßldigt v‚àö¬ßldigt m‚àö‚àÇrk ton";"";""
"342";2;"Swedish";"T-S";11;1;"höja";"Height";"";"som eh h‚àö‚àÇja typ";"";""
"343";2;"Swedish";"T-S";12;1;"mörkare";"Brightness";"";"fast etteren ‚àö¬ßr eh m‚àö‚àÇrkare i tonen ( )";"";""
"344";2;"Swedish";"T-S";13;1;"ljusare";"Brightness";"";"tv‚àö‚Ä¢aren ‚àö¬ßr ljusare i tonen";"";""
"345";2;"Swedish";"T-S";14;1;"ljus";"Brightness";"";"etteren v‚àö¬ßldigt eh ljus";"";""
"346";2;"Swedish";"T-S";14;2;"mörk";"Brightness";"see context";"och tv‚àö‚Ä¢aren ‚àö¬ßr v‚àö¬ßldigt m‚àö‚àÇrk";"";""
"347";2;"Swedish";"T-S";15;1;"ljusa";"Brightness";"";"b‚àö‚Ä¢da tv‚àö‚Ä¢ ‚àö¬ßr ljusa i tonen";"";""
"348";2;"Swedish";"T-S";15;1;"höjer";"Height";"";"f‚àö‚àÇrsta h‚àö‚àÇjer";"";""
"349";2;"Swedish";"T-S";15;2;"sänker";"Height";"";"tv‚àö‚Ä¢aren s‚àö¬ßnker";"";""
"350";3;"Swedish";"S-T";1;1;"lägre";"Height";"";"och den f‚àö‚àÇrsta ‚àö¬ßr . ja . mycket l‚àö¬ßgre ( ), alts‚àö‚Ä¢ h‚àö¬ßr n‚àö‚Ä¢gonstans";"";""
"351";3;"Swedish";"S-T";1;2;"högre";"Height";"";"och den andra liksom ( ), () sneppet h‚àö‚àÇgre";"";""
"352";3;"Swedish";"S-T";2;1;"mörk";"Brightness";"";"denna f‚àö‚àÇrsta var mycket mycket m‚àö‚àÇrk";"";""
"353";3;"Swedish";"S-T";3;1;"mörk";"Brightness";"";"den som var typ m‚àö‚àÇrk det var den";"";""
"354";3;"Swedish";"S-T";3;2;"ljusare";"Brightness";"";"mycket ljusare";"";""
"355";3;"Swedish";"S-T";4;2;"jjust";"Brightness";"";"p‚àö‚Ä¢ en skala till 1, 1-10, d‚àö¬ßr 10 ‚àö¬ßr j‚àö¬ßtteljust, s‚àö‚Ä¢ var det en sekser";"";""
"356";3;"Swedish";"S-T";4;3;"9er";"Brightness";"";"och den andra . var typ en 9er";"";""
"357";3;"Swedish";"S-T";6;1;"ljus";"Brightness";"";"den f‚àö‚àÇrsta var v‚àö¬ßldigt ljus";"";""
"358";3;"Swedish";"S-T";7;1;"mörkare";"Brightness";"";"den ena m‚àö‚àÇrkare ‚àö¬ßn den andra";"";""
"359";3;"Swedish";"S-T";8;1;"syv-otte";"Brightness";"";"och sen den andra var i det h‚àö¬ßr 7-8 skalan av ljuset";"";""
"360";3;"Swedish";"S-T";9;1;"ljusare";"Brightness";"";"ljusare ( )";"";""
"361";3;"Swedish";"S-T";9;2;"lägre";"Height";"";"den andra var ( ) l‚àö¬ßgre m‚àö‚àÇrk ‚àö¬ßn den som ( )";"";""
"362";3;"Swedish";"S-T";10;1;"mörkare";"Brightness";"";"och den andra r‚àö‚àÇsten var typ en m‚àö‚àÇrkare ljus";"";""
"363";3;"Swedish";"S-T";10;2;"ljus";"Brightness";"see before";"och sen ljus kvinna";"";""
"364";3;"Swedish";"S-T";12;1;"ljusa";"Brightness";"";"de tv‚àö‚Ä¢ ljusa likson kvinnor‚àö‚àÇster";"";""
"365";3;"Swedish";"S-T";13;1;"7er";"Brightness";"";"i m‚àö‚àÇrkhetskala typ s‚àö‚Ä¢ . en 7er p‚àö‚Ä¢ den f‚àö‚àÇrsta";"";""
"366";3;"Swedish";"S-T";13;2;"6er";"Brightness";"";"och den andra ljusa i ljusthetskala typ en 6er";"";""
"367";3;"Swedish";"S-T";14;1;"mörk";"Brightness";"";"den f‚àö‚àÇrsta ‚àö¬ßr v‚àö¬ßldigt m‚àö‚àÇrk";"";""
"368";3;"Swedish";"S-T";14;2;"högt";"Brightness";"";"och ljushetsskalan p‚àö‚Ä¢ den andra r‚àö‚àÇsten var v‚àö¬ßldigt h‚àö‚àÇgt, typ en 9er";"";""
"369";3;"Swedish";"S-T";15;1;"ljusare";"Brightness";"";"fast lite ljusare";"";""
"370";3;"Swedish";"S-T";15;2;"mörkare";"Brightness";"";"m‚àö‚àÇrkare";"";""
"371";3;"Turkish";"S-T";2;1;"yukarda";"Height";"gesture starts earlier";"Birtanesi cok hani, degelim sekiz, yukarda b‚àö‚àÇyle gidiyor";"yukarda = high+locative";""
"372";3;"Turkish";"S-T";3;2;"yuksek";"Height";"";"Cok yuksek";"";""
"373";3;"Turkish";"S-T";4;1;"yuksek";"Height";"";"Ikincisi daha cok yuksek";"";""
"374";3;"Turkish";"S-T";4;2;"asarda";"Height";"";"Birincisi biraz asarda";"asarda = down + locative";""
"375";3;"Turkish";"S-T";6;2;"yukarda";"Height";"";"Ikinci ses cok cok cok yukarda";"yukarda = above /high + locative";""
"376";3;"Turkish";"S-T";7;1;"usttunde";"Height";"";"‚àö√±busu tam ustunde";"ustunde = above + poss+locative";""
"377";3;"Turkish";"S-T";8;2;"yuksek";"Height";"";"Ama yuksek biraz";"";""
"378";3;"Turkish";"S-T";10;1;"asarda";"Height";"";"Bir tane biraz asarda ses, kadin sesi";"asarda = down + locative";""
"379";3;"Turkish";"S-T";10;2;"yuksek";"Height";"";"Bir tanesi biraz yuksek kadin sesi";"";""
"380";3;"Turkish";"S-T";11;2;"yuksek";"Height";"gesture starts earlier";"‚àö√±busu kadin ve yuksek";"";""
"381";3;"Turkish";"S-T";12;1;"asada";"Height";"gesture starts earlier";"Bir cok, cok, cok cok hani asarda, buyuk bir ""proffesional"" (eng) adam";"asarda = down + locative";""
"382";4;"Turkish";"T-S";1;1;"yuksekti";"Height";"";"Ilk ses biraz daha yuksekti ";"yuksekti = high + past tense";""
"383";4;"Turkish";"T-S";1;2;"inceydi";"Thickness";"";"Ikinci ses daha b‚àö‚àÇyle inceydi";"inceydi = thin + past tense";""
"384";4;"Turkish";"T-S";2;1;"kalin";"Thickness";"";"Ilki b‚àö‚àÇyle daha kalin sesliydi";"";""
"385";4;"Turkish";"T-S";3;1;"inceydi";"Thickness";"The confederate asked about what quality the first sound had, they then listened to the recordings again and this was the participant's reply. You might want to exclude this part. ";"Kalitesi inceydi";"inceydi = thin + past tense";""
"386";4;"Turkish";"T-S";5;1;"ince";"Thickness";"";"Ilki ince sesli ama net";"";""
"387";4;"Turkish";"T-S";5;2;"ince";"Thickness";"";"Ikincisi de ayni ince sesli ama biraz daha b‚àö‚àÇyle bagirarak sanki s‚àö‚àÇyluyor";"";""
"388";4;"Turkish";"T-S";11;1;"kalindi";"Thickness";"";"Erkegin sesi daha b‚àö‚àÇyle kalindi";"kalindi = thick + past tense";""
"389";4;"Turkish";"T-S";11;2;"inceydi";"Thickness";"";"Kizin sesi daha inceydi";"inceydi = thin + past tense";""
"390";4;"Turkish";"T-S";12;1;"kalindi";"Thickness";"";"Biraz kalindi sesleri";"kalindi = thick + past tense";""
"391";4;"Turkish";"T-S";13;1;"kalin";"Thickness";"";"Ilki erkekti, kalin sesli";"";""
"392";4;"Turkish";"T-S";14;1;"kalindi";"Thickness";"";"Ilkinin sesi kalindi";"kalindi = thick + past tense";""
"393";4;"Turkish";"T-S";14;2;"inceydi";"Thickness";"";"Digerinin cok daha farkli, inceydi";"inceydi = thin + past tense";""
"394";4;"Turkish";"T-S";15;1;"ince";"Thickness";"";"Kadindi, cok ince sesli";"";""
"395";4;"Swedish";"T-S";1;1;"?";"?";"";"?";"";""
"396";4;"Swedish";"T-S";2;1;"grova";"Roughness";"";"dom var mer s‚àö‚Ä¢ d‚àö¬ßr grova i r‚àö‚àÇsten";"roughness";""
"397";4;"Swedish";"T-S";2;2;"mildere";"Mildness";"";"dom var mycket mildere i r‚àö‚àÇsten";"roughness";""
"398";4;"Swedish";"T-S";4;1;"grova";"Roughness";"";"dom var begge grova i r‚àö‚àÇsten";"roughness";""
"399";4;"Swedish";"T-S";6;1;"hög";"Height";"";"begge tv‚àö‚Ä¢ var kvinnor, den f‚àö‚àÇrsta var lite mer pippiga och liksom lite h‚àö‚àÇg ljud";"";""
"400";4;"Swedish";"T-S";6;2;"mildere";"Mildness";"";"den andra var lite mer mildere och hade samma ton hela tiden";"";""
"401";4;"Swedish";"T-S";7;1;"hög";"Height";"";"den f‚àö‚àÇrsta var en kvinlig som hade v‚àö¬ßldigt pipig r‚àö‚àÇst och v‚àö¬ßldigt h‚àö‚àÇg";"";""
"402";4;"Swedish";"T-S";9;1;"mild";"Mildness";"";"och den var mild och j‚àö¬ßmn i tonen";"roughness";""
"403";4;"Swedish";"T-S";11;1;"mild";"Mildness";"";"den f‚àö‚àÇrsta var lite mer mild";"roughness";""
"404";4;"Swedish";"T-S";11;2;"grov";"Roughness";"";"och den andra var lite mer grov och pipig";"roughness";""
"405";4;"Swedish";"T-S";12;1;"mild";"Mildness";"";"en kvinna, med mild och j‚àö¬ßmn r‚àö‚àÇst hela tiden'";"roughness";""
"406";5;"Swedish";"S-T";1;1;"lägre";"Height";"";"det ‚àö¬ßr samma fast lite l‚àö¬ßgre";"";""
"407";5;"Swedish";"S-T";4;1;"mörk";"Brightness";"";"(   ) j‚àö¬ßtte j‚àö¬ßtte m‚àö‚àÇrk basr‚àö‚àÇst";"";""
"408";5;"Swedish";"S-T";5;1;"mjuk";"Softness";"";"den andra ‚àö¬ßr maskulin men m‚àö‚àÇrk";"softness";""
"409";5;"Swedish";"S-T";8;1;"högre";"Height";"";"den andra var () det mer h‚àö‚àÇger klang";"";""
"410";5;"Swedish";"S-T";10;1;"låg";"Height";"";"samma tonart, lite l‚àö‚Ä¢g";"";""
"411";5;"Swedish";"S-T";11;1;"skarpare";"Sharpness";"";"h‚àö¬ßr var ju andra tonen ehh s‚àö‚Ä¢n lite 8) skarpare";"sharpness";""
"412";5;"Swedish";"S-T";12;1;"djupare";"Height";"";"den andra var lite djupare";"";""
"413";5;"Swedish";"S-T";13;1;"högre";"Height";"";"den f‚àö‚àÇrsta var lite h‚àö‚àÇgre";"";""
"414";5;"Swedish";"S-T";14;1;"låg";"Height";"";"den f‚àö‚àÇrsta var lite . alts‚àö‚Ä¢ . l‚àö‚Ä¢g p‚àö‚Ä¢ et jobbigt s‚àö¬ßtt";"";""
"415";5;"Swedish";"S-T";14;2;"låg";"Height";"";"och den andrea var . ( ) l‚àö‚Ä¢g ton";"";""
"416";5;"Swedish";"S-T";15;1;"högre";"Height";"";"h‚àö‚àÇgre";"";""
"417";5;"Turkish";"S-T";3;1;"yuksek";"Height";"";"Ilki biraz daha yuksek, tiz bir ses yani";"";""
"418";5;"Turkish";"S-T";4;1;"yuksek";"Height";"gesture before";"Ikincisi dedigimiz gibi o yuksek seviyede bir disi sesi";"";""
"419";5;"Turkish";"S-T";6;1;"yuksek";"Height";"gesture starts before";"Ya bayan, ya kastrat, yuksek oktavli bir ses";"";""
"420";5;"Turkish";"S-T";7;1;"yuksek";"Height";"gesture slightly later";"Ikincisi kesinlikle bir bayan ama biraz daha yuksek bir oktavda bir ses";"";""
"421";5;"Turkish";"S-T";13;1;"yuksek";"Height";"";"Ikincisi daha yuksek bir tonda";"";""
"422";6;"Turkish";"T-S";1;1;"yuksek";"Height";"";"Biri daha yuksek";"";""
"423";6;"Turkish";"T-S";1;2;"asagda";"Height";"";"Biri daha asarda";"asagda = down + locative";""
"424";6;"Turkish";"T-S";2;1;"asagda";"Height";"";"Biri asagda basladi";"asagda = down + locative";""
"425";6;"Turkish";"T-S";2;2;"yuksek";"Height";"";"Ikincisi daha yuksek";"";""
"426";6;"Turkish";"T-S";3;1;"yuksekti";"Height";"";"Ikiside cok yuksekti";"yuksekti = high + past tense";""
"427";6;"Turkish";"T-S";3;2;"yuksekti";"Height";"";"Ama ikincisi tam yuksekti";"yuksekti = high + past tense";""
"428";6;"Turkish";"T-S";4;1;"yuksekti";"Height";"";"Birincisi yuksekti";"yuksekti = high + past tense";""
"429";6;"Turkish";"T-S";4;2;"asardaydi";"Height";"";"Eh... Ikincisi baya... eh... daha asardaydi";"asardaydi = down + locative + past tense";""
"430";6;"Turkish";"T-S";5;1;"yuksekti";"Height";"";"Kadin sesi yuksekti";"yuksekti = high + past tense";""
"431";6;"Turkish";"T-S";5;2;"asardaydi";"Height";"gesture starts earlier";"Erkek sesi asardaydi";"asardaydi = down + locative + past tense";""
"432";6;"Turkish";"T-S";6;1;"asagda";"Height";"";"Erkek sesiyle basladi ama cok asarda yani";"asagda = down + locative";""
"433";6;"Turkish";"T-S";6;2;"yuksekti";"Height";"";"Kadin sesi, b‚àö‚àÇyle orta ton, yuksekti ama o kadarda yuksek eskisi gibi degildi";"yuksekti = high + past tense";""
"434";6;"Turkish";"T-S";8;2;"yuksekte";"Height";"";"Ondan sonra kadin sesi, cok yuksekte";"yuksekte = high + locative";""
"435";6;"Turkish";"T-S";10;1;"yuksekteydi";"Height";"";"Ilk yuksekteydi";"yuksekteydi = high + locative + past tense";""
"436";6;"Turkish";"T-S";11;2;"asagdaydi";"Height";"";"‚àö√±burusu baya asagdaydi";"asagdaydi = down + locative + past tense";""
"437";6;"Turkish";"T-S";12;2;"yuksekteydi";"Height";"";"Ikincisi erkek sesi, bence biraz yuksekteydi";"yuksekteydi = high + locative + past tense";""
"438";6;"Turkish";"T-S";13;1;"yuksek";"Height";"";"Birincisi kadin sesi, yuksek tonda";"";""
"439";6;"Turkish";"T-S";14;1;"alcak";"Height";"";"Zannediyorum kadin sesi asag.. alcak tonda yani";"";""
"440";6;"Turkish";"T-S";14;2;"yuksek";"Height";"";"Ikincisi gene kadin sesi, yuksek tondaydi";"";""
"441";6;"Turkish";"T-S";15;2;"asagda";"Height";"";"Ikincisi erkek sesi, cok asagda ton... alcak tonda yani";"asagda = down + locative";""
"442";6;"Swedish";"T-S";1;1;"låg";"Height";"";"den andra var ganska l‚àö‚Ä¢g";"";""
"443";6;"Swedish";"T-S";2;1;"hög";"Height";"gesture earlier";"den andra var . h‚àö‚àÇg";"";""
"444";6;"Swedish";"T-S";3;1;"högre";"Height";"gesture earlier";"och den andra var en mannlig, kanske n‚àö‚Ä¢got h‚àö‚àÇgre";"";""
"445";6;"Swedish";"T-S";4;1;"hög";"Height";"";"och den andra en ganska h‚àö‚àÇg kvinlig r‚àö‚àÇst";"";""
"446";6;"Swedish";"T-S";5;1;"låg";"Height";"";"kvinlig i s‚àö‚Ä¢ fall l‚àö‚Ä¢g";"";""
"447";6;"Swedish";"T-S";5;2;"hög";"Height";"";"den andra en kvinlig ganska h‚àö‚àÇg";"";""
"448";6;"Swedish";"T-S";6;1;"hög";"Height";"";"denna f‚àö‚àÇrsta ‚àö¬ßr j‚àö¬ßtte h‚àö‚àÇg";"";""
"449";6;"Swedish";"T-S";7;1;"hög";"Height";"";"den f‚àö‚àÇrsta . kvinnlig r‚àö‚àÇst ganska h‚àö‚àÇg";"";""
"450";6;"Swedish";"T-S";7;2;"låg";"Height";"";"och den andra var en manlig eh v‚àö¬ßldigt l‚àö‚Ä¢g";"";""
"451";6;"Swedish";"T-S";9;1;"hög";"Height";"";"den f‚àö‚àÇrsta ‚àö¬ßr . h‚àö‚àÇg";"";""
"452";6;"Swedish";"T-S";9;2;"låg";"Height";"";"den andra var eh . l‚àö‚Ä¢g";"";""
"453";6;"Swedish";"T-S";10;1;"högre";"Height";"";"n‚àö‚Ä¢got h‚àö‚àÇgre ‚àö¬ßn mitten";"";""
"454";6;"Swedish";"T-S";11;1;"ovanför";"Height";"";"den f‚àö‚àÇrsta ligger ovanf‚àö‚àÇr mitten";"";""
"455";6;"Swedish";"T-S";11;2;"lägre ner";"Height";"";"den andra l‚àö¬ßgre ner";"";""
"456";6;"Swedish";"T-S";12;1;"lägre";"Height";"";"den andra kanske n‚àö‚Ä¢got l‚àö¬ßgre";"";""
"457";6;"Swedish";"T-S";13;1;"lågt";"Height";"";"jag tror den f‚àö‚àÇrsta ‚àö¬ßr en kvinnlig r‚àö‚àÇst ganska l‚àö‚Ä¢gt  ";"";""
"458";6;"Swedish";"T-S";13;2;"hög";"Height";"";"den andra var en kvinnlig h‚àö‚àÇg";"";""
"459";6;"Swedish";"T-S";14;1;"hög";"Height";"";"och den andra ‚àö¬ßr j‚àö¬ßtteh‚àö‚àÇg";"";""
"460";6;"Swedish";"T-S";15;1;"under";"Height";"";"den kvinnliga r‚àö‚àÇst den ligger under .. alts‚àö‚Ä¢ eh . den ‚àö¬ßr l‚àö‚Ä¢g";"";""
"461";6;"Swedish";"T-S";15;2;"låg";"Height";"gesture earlier";"den manliga ‚àö¬ßr verkligen . l‚àö‚Ä¢g";"";""
"462";7;"Swedish";"S-T";1;1;"mjukare";"Softness";"is length used for pitch by this particiopant?";"ehh.. lite lite mjukare i sitt intro";"softness";""
"463";7;"Swedish";"S-T";2;1;"djupare";"Height";"";"f‚àö‚àÇrsta introt ‚àö¬ßr mycket djupare";"";""
"464";7;"Swedish";"S-T";2;2;"djupare";"Height";"";"lite djupare s‚àö‚Ä¢";"";""
"465";7;"Swedish";"S-T";3;1;"djup";"Height";"";"den b‚àö‚àÇrjar djup";"";""
"466";7;"Swedish";"S-T";5;1;"upp och ner";"Height";"";"stikker upp och ner";"";""
"467";7;"Swedish";"S-T";5;2;"mjukare";"Softness";"";"mycket mjukare liksom";"softness";""
"468";7;"Swedish";"S-T";6;1;"stiger";"Height";"length";"det stiger";"";""
"469";7;"Swedish";"S-T";7;1;"djup";"Height";"";"djup ton";"";""
"470";7;"Swedish";"S-T";7;2;"djupare";"Height";"";"lite djupare";"";""
"471";7;"Swedish";"S-T";8;1;"ljusare";"Brightness";"";"men det ‚àö¬ßr ljusare skala p‚àö‚Ä¢ den";"";""
"472";7;"Swedish";"S-T";8;2;"mörkare";"Brightness";"";"medans den andra ‚àö¬ßr m‚àö‚àÇrkare";"";""
"473";7;"Swedish";"S-T";9;1;"mörkare";"Brightness";"";"s‚àö‚Ä¢ mycket m‚àö‚àÇrkare";"";""
"474";7;"Swedish";"S-T";9;2;"mjukare";"Softness";"";"mycket mjukare";"softness";""
"475";7;"Swedish";"S-T";10;1;"mörk";"Brightness";"length";"samma bas och samma m‚àö‚àÇrk";"";""
"476";7;"Swedish";"S-T";11;1;"mörk";"Brightness";"length";"f‚àö‚àÇrsta ‚àö¬ßr v‚àö¬ßldigt kort och v‚àö¬ßldigt m‚àö‚àÇrk";"";""
"477";7;"Swedish";"S-T";11;2;"mjukare";"Softness";"length";"nummer tv‚àö‚Ä¢ ‚àö¬ßr mer eh.. extended alts‚àö‚Ä¢ lite mer utdragen, och mycket mjukare";"softness";""
"478";7;"Swedish";"S-T";13;1;"ljus";"Brightness";"";"den ‚àö¬ßr ljus";"";""
"479";7;"Swedish";"S-T";13;2;"mjukare";"Softness";"";"mjukare";"softness";""
"480";7;"Swedish";"S-T";14;1;"djupt";"Height";"";"mer djupt";"";""
"481";7;"Swedish";"S-T";15;1;"mjukt";"Softness";"";"kan man uppleva det v‚àö¬ßldigt kanske mjukt";"softness";""
"482";7;"Turkish";"S-T";1;1;"yukseliyor";"Height";"";"Birincisi yukseliyor";"yukseliyor = getting higher / ascending";""
"483";7;"Turkish";"S-T";1;2;"batiyor";"Height";"";"Ikincisi biraz daha batiyor gibi yani";"batiyor = sinks / falls";""
"484";7;"Turkish";"S-T";2;2;"yukari";"Height";"";"Ikinici sekvens (swe) te biraz daha eh... ses biraz daha sey oluyor yani, biraz daha... yukari dogru yani veriyor kendini";"";""
"485";7;"Turkish";"S-T";3;1;"kalin";"Thickness";"";"Birincisi cok... ehm... Nasil diyeyim... daha kalin ikincisinden";"";""
"486";7;"Turkish";"S-T";4;1;"ince";"Thickness";"";"Birincisi cok eh... cok, cok, cok, cok, cok b‚àö‚àÇyle eh... yani ince, cok ince";"";""
"487";7;"Turkish";"S-T";4;2;"kalin";"Thickness";"";"Ikincisi daha kalin";"";""
"488";7;"Turkish";"S-T";5;2;"iniyor";"Height";"gesture coupled with one that starts earlier";"Digeri biraz daha iniyor";"iniyor = to go down/descend, present tense";""
"489";7;"Turkish";"S-T";6;1;"kalin";"Thickness";"";"Biri, birincisi daha kalin";"";""
"490";7;"Turkish";"S-T";6;2;"yukselme";"Height";"";"Daha yani bir yukselme yapiyor";"yukselme = a rise / ascention ";""
"491";7;"Turkish";"S-T";7;1;"koyu";"Brightness";"";"Ikincisi biraz daha koyu";"";""
"492";7;"Turkish";"S-T";8;1;"ince";"Thickness";"";"Birincisi daha b‚àö‚àÇyle eh... hani ince ama keskin";"";""
"493";7;"Turkish";"S-T";8;2;"kalin";"Thickness";"";"Daha kalin";"";""
"494";7;"Turkish";"S-T";9;1;"kalin";"Thickness";"";"Birincisi daha kalin, derin, ama yukseliyor";"";""
"495";7;"Turkish";"S-T";9;2;"ince";"Thickness";"";"Digeri ince";"";""
"496";7;"Turkish";"S-T";10;1;"ince";"Thickness";"";"Birisi daha ince iniyor";"";""
"497";7;"Turkish";"S-T";10;2;"ince";"Thickness";"";"Birincisi ince";"";""
"498";7;"Turkish";"S-T";10;3;"ince";"Thickness";"";"Ikincisi ondan ince";"";""
"499";7;"Turkish";"S-T";11;1;"kalin";"Thickness";"";"Ikincsi kalin";"";""
"500";7;"Turkish";"S-T";12;1;"kalin";"Thickness";"";"Birincisi daha net ama daha kalin";"";""
"501";7;"Turkish";"S-T";13;1;"ince";"Thickness";"gesture starts slightly earlier";"Birincisi daha bir ilerleme var daha ince oldugu icin";"";""
"502";7;"Turkish";"S-T";13;2;"kalin";"Thickness";"";"Ikincisi daha b‚àö‚àÇyle kalin";"";""
"503";7;"Turkish";"S-T";14;1;"yuksek";"Height";"";"Ikincisi daha bir yukselise geciyor daha ince oldugu icin";"yukselise = towards elevation, high (noun) + accusative case";""
"504";7;"Turkish";"S-T";14;2;"kalin";"Thickness";"";"Birincisi daha kalin";"";""
"505";8;"Turkish";"T-S";1;1;"yuksek";"Height";"";"Ilk ‚àö‚àÇncesi cok yuksek ";"";""
"506";8;"Turkish";"T-S";2;1;"yuksek";"Height";"gesture comes after";"Ilki ‚àö‚àÇburunden daha yuksek notta";"";""
"507";8;"Turkish";"T-S";3;1;"yuksek";"Height";"gesture comes after";"Ama ilki hala ‚àö‚àÇburunden daha yuksek notta";"";""
"508";8;"Turkish";"T-S";4;1;"dusuk";"Height";"";"Birincisi erkek sesi, cok yuksek eh... pardon, cok dusuk";"";""
"509";8;"Turkish";"T-S";4;2;"yuksek";"Height";"";"Ikincisi de kadin sesleri ve cok yuksek not";"";""
"510";8;"Turkish";"T-S";5;1;"dusuk";"Height";"";"Bu sefer erkek sesi hatta daha da dusuk";"";""
"511";8;"Turkish";"T-S";6;1;"yuksek";"Height";"";"Ikincisi de cok yuksek tonda";"";""
"512";8;"Turkish";"T-S";7;1;"yuksek";"Height";"";"Birincisi cok yuksek tonda";"";""
"513";8;"Turkish";"T-S";7;2;"yuksek";"Height";"";"Iki tane kadin sesi var, cok yuksek";"";""
"514";8;"Turkish";"T-S";9;1;"yuksekti";"Height";"";"Ama sanki kadin sesleri daha...  biraz daha yuksekti";"yuksekti = high + past tense";""
"515";8;"Turkish";"T-S";10;1;"yuksek";"Height";"gesture extends before and after";"Ve bu sefer kadin sesi daha cok belli oluyor, daha da cok yuksek tonlarda s‚àö‚àÇyluyor";"";""
"516";8;"Turkish";"T-S";11;1;"dusuk";"Height";"";"Birisi baya dusuk tonda";"";""
"517";8;"Turkish";"T-S";11;2;"yuksek";"Height";"";"‚àö√±buru de cok yuksek notlarda";"";""
"518";8;"Turkish";"T-S";12;1;"dusuk";"Height";"";"Birincisi cok dusuk s‚àö‚àÇyluyor";"";""
"519";8;"Turkish";"T-S";13;1;"dusuk";"Height";"";"Ikiside baya dusuk sesle s‚àö‚àÇyluyor";"";""
"520";8;"Turkish";"T-S";13;2;"yuksekte";"Height";"gesture starts before";"Ama birincisi sanki birazcik daha, yani bir ton daha yuksekte";"yuksekte = high + locative";""
"521";8;"Turkish";"T-S";13;3;"dusukte";"Height";"";"‚àö√±buru bir ton daha dusukte, yani daha dusuk";"dusukte = fallen + locative (incorrect)";""
"522";8;"Turkish";"T-S";14;2;"dusuk";"Height";"";"Erkek sesi de cok cok dusuktu";"dusuktu = fallen + past tense";""
"523";8;"Turkish";"T-S";15;2;"yuksek";"Height";"";"Ikincisi ‚àö‚àÇburunden biraz daha yuksek";"";""
"524";8;"Swedish";"T-S";1;1;"högre";"Height";"";"den f‚àö‚àÇrsta ‚àö¬ßr lite h‚àö‚àÇgre ‚àö¬ßn den andra";"";""
"525";8;"Swedish";"T-S";2;1;"lägre";"Height";"";"den manliga ‚àö¬ßr mycket l‚àö¬ßgre ‚àö¬ßn den kvinnliga";"";""
"526";8;"Swedish";"T-S";3;1;"högre";"Height";"";"den andra ‚àö¬ßr sneppet h‚àö‚àÇgre";"";""
"527";8;"Swedish";"T-S";4;1;"högre";"Height";"";"den f‚àö‚àÇrsta ‚àö¬ßr l‚àö‚Ä¢ngt mycket h‚àö‚àÇgre ‚àö¬ßn den andra";"";""
"528";8;"Swedish";"T-S";5;1;"högre";"Height";"";"men jag tycker nu att den kvinnliga r‚àö‚àÇsten ligger en ton h‚àö‚àÇgre ‚àö¬ßn den manliga r‚àö‚àÇsten";"";""
"529";8;"Swedish";"T-S";6;1;"högre";"Height";"";"och den andra uppfattar jag som sneppet h‚àö‚àÇgre ‚àö¬ßn den andra";"";""
"530";8;"Swedish";"T-S";7;1;"högt upp";"Height";"";"den f‚àö‚àÇrsta ligger ganska h‚àö‚àÇgt upp";"";""
"531";8;"Swedish";"T-S";7;2;"högre upp";"Height";"";"den andra ligger ‚àö¬ßnnu ‚àö¬ßnnu h‚àö‚àÇgre upp";"";""
"532";8;"Swedish";"T-S";8;1;"högre";"Height";"";"den kvinnliga r‚àö‚àÇsten ligger sneppet h‚àö‚àÇgre";"";""
"533";8;"Swedish";"T-S";9;1;"låg";"Height";"";"den ena ‚àö¬ßr . relativt set l‚àö‚Ä¢g";"";""
"534";8;"Swedish";"T-S";9;2;"högre";"Height";"";"och den andra .. ‚àö¬ßr . h‚àö‚àÇgre";"";""
"535";8;"Swedish";"T-S";10;1;"högt upp";"Height";"";"den manliga r‚àö‚àÇsten ligger ganska h‚àö‚àÇgt upp";"";""
"536";8;"Swedish";"T-S";10;2;"högre";"Height";"";"ellers s‚àö‚Ä¢ ‚àö¬ßr den ett snepp h‚àö‚àÇgre ‚àö¬ßn den manliga";"";""
"537";8;"Swedish";"T-S";11;1;"långt ner";"Height";"";"den andra r‚àö‚àÇsten ligger j‚àö¬ßtte j‚àö¬ßtte l‚àö‚Ä¢ngt ner p‚àö‚Ä¢ tonskalan";"";""
"538";8;"Swedish";"T-S";12;1;"lägre";"Height";"";"den f‚àö‚àÇrsta vill jag s‚àö¬ßga ‚àö¬ßr . ligger mycket, inte mycket l‚àö¬ßgre, men relativt set l‚àö¬ßgre ‚àö¬ßn den andra";"";""
"539";8;"Swedish";"T-S";13;1;"långt ner";"Height";"";"den f‚àö‚àÇrsta ligger ganska l‚àö‚Ä¢ngt ner p‚àö‚Ä¢ tonskalan";"";""
"540";8;"Swedish";"T-S";13;2;"högt upp";"Height";"";"medans den andra ligger ganska h‚àö‚àÇgt upp";"";""
"541";8;"Swedish";"T-S";14;1;"högt upp";"Height";"";"f‚àö‚àÇrst ‚àö¬ßr det en kvinnlig r‚àö‚àÇst som ligger j‚àö¬ßtte j‚àö¬ßtte h‚àö‚àÇgt upp";"";""
"542";8;"Swedish";"T-S";14;2;"långt ner";"Height";"";"och () en manlig r‚àö‚àÇst som ligger j‚àö¬ßtte j‚àö¬ßtte l‚àö‚Ä¢ngt ner";"";""
"543";8;"Swedish";"T-S";15;1;"högre upp";"Height";"";"det h‚àö‚àÇrs som att den kvinnliga r‚àö‚àÇsten . ligger lite h‚àö‚àÇgre upp ‚àö¬ßn den manliga r‚àö‚àÇsten";"";""
"544";9;"Swedish";"S-T";1;1;"ljusare";"Brightness";"";"och andra ljudet ‚àö¬ßr lite mer vad heter ljusare";"";""
"545";9;"Swedish";"S-T";2;1;"ljust";"Brightness";"";"eh. ganska ljust";"";""
"546";9;"Swedish";"S-T";2;2;"ljus";"Brightness";"";"j‚àö¬ßtte j‚àö¬ßtte ljus";"";""
"547";9;"Swedish";"S-T";3;1;"ljusare";"Brightness";"";"och sen den andra ‚àö¬ßr vad heter det definitivt ljusare ‚àö¬ßn den f‚àö‚àÇrsta";"";""
"548";9;"Swedish";"S-T";4;1;"ljusare";"Brightness";"";"s‚àö‚Ä¢ f‚àö‚àÇrst vi h‚àö‚àÇr en lite ljusare ljud";"";""
"549";9;"Swedish";"S-T";4;2;"mörka";"Brightness";"";"och sen den blir m‚àö‚àÇrka toner";"";""
"550";9;"Swedish";"S-T";5;1;"mörk";"Brightness";"";"ganska m‚àö‚àÇrk b‚àö‚Ä¢da tv‚àö‚Ä¢";"";""
"551";9;"Swedish";"S-T";5;2;"mörk";"Brightness";"";"en ganska ganska m‚àö‚àÇrk bas ljud";"";""
"552";9;"Swedish";"S-T";6;1;"ljusare";"Brightness";"";"f‚àö‚àÇrsta ljudet lite ljusare liksom";"";""
"553";9;"Swedish";"S-T";6;2;"mörk";"Brightness";"";"ganska m‚àö‚àÇrk bas";"";""
"554";9;"Swedish";"S-T";7;1;"ljust";"Brightness";"";"ljudm‚àö¬ßssigt s‚àö‚Ä¢ ‚àö¬ßr det ganska ljust";"";""
"555";9;"Swedish";"S-T";7;2;"ljusare";"Brightness";"";"f‚àö‚àÇrsta var lite ljusare";"";""
"556";9;"Swedish";"S-T";7;3;"mörkare";"Brightness";"";"den andra blir lite m‚àö‚àÇrkare toner";"";""
"557";9;"Swedish";"S-T";8;1;"mörk";"Brightness";"";"d‚àö‚Ä¢ kommer den ljudet ongef‚àö¬ßr liksom en ganska manlig m‚àö‚àÇrk eh ljud";"";""
"558";9;"Swedish";"S-T";8;2;"ljus";"Brightness";"";"nummer tv‚àö‚Ä¢ vad heter det.. ‚àö¬ßr definitiv ljus";"";""
"559";9;"Swedish";"S-T";9;1;"mörkare";"Brightness";"";"andra ljudet lite m‚àö‚àÇrkare ‚àö¬ßn den f‚àö‚àÇrsta";"";""
"560";9;"Swedish";"S-T";10;1;"ljusare";"Brightness";"";"det f‚àö‚àÇrsta ljudet s‚àö‚Ä¢ det eh definitivt ljusare ‚àö¬ßn den andra";"";""
"561";9;"Swedish";"S-T";12;1;"mörk";"Brightness";"";"f‚àö‚àÇrsta ljudet ‚àö¬ßr ganska m‚àö‚àÇrk";"";""
"562";9;"Swedish";"S-T";14;1;"ljus";"Brightness";"";"b‚àö‚Ä¢da ‚àö¬ßr ju ett ganska ljus ljud";"";""
"563";9;"Swedish";"S-T";14;2;"ljus";"Brightness";"";"f‚àö‚àÇrsta ‚àö¬ßr ganska ljus";"";""
"564";9;"Swedish";"S-T";14;3;"ljusare";"Brightness";"";"andra ‚àö¬ßr ‚àö¬ßnnu ljusare";"";""
"565";9;"Swedish";"S-T";15;1;"mörkt";"Brightness";"";"mitt i mellan m‚àö‚àÇrkt";"";""
"566";9;"Turkish";"S-T";1;1;"kalin";"Thickness";"";"Kalin bir ses";"";""
"567";9;"Turkish";"S-T";2;1;"ince";"Thickness";"";"Ikinci ses kesinlikle cok b‚àö‚àÇyle ince";"";""
"568";9;"Turkish";"S-T";3;1;"kalin";"Thickness";"";"Ikinci ses ilk sese g‚àö‚àÇre biraz daha kalin";"";""
"569";9;"Turkish";"S-T";4;1;"kalin";"Thickness";"gesture starts earlier";"Birincisi baya kalin bir ses";"";""
"570";9;"Turkish";"S-T";4;2;"ince";"Thickness";"";"Cok baya bir ince ses";"";""
"571";9;"Turkish";"S-T";5;1;"kalin";"Thickness";"";"Erkek sesi olan, yani ikinci duydugumuz cok kalin";"";""
"572";9;"Turkish";"S-T";6;1;"kalin";"Thickness";"The participant misspeaks saying ""kadin"" (= woman) when he means ""kalin"" (=thick) and corrects himself. ";"Iki ses de baya kadin, iki ses... eh, kadin... kalin!";"";""
"573";9;"Turkish";"S-T";7;1;"kalindi";"Thickness";"gesture starts earlier";"Ikincisi baya bir kalindi";"kalindi = thick + past tense";""
"574";9;"Turkish";"S-T";8;1;"kalinlikta";"Thickness";"";"Erkek sesi ortalarda kalinlikta yani";"";""
"575";9;"Turkish";"S-T";9;1;"yukseliyor";"Height";"";"Ikiside ayni yukseliyor, ayni alcaliyor";"yukseliyor = becomes higher, present tense verb";""
"576";9;"Turkish";"S-T";9;1;"alcaliyor";"Height";"";"Ikiside ayni yukseliyor, ayni alcaliyor";"alcaliyor = becomes lower, present tense verb";""
"577";9;"Turkish";"S-T";9;2;"ince";"Thickness";"";"Kadin sesi biraz daha ince oluyor";"";""
"578";9;"Turkish";"S-T";10;1;"ince";"Thickness";"";"Ikincisi biraz daha ince, daha bir tiz";"";""
"579";9;"Turkish";"S-T";11;1;"kalin";"Thickness";"gesture starts earlier";"Birinci ses baya kalin";"";""
"580";9;"Turkish";"S-T";11;2;"kalin";"Thickness";"gesture starts earlier";"Ama ikinci ses ona nazaran daha da kalin";"";""
"581";9;"Turkish";"S-T";12;1;"ince";"Thickness";"gesture starts earlier";"Ama tabii ki kadin sesi oldugu icin biraz daha ince geliyor sanki";"";""
"582";9;"Turkish";"S-T";13;1;"kalin";"Thickness";"";"Ikiside baya kalin bir sesti";"";""
"583";9;"Turkish";"S-T";14;1;"inceydi";"Thickness";"gesture earlier";"Kadin sesi oldugu icin baya inceydi";"inceydi = thin + past tense";""
"584";9;"Turkish";"S-T";15;1;"ince";"Thickness";"";"Birincisi baya ince bir sesti";"";""
"585";9;"Turkish";"S-T";15;2;"kalindi";"Thickness";"gesture before";"Ikincisi ona nazaran biraz daha kalindi";"kalindi = thick + past tense";""
