"";"Participant";"Time";"Language";"Order";"Trial";"Part";"Words";"Metaphor";"Gesture";"Dimension";"Handshape";"N.Hands";"Comment";"Speech";"Grammar";"General.comments";"GestureExpress"
"1";1;"00:01:11.600";"Swedish";"S-T";1;1;"låga";"Height";"1";"vert";"flat H";1;"";"s‚àö‚Ä¢ det. .. den her f‚àö‚àÇrsta tonen tyckte jag p‚àö‚Ä¢minnde om just den h‚àö¬ßr v‚àö¬ßldigt .. l‚àö‚Ä¢ga, kommer djupt nerifr‚àö‚Ä¢n";"";"gesture changes from round to flat as she thinks of a descriptor and then says ""deep""";"Vertical"
"2";1;"00:01:22.050";"Swedish";"S-T";1;2;"ljusare";"Brightness";"1";"none";"flat H";1;"";"n‚àö¬ßsta tonl‚àö¬ßge skulle jag s‚àö¬ßga ‚àö¬ßr eh fortfarande i mansh‚àö‚àÇg(?) men bara det .. ‚àö¬ßr en aning ljusare";"";"";"Vertical"
"3";1;"00:03:03.090";"Swedish";"S-T";2;1;"högre";"Height";"0";"";"";NA;"";"nog ett snep h‚àö‚àÇgre ‚àö¬ßn f‚àö‚àÇreg‚àö‚Ä¢ende";"";"";"None"
"4";1;"00:03:23.760";"Swedish";"S-T";2;2;"uppåtgående";"Height";"1";"vert";"other";1;"";"s‚àö‚Ä¢ att det ‚àö¬ßr ganska ett upp‚àö‚Ä¢tg‚àö‚Ä¢ende";"";"";"Vertical"
"5";1;"00:03:27.970";"Swedish";"S-T";2;3;"ett snepp ner";"Height";"1";"vert";"point";1;"";"och n‚àö¬ßsta tone ‚àö¬ßr . et snep ner";"";"";"Vertical"
"6";1;"00:04:30.400";"Swedish";"S-T";3;1;"däruppe";"Height";"0";"";"";NA;"";"lite ‚àö¬ßngelk‚àö‚àÇr, d‚àö¬ßruppe";"";"";"None"
"7";1;"00:04:54.480";"Swedish";"S-T";3;2;"droppar ner på";"Height";"1";"vert";"point";1;"";"och sen s‚àö‚Ä¢ droppar den ner p‚àö‚Ä¢ .. mansk‚àö‚àÇr";"";"";"Vertical"
"8";1;"00:05:59.320";"Swedish";"S-T";4;1;"högre";"Height";"0";"";"";NA;"";"ett snepp h‚àö‚àÇgre";"";"";"None"
"9";1;"00:06:11.440";"Swedish";"S-T";4;2;"ner";"Height";"1";"vert";"point";1;"";"och sen tv‚àö‚Ä¢ trappsteg ner";"";"";"Vertical"
"10";1;"00:07:08.710";"Swedish";"S-T";5;1;"mörkt";"Brightness";"1";"none";"flat H";1;"";"m‚àö‚àÇrkt mansk‚àö‚àÇr";"";"";"Vertical"
"11";1;"00:07:27.290";"Swedish";"S-T";5;2;"ner";"Height";"1";"vert";"flat H";1;"";"sen tv‚àö‚Ä¢ trappsteg ner d‚àö¬ßrifr‚àö‚Ä¢n";"";"";"Vertical"
"12";1;"00:08:58.460";"Swedish";"S-T";6;1;"hög";"Height";"1";"vert";"other";1;"";"... h‚àö‚àÇg ton";"";"";"Vertical"
"13";1;"00:09:03.020";"Swedish";"S-T";6;2;"droppar";"Height";"1";"vert";"point";1;"gesture starts before";"n‚àö¬ßsta ton ‚àö¬ßr . droppar . ganska l‚àö‚Ä¢ngt ner";"";"";"Vertical"
"14";1;"00:10:34.530";"Swedish";"S-T";7;1;"lägre";"Height";"1";"vert";"flat H";1;"";"b‚àö‚àÇrjar l‚àö¬ßgre";"";"";"Vertical"
"15";1;"00:10:43.090";"Swedish";"S-T";7;2;"hoppar upp";"Height";"1";"vert";"point";1;"";"och sen hoppar den upp till den h‚àö¬ßr v‚àö¬ßldigt ljusa ‚àö¬ßngel liksom level om man s‚àö¬ßger";"";"";"Vertical"
"16";1;"00:13:33.600";"Swedish";"S-T";9;1;"under";"Height";"1";"none";"flat H";1;"";"det ‚àö¬ßr ett snepp under";"";"";"Vertical"
"17";1;"00:13:42.455";"Swedish";"S-T";9;2;"ner";"Height";"1";"vert";"flat H";1;"";"och sen n‚àö‚Ä¢gra trappsteg ner";"";"";"Vertical"
"18";1;"00:15:05.930";"Swedish";"S-T";10;1;"låga";"Height";"1";"vert";"flat H";1;"";"den h‚àö¬ßr f‚àö‚àÇrsta tonen, tyckte jag, p‚àö‚Ä¢minnde om, just den h‚àö¬ßr . v‚àö¬ßldigt . l‚àö‚Ä¢ga";"";"as in T1, handshape changes as she decides on height metaphor";"Vertical"
"19";1;"00:15:15.720";"Swedish";"S-T";10;2;"ljusare";"Brightness";"1";"vert";"flat H";1;"";"n‚àö¬ßsta tonl‚àö¬ßge skulle jag s‚àö¬ßga ‚àö¬ßr . eh fortfarande () mans() .. bare det ‚àö¬ßr en aning ljusare";"";"as in T1, handshape changes as she decides on height metaphor";"Vertical"
"20";1;"00:16:56.640";"Swedish";"S-T";11;1;"högre";"Height";"0";"";"";NA;"";"mansk‚àö‚àÇr eh .. nog ett snepp h‚àö‚àÇgre";"";"";"None"
"21";1;"00:17:17.380";"Swedish";"S-T";11;2;"uppåtgående";"Height";"1";"vert";"other";1;"";"s‚àö‚Ä¢ att det ‚àö¬ßr ganska upp‚àö‚Ä¢tg‚àö‚Ä¢ende";"";"";"Vertical"
"22";1;"00:17:21.710";"Swedish";"S-T";11;3;"ner";"Height";"1";"vert";"point";1;"";"och n‚àö¬ßsta ton ‚àö¬ßr ett snepp ner";"";"";"Vertical"
"23";1;"00:18:24.180";"Swedish";"S-T";12;1;"däruppe";"Height";"0";"";"";NA;"";"lite ‚àö¬ßngelk‚àö‚àÇr, d‚àö¬ßruppe";"";"";"None"
"24";1;"00:18:48.390";"Swedish";"S-T";12;2;"droppar ner";"Height";"1";"vert";"point";1;"";"och sen . s‚àö‚Ä¢ droppar den ner p‚àö‚Ä¢ eh . mansk‚àö‚àÇr";"";"";"Vertical"
"25";1;"00:19:53.200";"Swedish";"S-T";13;1;"högre";"Height";"0";"";"";NA;"";"ett snepp h‚àö‚àÇgre";"";"";"None"
"26";1;"00:20:05.330";"Swedish";"S-T";13;2;"ner";"Height";"1";"vert";"point";1;"";"ehh och sen tv‚àö‚Ä¢ trappsteg ner";"";"";"Vertical"
"27";1;"00:21:02.480";"Swedish";"S-T";14;1;"mörkt";"Brightness";"1";"none";"flat H";1;"";"m‚àö‚àÇrkt mansk‚àö‚àÇr";"";"";"Vertical"
"28";1;"00:21:21.090";"Swedish";"S-T";14;2;"ner";"Height";"1";"vert";"flat H";1;"";"sen tv‚àö‚Ä¢ trappsteg ner d‚àö¬ßrifr‚àö‚Ä¢n";"";"";"Vertical"
"29";1;"00:22:52.360";"Swedish";"S-T";15;1;"hög";"Height";"1";"vert";"other";1;"";"och dom .. har en h‚àö‚àÇg ton";"";"";"Vertical"
"30";1;"00:22:56.710";"Swedish";"S-T";15;2;"droppar";"Height";"1";"vert";"point";1;"gesture starts before";"och d‚àö¬ßr droppar, n‚àö¬ßsta ton ‚àö¬ßr . droppar ganska l‚àö‚Ä¢ngt ner";"";"";"Vertical"
"31";1;"00:00:24.367";"Turkish";"S-T";1;1;"alcak";"Height";"1";"vert";"flat H";1;"";"Erkek korosunun sesi gib geldi, ortadan giriyorlar, hani fazla alcak degil, ortadan giriyorlar";"low";"";"Vertical"
"32";1;"00:00:41.507";"Turkish";"S-T";1;2;"ustte";"Height";"1";"vert";"flat H";2;"";"Bir kac basamak ustte kadin korosu giriyor";"ustte = above + locative suffix";"";"Vertical"
"33";1;"00:01:22.945";"Turkish";"S-T";2;1;"yuksek";"Height";"1";"vert";"point";1;"";"Tiz, ilk ses tiz. Cok yuksek.";"";"";"Vertical"
"34";1;"00:01:31.567";"Turkish";"S-T";2;2;"dusus";"Height";"1";"vert";"point";1;"";"Ondan sonra baya bir buyuk bir dusus.";"dusus = a fall";"";"Vertical"
"35";1;"00:03:13.323";"Turkish";"S-T";4;2;"asaya";"Height";"0";"";"";NA;"The confederate does speak before this part but only to ask which tone she is talking about regarding the participant's description in the first part. I judge this to be an independent statement.";"Ve ikinci ses bir basamak asaya";"asaya = down+dative";"";"None"
"36";1;"00:03:44.268";"Turkish";"S-T";5;1;"asaglarda";"Height";"1";"vert";"flat H";2;"";"Erkek korosu, bas, asaglarda, desem";"asaglarda = in the downs";"";"Vertical"
"37";1;"00:04:21.630";"Turkish";"S-T";5;2;"yukseklerde";"Height";"1";"vert";"point";1;"";"Guzel ve net, acik bir kadin korosunun sesi, ama baya yukseklerde yani";"yukseklerde = in the highs";"";"Vertical"
"38";1;"00:04:43.920";"Turkish";"S-T";6;1;"ustunde";"Height";"1";"none";"flat H";1;"";"Baya ortalarda, yani ortanin ustunde desem, erkekler icin biraz daha yuksek bir seviyede";"ustunde = above";"";"Vertical"
"39";1;"00:04:52.853";"Turkish";"S-T";6;2;"asaya";"Height";"0";"";"";NA;"";"Ve ikinci ses ordan bir uc basamak asaya";"asaya = down+dative";"";"None"
"40";1;"00:05:43.290";"Turkish";"S-T";7;1;"yuksek";"Height";"1";"none";"flat V";1;"gesture before";"Yine melekler gibi yuksek soprano b‚àö‚àÇyle isiklardan inen birisi, kadin korosu, ilk ses";"";"";"Vertical"
"41";1;"00:06:01.260";"Turkish";"S-T";7;2;"yukseklerdeyiz";"Height";"1";"none";"flat H";1;"";"Ikincisi ondan baya bir d‚àö‚àÇrt, bes, alti basamak... yine kadin korosu ama, yine yukseklerdeyiz, ama baya bir fark var";"yukseklerdeyiz = we are on the highs";"";"Vertical"
"42";1;"00:07:48.247";"Turkish";"S-T";9;1;"yukseklerde";"Height";"0";"";"";NA;"";"Ilk ses daha da yukseklerde";"yukseklerde = in the highs";"";"None"
"43";1;"00:08:27.623";"Turkish";"S-T";9;2;"yukseklerde";"Height";"1";"none";"other";2;"";"Yine kadin sesi, yine yukseklerde";"yukseklerde = in the highs";"";"Other"
"44";1;"00:09:17.287";"Turkish";"S-T";10;1;"yuksekte";"Height";"1";"vert";"flat H";1;"";"Bu sefer kadin korosu yuksekte, net, acik bir sesle yuksekte giriyor ";"yuksekte = high+locative";"";"Vertical"
"45";1;"00:10:22.658";"Turkish";"S-T";11;1;"ust";"Height";"1";"vert";"flat V";1;"gesture before";"Erkek korosu... onlara g‚àö‚àÇre orta sesin biraz ustunde";"";"";"Vertical"
"46";1;"00:10:36.592";"Turkish";"S-T";11;2;"dusuyor";"Height";"1";"vert";"point";1;"";"Ikinci ses baya bas, basa dusuyor";"dusuyor = falls, verb 3rd pers sing. present tese ";"";"Vertical"
"47";1;"00:11:31.229";"Turkish";"S-T";12;1;"kalin";"Thickness";"0";"";"";NA;"";"Birinci ses cok kalin erkek sesi";"";"";"None"
"48";1;"00:12:02.367";"Turkish";"S-T";12;2;"ustunde";"Height";"1";"vert";"flat H";1;"gesture before";"Ikinci ses kadin korosu, ortanin biraz ustunde";"";"";"Vertical"
"49";1;"00:12:51.029";"Turkish";"S-T";13;1;"kalin";"Thickness";"0";"";"";NA;"";"Erkek korosu, kalin, giris";"";"";"None"
"50";1;"00:13:05.537";"Turkish";"S-T";13;2;"kalin";"Thickness";"1";"none";"grip";NA;"";"Ikinci ses yine erkek korosu kalin";"";"";"Thickness"
"51";1;"00:13:51.936";"Turkish";"S-T";14;1;"kalin";"Thickness";"1";"vert";"flat V";1;"gesture before";"Ikinci ses erkek korosunun en kalin seslerden";"";"";"Vertical"
"52";1;"00:14:46.150";"Turkish";"S-T";15;2;"yuksege";"Height";"1";"vert";"flat H";1;"";"Ikinci ses ondan uc d‚àö‚àÇrt basamak yuksege, daha yani yukariya";"yuksege = high+dative";"";"Vertical"
"53";10;"00:00:20.880";"Swedish";"T-S";1;1;"mörk";"Brightness";"1";"none";"grip";2;"";"den f‚àö‚àÇrsta var";"";"participant consistently reverses the vertical mapping of brightness";"Thickness"
"54";10;"00:02:02.220";"Swedish";"T-S";2;1;"ljusare";"Brightness";"1";"vert";"flat H";1;"";"den ena var lite ljusare";"";"";"Vertical"
"55";10;"00:02:02.970";"Swedish";"T-S";2;2;"mörkare";"Brightness";"1";"vert";"flat H";1;"see prior";"den andra var m‚àö‚àÇrkare";"";"";"Vertical"
"56";10;"00:02:46.880";"Swedish";"T-S";3;1;"ljusare";"Brightness";"1";"vert";"other";1;"";"den f‚àö‚àÇrsta var lite mer ljusare";"";"";"Vertical"
"57";10;"00:02:49.700";"Swedish";"T-S";3;2;"mörkare";"Brightness";"1";"none";"other";1;"";"den andra var lite m‚àö‚àÇrkare";"";"";"Other"
"58";10;"00:03:27.100";"Swedish";"T-S";4;1;"ljus";"Brightness";"1";"none";"grip";2;"";"den f‚àö‚àÇrsta var ljus";"";"";"Thickness"
"59";10;"00:03:44.260";"Swedish";"T-S";4;2;"mörk";"Brightness";"1";"vert";"grip";1;"";"den andra m‚àö‚àÇrk";"";"";"Mixed"
"60";10;"00:04:12.940";"Swedish";"T-S";5;1;"mörk";"Brightness";"0";"";"";NA;"";"den f‚àö‚àÇrsta var m‚àö‚àÇrk";"";"";"None"
"61";10;"00:04:25.660";"Swedish";"T-S";5;2;"ljus";"Brightness";"0";"";"";NA;"";"medans andra var v‚àö¬ßldigt ljus";"";"";"None"
"62";10;"00:05:11.380";"Swedish";"T-S";6;1;"mörkare";"Brightness";"1";"none";"grip";1;"";"den f‚àö‚àÇrsta d‚àö¬ßr var det lite mer m‚àö‚àÇrkare";"";"";"Thickness"
"63";10;"00:05:13.860";"Swedish";"T-S";6;2;"ljusare";"Brightness";"1";"none";"grip";2;"";"och den andra var lite ljusare";"";"";"Thickness"
"64";10;"00:06:05.160";"Swedish";"T-S";7;1;"uppåt";"Height";"1";"vert";"flat V";1;"";"det stak lite mer upp‚àö‚Ä¢t";"";"";"Vertical"
"65";10;"00:06:10.200";"Swedish";"T-S";7;2;"ner";"Height";"1";"vert";"flat H";1;"";"typ ner";"";"";"Vertical"
"66";10;"00:07:59.980";"Swedish";"T-S";9;1;"mjuk";"Softness";"0";"";"";NA;"";"mjuk";"softness";"";"None"
"67";10;"00:08:13.560";"Swedish";"T-S";9;2;"ljusare";"Brightness";"1";"none";"grip";2;"";"och lite ljusare";"";"";"Thickness"
"68";10;"00:09:10.660";"Swedish";"T-S";10;1;"ljus";"Brightness";"1";"none";"other";2;"";"den andra var lite mer ljus";"";"";"Other"
"69";10;"00:10:31.930";"Swedish";"T-S";12;1;"mörk";"Brightness";"0";"";"";NA;"";"m‚àö‚àÇrk";"";"";"None"
"70";10;"00:11:37.260";"Swedish";"T-S";13;1;"ljus";"Brightness";"1";"vert";"flat H";2;"";"den andra var m‚àö‚àÇrkare";"";"";"Vertical"
"71";10;"00:11:41.820";"Swedish";"T-S";13;2;"mörk";"Brightness";"1";"none";"grip";2;"";"och den andra var m‚àö‚àÇrk";"";"";"Thickness"
"72";10;"00:12:25.900";"Swedish";"T-S";14;1;"ljusare";"Brightness";"1";"vert";"flat H";2;"";"det ‚àö¬ßr mycket mer ljusare";"";"";"Vertical"
"73";10;"00:12:32.480";"Swedish";"T-S";14;2;"ljusare";"Brightness";"1";"vert";"flat H";1;"gesture starts earlier";"sneppet ljusare";"";"";"Vertical"
"74";10;"00:12:50.160";"Swedish";"T-S";15;1;"ljus";"Brightness";"1";"none";"other";2;"";"ljus r‚àö‚àÇst";"";"";"Other"
"75";11;"00:00:40.560";"Swedish";"S-T";1;1;"lågt";"Height";"0";"";"";NA;"";"som ‚àö¬ßr lagom l‚àö‚Ä¢gt";"";"use of thickness in trial 7 and 8";"None"
"76";11;"00:02:33.860";"Swedish";"S-T";2;1;"låg";"Height";"1";"vert";"flat H";1;"";"lite mer en l‚àö‚Ä¢g ( )";"";"";"Vertical"
"77";11;"00:04:27.235";"Swedish";"S-T";4;1;"mörkaste";"Thickness";"0";"";"";NA;"";"p‚àö‚Ä¢ den f‚àö‚àÇrsta s‚àö‚Ä¢ l‚àö¬ßt det som en , den m‚àö‚àÇrkaste tonen p‚àö‚Ä¢ en piano";"";"";"None"
"78";11;"00:05:08.100";"Swedish";"S-T";4;2;"ljust";"Brightness";"1";"none";"other";2;"";"lite mer () kvinnligt ljust";"";"";"Other"
"79";11;"00:05:35.880";"Swedish";"S-T";5;1;"nerförsbacke";"Height";"1";"vert";"flat H";1;"";"nerf‚àö‚àÇrsbacke";"";"";"Vertical"
"80";11;"00:05:44.080";"Swedish";"S-T";5;2;"uppförsbacke";"Height";"1";"vert";"flat H";1;"";"den andra var mer uppf‚àö‚àÇrsbacke";"";"";"Vertical"
"81";11;"00:06:51.700";"Swedish";"S-T";6;1;"()";"Height";"1";"vert";"flat H";1;"gesture starts before";"k‚àö¬ßnns mera som den ena ‚àö¬ßr mer ()";"";"";"Vertical"
"82";11;"00:06:52.420";"Swedish";"S-T";6;2;"uppåt";"Height";"1";"vert";"other";2;"";"och den andra upp‚àö‚Ä¢t";"";"";"Vertical"
"83";11;"00:07:25.280";"Swedish";"S-T";7;1;"vitgade";"Thickness";"1";"size";"other";2;"";"den ena, vitgade sig lite mer  ";"";"";"Thickness"
"84";11;"00:08:57.890";"Swedish";"S-T";8;1;"tunn";"Thickness";"1";"none";"grip";1;"";"den f‚àö‚àÇrsta var v‚àö¬ßldigt tunn";"";"";"Thickness"
"85";11;"00:09:21.320";"Swedish";"S-T";8;2;"låg";"Height";"1";"none";"other";2;"";"l‚àö‚Ä¢g i tonen";"";"";"Other"
"86";11;"00:09:57.380";"Swedish";"S-T";9;1;"mildare";"Other";"0";"";"";NA;"";"midlare ‚àö¬ßn det andra";"mildness";"";"None"
"87";11;"00:11:22.760";"Swedish";"S-T";11;1;"ljusa";"Brightness";"0";"";"";NA;"";"det var mer ut av den ljusa varianten";"";"";"None"
"88";11;"00:12:48.710";"Swedish";"S-T";12;1;"ljus";"Brightness";"0";"";"";NA;"";"lite ljus";"";"";"None"
"89";11;"00:13:51.390";"Swedish";"S-T";13;1;"låg";"Height";"1";"vert";"flat H";1;"";"den manliga varianten var lite mer l‚àö‚Ä¢g ()";"";"";"Vertical"
"90";11;"00:13:58.690";"Swedish";"S-T";13;2;"högre";"Height";"1";"vert";"flat H";1;"";"och den kvinnliga var lite . h‚àö‚àÇgre";"";"";"Vertical"
"91";11;"00:14:51.770";"Swedish";"S-T";14;1;"ljusa";"Brightness";"0";"";"";NA;"";"den ljusa varianten";"";"";"None"
"92";11;"00:15:23.900";"Swedish";"S-T";14;2;"lågt";"Height";"0";"";"";NA;"";"l‚àö‚Ä¢gt";"";"";"None"
"93";11;"00:16:03.290";"Swedish";"S-T";15;1;"ljus";"Brightness";"1";"none";"other";1;"";"den som ‚àö¬ßr ljus";"";"";"Other"
"94";11;"00:16:44.850";"Swedish";"S-T";16;1;"tunn";"Thickness";"0";"";"";NA;"";"den andra var v‚àö¬ßldigt tunn";"";"";"None"
"95";11;"00:16:56.440";"Swedish";"S-T";16;2;"tunn";"Thickness";"0";"";"";NA;"";"den var ocks‚àö‚Ä¢ tunn";"";"";"None"
"96";11;"00:00:41.173";"Turkish";"S-T";1;1;"ince";"Thickness";"1";"none";"grip";2;"";"Ince, cok ince ses tonuyla";"";"";"Thickness"
"97";11;"00:01:01.911";"Turkish";"S-T";2;1;"kalin";"Thickness";"0";"";"";NA;"";"Birincisi biraz daha kalin";"";"";"None"
"98";11;"00:01:11.610";"Turkish";"S-T";2;2;"ince";"Thickness";"0";"";"";NA;"";"Ikincisi daha ince";"";"";"None"
"99";11;"00:02:23.594";"Turkish";"S-T";3;1;"kalin";"Thickness";"0";"";"";NA;"";"Ikiside ayni kalin ses";"";"";"None"
"100";11;"00:04:09.029";"Turkish";"S-T";5;1;"ince";"Thickness";"0";"";"";NA;"";"Birincisi cok ince";"";"";"None"
"101";11;"00:04:17.952";"Turkish";"S-T";5;2;"incesi";"Thickness";"1";"none";"other";1;"";"Ikincisi daha normal, ama normalin incesi";"incesi = thin + genitive case";"";"Other"
"102";11;"00:06:56.033";"Turkish";"S-T";7;1;"yumsak";"Softness";"0";"";"";NA;"";"Ikincisi bir bayan sesi gibi, koro sesi gibi, yumsak ve ince";"Softness";"";"None"
"103";11;"00:07:19.345";"Turkish";"S-T";8;1;"kalin";"Thickness";"1";"none";"other";1;"";"Ikincisi cok kalin. (Confederate sneezes and ask participant to repeat and participant repeats.) Ikincisi cok kalin. ";"";"";"Other"
"104";11;"00:07:29.237";"Turkish";"S-T";8;2;"ince";"Thickness";"1";"none";"other";1;"";"Birincisi daha ince";"";"";"Other"
"105";11;"00:08:16.940";"Turkish";"S-T";9;1;"kalin";"Thickness";"0";"";"";NA;"";"Kalin";"";"";"None"
"106";11;"00:08:56.773";"Turkish";"S-T";10;1;"derin";"Height";"1";"vert";"flat H";2;"";"Birisi cok derin, kalin";"";"";"Vertical"
"107";11;"00:09:02.552";"Turkish";"S-T";10;2;"ince";"Thickness";"0";"";"";NA;"";"Birisi de cok ince";"";"";"None"
"108";11;"00:09:33.730";"Turkish";"S-T";11;1;"kalin";"Thickness";"0";"";"";NA;"";"Birincisi kalin";"";"";"None"
"109";11;"00:09:35.108";"Turkish";"S-T";11;2;"ince";"Thickness";"1";"none";"grip";1;"";"Ikincisi ince";"";"";"Thickness"
"110";11;"00:10:27.045";"Turkish";"S-T";12;1;"ince";"Thickness";"0";"";"";NA;"";"Cok, cok ince degil, orta ince bir ses";"";"";"None"
"111";11;"00:12:05.457";"Turkish";"S-T";13;1;"kalin";"Thickness";"0";"";"";NA;"";"Ilki olan daha kalin olan";"";"";"None"
"112";11;"00:12:30.014";"Turkish";"S-T";13;2;"ince";"Thickness";"0";"";"";NA;"";"Ikincisi o biraz daha ince olan ses";"";"";"None"
"113";11;"00:13:10.488";"Turkish";"S-T";14;1;"ince";"Thickness";"1";"vert";"other";1;"";"Birinci ses biraz daha ince ses";"";"";"Vertical"
"114";11;"00:13:13.343";"Turkish";"S-T";14;2;"kalin";"Thickness";"1";"none";"grip";1;"";"Ikinci ses biraz daha kalin ses";"";"";"Thickness"
"115";11;"00:14:03.338";"Turkish";"S-T";15;1;"kalin";"Thickness";"0";"";"";NA;"";"Sanki ikiside kalin ses";"";"";"None"
"116";12;"00:00:24.108";"Turkish";"T-S";1;1;"ince";"Thickness";"0";"";"";NA;"";"Gayet ince bir ses";"";"";"None"
"117";12;"00:01:03.838";"Turkish";"T-S";2;1;"kalin";"Thickness";"0";"";"";NA;"";"Ikincisi daha kalin";"";"";"None"
"118";12;"00:01:06.903";"Turkish";"T-S";2;2;"inceydi";"Thickness";"0";"";"";NA;"";"Ilki biraz daha inceydi";"inceydi = thin + past tense";"";"None"
"119";12;"00:01:33.691";"Turkish";"T-S";3;1;"yuwarlak";"Other";"0";"";"";NA;"";"Ikincisi daha yuvarlak ama kalin";"Roundness";"";"None"
"120";12;"00:02:42.197";"Turkish";"T-S";4;1;"ince";"Thickness";"0";"";"";NA;"";"Ilki cok ince";"";"";"None"
"121";12;"00:02:51.501";"Turkish";"T-S";4;2;"kalin";"Thickness";"0";"";"";NA;"";"Ikinicisi biraz daha kalin erkek sesi";"";"";"None"
"122";12;"00:08:51.851";"Turkish";"T-S";9;1;"kalin";"Thickness";"0";"";"";NA;"";"Ilki daha kalin";"";"";"None"
"123";12;"00:08:54.361";"Turkish";"T-S";9;2;"ince";"Thickness";"0";"";"";NA;"";"Ikincisi daha ince";"";"";"None"
"124";12;"00:09:55.060";"Turkish";"T-S";10;1;"ince";"Thickness";"0";"";"";NA;"";"Bayanin sesi cok ince, gercekten ince";"";"";"None"
"125";12;"00:10:29.523";"Turkish";"T-S";10;2;"kalin";"Thickness";"0";"";"";NA;"";"Erkegin sesi daha kalin";"";"";"None"
"126";12;"00:11:38.386";"Turkish";"T-S";12;1;"kalin";"Thickness";"0";"";"";NA;"";"Ilki ikincisine bakarak biraz daha kalin";"";"";"None"
"127";12;"00:12:15.244";"Turkish";"T-S";13;1;"ince";"Thickness";"0";"";"";NA;"";"Cok ince bir bayan sesi";"";"";"None"
"128";12;"00:12:20.544";"Turkish";"T-S";13;2;"kalin";"Thickness";"0";"";"";NA;"";"Ikinci de biraz daha kalin";"";"";"None"
"129";12;"00:12:44.918";"Turkish";"T-S";14;1;"ince";"Thickness";"0";"";"";NA;"";"Ikincisi cok cok ince";"";"";"None"
"130";12;"00:13:35.702";"Turkish";"T-S";15;1;"ince";"Thickness";"0";"";"";NA;"";"Ilki bayan, cok ince sesi var";"";"";"None"
"131";12;"00:13:40.552";"Turkish";"T-S";15;2;"kalin";"Thickness";"0";"";"";NA;"";"Ikincisi erkek sesi, baya kalin bir sesi var";"";"";"None"
"132";12;"00:00:23.155";"Swedish";"T-S";1;1;"öppna";"Other";"0";"";"";NA;"";"ganska ‚àö‚àÇppna";"openness";"";"None"
"133";12;"00:00:56.619";"Swedish";"T-S";2;1;"öppen";"Other";"1";"size";"grip";2;"gesture part of next";"den f‚àö‚àÇrsta ‚àö¬ßr mer ‚àö‚àÇppen";"openness";"";"Thickness"
"134";12;"00:00:58.091";"Swedish";"T-S";2;2;"sluts";"Other";"1";"size";"other";2;"";"medans den andra sluts mer";"openness";"";"Thickness"
"135";12;"00:01:08.817";"Swedish";"T-S";2;3;"uppifrån";"Height";"1";"vert";"flat H";1;"";"den andra har mer uppifr‚àö‚Ä¢n";"";"";"Vertical"
"136";12;"00:01:09.320";"Swedish";"T-S";2;3;"ner";"Height";"1";"vert";"flat H";1;"";"";"";"";"Vertical"
"137";12;"00:01:43.019";"Swedish";"T-S";3;1;"ljus";"Brightness";"0";"";"";NA;"";"den f‚àö‚àÇrsta har ganska ljus r‚àö‚àÇst";"";"";"None"
"138";12;"00:01:48.218";"Swedish";"T-S";3;2;"mörk";"Brightness";"0";"";"";NA;"";"medans den manliga ( ) . ganska j‚àö¬ßmn m‚àö‚àÇrk r‚àö‚àÇst";"";"";"None"
"139";12;"00:03:43.316";"Swedish";"T-S";5;1;"ner";"Height";"1";"vert";"flat H";2;"";"dom g‚àö‚Ä¢r ner fr‚àö‚Ä¢n upp‚àö‚Ä¢t";"";"";"Vertical"
"140";12;"00:03:43.718";"Swedish";"T-S";5;1;"från uppåt";"Height";"1";"vert";"flat H";2;"";"dom g‚àö‚Ä¢r ner fr‚àö‚Ä¢n upp‚àö‚Ä¢t";"";"";"Vertical"
"141";12;"00:04:11.872";"Swedish";"T-S";6;1;"mörkare";"Brightness";"1";"vert";"flat H";1;"";"den andra var mycket m‚àö‚àÇrkare ‚àö¬ßn den andra";"";"";"Vertical"
"142";12;"00:04:13.305";"Swedish";"T-S";6;1;"den andra";"Brightness";"1";"none";"other";1;"";"den andra var mycket m‚àö‚àÇrkare ‚àö¬ßn den andra";"";"";"Other"
"143";12;"00:04:56.433";"Swedish";"T-S";7;1;"mörkare";"Brightness";"0";"";"";NA;"";"den ‚àö¬ßr lite m‚àö‚àÇrkare";"";"";"None"
"144";12;"00:05:35.033";"Swedish";"T-S";8;1;"ljus";"Brightness";"0";"";"";NA;"";"kvinnliga ‚àö¬ßr v‚àö¬ßl lite ljus";"";"";"None"
"145";12;"00:05:48.559";"Swedish";"T-S";8;2;"ljus";"Brightness";"1";"none";"flat H";1;"gesture earlier";"den var ganska ljus f‚àö‚àÇr en mann";"";"";"Vertical"
"146";12;"00:06:05.793";"Swedish";"T-S";9;1;"mörkare";"Brightness";"0";"";"";NA;"";"den andra ‚àö¬ßr lite m‚àö‚àÇrkare ‚àö¬ßn den f‚àö‚àÇrsta";"";"";"None"
"147";12;"00:06:43.573";"Swedish";"T-S";10;1;"ljus";"Brightness";"0";"";"";NA;"";"han hade en ganska ljus r‚àö‚àÇst";"";"";"None"
"148";12;"00:06:49.707";"Swedish";"T-S";10;2;"ljus";"Brightness";"0";"";"";NA;"";"den kvinnliga hade j‚àö¬ßtte j‚àö¬ßtte ljust r‚àö‚àÇst";"";"";"None"
"149";12;"00:07:26.500";"Swedish";"T-S";11;1;"mörkare";"Brightness";"0";"";"";NA;"";"den f‚àö‚àÇrsta har en m‚àö‚àÇrkare r‚àö‚àÇst ‚àö¬ßn vad den f‚àö‚àÇrsta har";"";"";"None"
"150";12;"00:08:43.620";"Swedish";"T-S";12;1;"öppnade upp sig";"Other";"1";"size";"grip";2;"";"det var att dom ‚àö‚àÇppnade upp sig";"";"";"Thickness"
"151";12;"00:09:10.907";"Swedish";"T-S";13;1;"öppnade upp sig";"Other";"1";"size";"other";2;"";"( ) ‚àö‚àÇppnade upp sig";"";"";"Thickness"
"152";12;"00:09:14.405";"Swedish";"T-S";13;2;"låg";"Height";"1";"vert";"flat H";1;"";"fr‚àö‚Ä¢n l‚àö‚Ä¢g till h‚àö‚àÇgre typ";"";"";"Vertical"
"153";12;"00:09:15.378";"Swedish";"T-S";13;2;"högre";"Height";"1";"vert";"flat H";1;"";"fr‚àö‚Ä¢n l‚àö‚Ä¢g till h‚àö‚àÇgre typ";"";"";"Vertical"
"154";12;"00:09:50.735";"Swedish";"T-S";14;1;"mörk";"Brightness";"0";"";"";NA;"";"manlig ganska m‚àö‚àÇrk ton";"";"";"None"
"155";12;"00:09:56.226";"Swedish";"T-S";14;2;"ljus";"Brightness";"0";"";"";NA;"";"en mer ganska ljus r‚àö‚àÇst";"";"";"None"
"156";12;"00:10:20.559";"Swedish";"T-S";15;1;"ljus";"Brightness";"0";"";"";NA;"";"den adnra ‚àö¬ßr ganska ljus r‚àö‚àÇst";"";"";"None"
"157";13;"00:00:43.620";"Swedish";"S-T";1;1;"går upp";"Height";"1";"vert";"other";2;"";"n‚àö¬ßr tonen g‚àö‚Ä¢r upp";"";"uses ""thin"" with vertical/size gestures (trial 8)";"Vertical"
"158";13;"00:09:35.150";"Swedish";"S-T";7;1;"smallare";"Thickness";"0";"";"";NA;"";"den andra mycket smallare ton";"";"";"None"
"159";13;"00:10:31.180";"Swedish";"S-T";8;1;"smallare";"Thickness";"1";"vert";"grip";2;"vert and size";"smallare ton";"";"";"Mixed"
"160";13;"00:11:35.940";"Swedish";"S-T";10;1;"tunnare";"Thickness";"1";"vert";"other";2;"vert and size";"f‚àö‚àÇrst denna tunnare smallare";"";"";"Vertical"
"161";13;"00:15:26.820";"Swedish";"S-T";14;1;"bastant";"Thickness";"1";"none";"other";2;"";"ena mera bastant";"";"";"Other"
"162";13;"00:15:28.370";"Swedish";"S-T";14;2;"mjukare";"Softness";"1";"none";"other";2;"";"den andra lite mera mjukare";"softness";"";"Other"
"163";13;"00:00:35.873";"Turkish";"S-T";1;1;"kalin";"Thickness";"1";"none";"grip";1;"";"Yasi buyuk olanin biraz daha sey... olgun, daha kalin";"";"";"Thickness"
"164";13;"00:04:29.169";"Turkish";"S-T";4;1;"ince";"Thickness";"0";"";"";NA;"";"Birinci ses kadin, ince";"";"";"None"
"165";13;"00:04:30.999";"Turkish";"S-T";4;2;"kalinca";"Thickness";"1";"size";"other";2;"";"Ikinci ses erkek, biraz daha kalinca";"kalinca = thickish, thick + ish";"";"Thickness"
"166";13;"00:07:12.012";"Turkish";"S-T";6;1;"kalin";"Thickness";"0";"";"";NA;"";"Kalin, ""bastant"" (swe) bir erkek sesi birinci";"";"";"None"
"167";13;"00:07:14.449";"Turkish";"S-T";6;2;"ince";"Thickness";"0";"";"";NA;"Attention! The word ""thin"" is not describing attributes of the woman! Both ""woman"" and ""thin"" are descriptions of the sound.";"Ikincisi de ince bir bayan";"";"";"None"
"168";13;"00:07:58.301";"Turkish";"S-T";7;1;"ince";"Thickness";"1";"none";"other";1;"";"Kadin, ince";"";"";"Other"
"169";13;"00:08:10.396";"Turkish";"S-T";7;2;"kalin";"Thickness";"1";"none";"grip";1;"";"Yine kalin, ""bastant"" (swe)";"";"";"Thickness"
"170";13;"00:08:37.759";"Turkish";"S-T";8;1;"kalin";"Thickness";"1";"none";"other";2;"";"Erkek ""bastant"" (swe), kalin";"";"";"Other"
"171";13;"00:08:41.664";"Turkish";"S-T";8;2;"ince";"Thickness";"1";"vert";"other";1;"";"Kiz yine ??? ince, ciglik seklinde";"";"";"Vertical"
"172";13;"00:09:13.366";"Turkish";"S-T";9;1;"kalin";"Thickness";"1";"none";"grip";1;"";"Bir, biraz daha orta yas, kalin";"";"";"Thickness"
"173";13;"00:09:15.638";"Turkish";"S-T";9;2;"ince";"Thickness";"1";"none";"other";1;"";"Gencin ki biraz daha sey, ince";"";"";"Other"
"174";13;"00:11:09.019";"Turkish";"S-T";10;1;"kalinca";"Thickness";"1";"none";"grip";1;"";"Olgun olanin sesi biraz daha kalinca gibi geliyor";"kalinca = thickish";"";"Thickness"
"175";13;"00:11:14.623";"Turkish";"S-T";10;2;"ince";"Thickness";"1";"none";"grip";1;"";"Olmayanin biraz daha ince";"";"";"Thickness"
"176";13;"00:15:02.255";"Turkish";"S-T";13;1;"kalin";"Thickness";"1";"none";"grip";1;"gesture slightly after";"Erkegin ki biraz daha kalin";"";"";"Thickness"
"177";13;"00:15:03.762";"Turkish";"S-T";13;2;"ince";"Thickness";"1";"none";"grip";1;"";"Kadinin ki biraz ince";"";"";"Thickness"
"178";13;"00:17:14.272";"Turkish";"S-T";15;1;"kalinlastirilmis";"Thickness";"1";"none";"grip";1;"";"Ikinci seste asari yukari ayni, erkek versiyonu, daha b‚àö‚àÇyle kalinlastirilmis bir bastant...";"kalinlastirilmis = thickened + reported past tense";"";"Thickness"
"179";14;"00:00:28.453";"Turkish";"T-S";1;1;"yuksek";"Height";"1";"vert";"other";1;"";"Yani yuksek bir tonda bir ses";"";"clear thickness gestures";"Vertical"
"180";14;"00:01:27.348";"Turkish";"T-S";1;2;"ince";"Thickness";"1";"size";"other";2;"";"Biri daha b‚àö‚àÇyle ince bir ses";"";"clear thickness gestures";"Thickness"
"181";14;"00:01:29.680";"Turkish";"T-S";1;3;"kalin";"Thickness";"1";"none";"other";2;"";"Digeri daha kalin gibi";"";"clear thickness gestures";"Other"
"182";14;"00:01:58.996";"Turkish";"T-S";2;1;"ince";"Thickness";"1";"none";"grip";1;"";"Ikincisi daha ince. Birincisi, pardon, daha ince digerinden";"";"";"Thickness"
"183";14;"00:02:02.104";"Turkish";"T-S";2;1;"ince";"Thickness";"1";"vert";"flat H";1;"";"Ikincisi daha ince. Birincisi, pardon, daha ince digerinden";"";"";"Vertical"
"184";14;"00:03:02.841";"Turkish";"T-S";3;1;"ince";"Thickness";"1";"none";"other";1;"";"Birincisi kadin sesiydi, ince";"";"";"Other"
"185";14;"00:03:52.790";"Turkish";"T-S";4;1;"ince";"Thickness";"1";"none";"grip";1;"";"Ikinci ses daha ince bir ses";"";"";"Thickness"
"186";14;"00:04:26.424";"Turkish";"T-S";5;1;"ince";"Thickness";"1";"none";"other";1;"";"Digeri kadin sesi gibi daha ince";"";"";"Other"
"187";14;"00:04:52.955";"Turkish";"T-S";6;1;"inceydi";"Thickness";"0";"";"";NA;"";"Ikincisi daha inceydi";"inceydi = thin + past tense";"";"None"
"188";14;"00:05:34.886";"Turkish";"T-S";7;1;"ince";"Thickness";"1";"none";"grip";2;"";"Birinci ses cok ince";"";"";"Thickness"
"189";14;"00:05:37.205";"Turkish";"T-S";7;2;"kalin";"Thickness";"1";"none";"grip";1;"";"Digeri de daha kalin ??? bir ses";"";"";"Thickness"
"190";14;"00:06:10.606";"Turkish";"T-S";8;1;"kalin";"Thickness";"1";"none";"grip";1;"";"Kalin ses ikiside";"";"";"Thickness"
"191";14;"00:06:32.259";"Turkish";"T-S";8;2;"kalin";"Thickness";"1";"none";"grip";1;"";"Ikinci ses daha gur gibi, daha kalin b‚àö‚àÇyle";"";"";"Thickness"
"192";14;"00:07:06.936";"Turkish";"T-S";9;1;"ince";"Thickness";"0";"";"";NA;"";"Ikinci ses daha ince";"";"";"None"
"193";14;"00:07:13.485";"Turkish";"T-S";9;2;"inceydi";"Thickness";"1";"none";"other";2;"";"Birincisi de ondan daha gur, ama digerlerinden daha inceydi, ortada gibi bisey";"inceydi = thin + past tense";"";"Other"
"194";14;"00:08:30.670";"Turkish";"T-S";11;1;"ince";"Thickness";"1";"vert";"other";1;"";"Iki ince ses";"";"";"Vertical"
"195";14;"00:08:47.620";"Turkish";"T-S";11;2;"ince";"Thickness";"0";"";"";NA;"";"Birincisi daha ince";"";"";"None"
"196";14;"00:09:25.302";"Turkish";"T-S";12;1;"kalin";"Thickness";"1";"none";"grip";1;"";"Ikincisi daha kalin";"";"";"Thickness"
"197";14;"00:10:12.955";"Turkish";"T-S";13;1;"kalin";"Thickness";"0";"";"";NA;"";"Ikincisi daha kalin";"";"";"None"
"198";14;"00:11:12.554";"Turkish";"T-S";14;1;"ince";"Thickness";"0";"";"";NA;"";"Birinci ses daha ince ";"";"";"None"
"199";14;"00:11:15.332";"Turkish";"T-S";14;2;"kalindi";"Thickness";"0";"";"";NA;"";"Digeri daha kalindi";"kalindi = thick + past tense";"";"None"
"200";14;"00:12:07.569";"Turkish";"T-S";15;1;"ince";"Thickness";"0";"";"";NA;"";"Ikinci ses cok daha ince";"";"";"None"
"201";14;"00:00:31.520";"Swedish";"T-S";1;1;"tjokkare";"Thickness";"1";"none";"grip";1;"";"mer liksom tjokkare";"";"uses thickness, also in trial 8";"Thickness"
"202";14;"00:02:14.740";"Swedish";"T-S";2;1;"ljusa";"Brightness";"0";"";"";NA;"";"relativt ljusa";"";"";"None"
"203";14;"00:05:14.170";"Swedish";"T-S";4;1;"ljusare";"Brightness";"0";"";"";NA;"";"den andra var mycket ljusare ‚àö¬ßn den f‚àö‚àÇrsta";"";"";"None"
"204";14;"00:05:50.800";"Swedish";"T-S";4;2;"tunnare";"Thickness";"1";"none";"grip";1;"";"den f‚àö‚àÇrsta definitivt mycket tunnare ‚àö¬ßn (  ) liksom";"";"";"Thickness"
"205";14;"00:07:41.230";"Swedish";"T-S";6;1;"ljusare";"Brightness";"0";"";"";NA;"";"den andra var ljusare ‚àö¬ßn den f‚àö‚àÇrsta";"";"";"None"
"206";14;"00:07:46.605";"Swedish";"T-S";6;2;"ljusa";"Brightness";"1";"none";"grip";2;"";"b‚àö‚Ä¢da var ( ) ljusa kvinnliga toner";"";"";"Thickness"
"207";14;"00:08:25.470";"Swedish";"T-S";7;1;"ljusare";"Brightness";"0";"";"";NA;"";"den f‚àö‚àÇrsta var ( ) ljusare ‚àö¬ßn den andra";"";"";"None"
"208";14;"00:09:24.060";"Swedish";"T-S";8;1;"ljusa";"Brightness";"0";"";"";NA;"";"det var tv‚àö‚Ä¢ ljusa r‚àö‚àÇster";"";"";"None"
"209";14;"00:10:36.510";"Swedish";"T-S";9;1;"ljusare";"Brightness";"0";"";"";NA;"";"s‚àö‚Ä¢ andra r‚àö‚àÇsten i ljudet var ljusare";"";"";"None"
"210";14;"00:11:36.350";"Swedish";"T-S";10;1;"ljusare";"Brightness";"0";"";"";NA;"";"det var ocks‚àö‚Ä¢ andra var lite ljusare ‚àö¬ßn den f‚àö‚àÇrsta";"";"";"None"
"211";14;"00:11:39.160";"Swedish";"T-S";10;2;"mörkare";"Brightness";"0";"";"";NA;"";"m‚àö‚àÇrkare liksom ( ) den f‚àö‚àÇrsta";"";"";"None"
"212";14;"00:12:15.000";"Swedish";"T-S";11;1;"ljusare";"Brightness";"0";"";"";NA;"";"f‚àö‚àÇrsta var ljusare";"";"";"None"
"213";14;"00:12:25.500";"Swedish";"T-S";11;2;"mörkare";"Brightness";"0";"";"";NA;"";"men den var i alla fall m‚àö‚àÇrkare ‚àö¬ßn den ljusa";"";"";"None"
"214";14;"00:13:20.600";"Swedish";"T-S";12;1;"ljus";"Brightness";"0";"";"";NA;"";"den f‚àö‚àÇrsta var mer ljus liksom";"";"";"None"
"215";14;"00:13:22.640";"Swedish";"T-S";12;2;"mörk";"Brightness";"0";"";"";NA;"";"den andra mer m‚àö‚àÇrk r‚àö‚àÇst";"";"";"None"
"216";14;"00:14:02.580";"Swedish";"T-S";13;1;"uppåt";"Height";"1";"vert";"flat V";1;"";"den f‚àö‚àÇrsta mer den g‚àö‚Ä¢r mer upp‚àö‚Ä¢t liksom";"";"";"Vertical"
"217";14;"00:14:04.190";"Swedish";"T-S";13;2;"andra";"Brightness";"1";"none";"grip";1;"";"i det ljusa ‚àö¬ßn den andra";"";"";"Thickness"
"218";14;"00:15:09.650";"Swedish";"T-S";14;1;"ljusare";"Brightness";"0";"";"";NA;"";"andra var mycket ljusare r‚àö‚àÇst";"";"";"None"
"219";14;"00:16:26.420";"Swedish";"T-S";15;1;"ljusare";"Brightness";"0";"";"";NA;"";"andra var ljusare ‚àö¬ßn den f‚àö‚àÇrsta";"";"";"None"
"220";15;"00:00:24.430";"Swedish";"S-T";1;1;"ljusa";"Brightness";"0";"";"";NA;"";"det var eh v‚àö¬ßldigt ljusa kvinnliga r‚àö‚àÇster";"";"";"None"
"221";15;"00:00:33.490";"Swedish";"S-T";1;2;"ljusare";"Brightness";"1";"none";"other";1;"";"den f‚àö‚àÇrsta var lite ljusare ‚àö¬ßn den andra";"";"";"Other"
"222";15;"00:01:12.790";"Swedish";"S-T";2;1;"mörka";"Brightness";"1";"none";"other";2;"";"det h‚àö¬ßr var en m‚àö‚àÇrk eller tv‚àö‚Ä¢ m‚àö‚àÇrka r‚àö‚àÇster";"";"";"Other"
"223";15;"00:01:52.860";"Swedish";"S-T";3;1;"ljusa";"Brightness";"1";"none";"grip";2;"";"ljusa";"";"";"Thickness"
"224";15;"00:01:54.790";"Swedish";"S-T";3;2;"ljus";"Brightness";"1";"none";"other";1;"";"den ena var ganska ljus";"";"";"Other"
"225";15;"00:01:57.710";"Swedish";"S-T";3;3;"ljusare";"Brightness";"1";"none";"other";1;"";"den andra var betydligt ljusare";"";"";"Other"
"226";15;"00:02:24.210";"Swedish";"S-T";4;1;"mörk";"Brightness";"1";"size";"other";1;"hands not aligned, compare with next";"den ena var ganska m‚àö‚àÇrk";"";"";"Thickness"
"227";15;"00:02:31.640";"Swedish";"S-T";4;2;"ljust";"Brightness";"1";"size";"other";1;"";"ganska ljust f‚àö‚àÇr en manlig r‚àö‚àÇst";"";"";"Thickness"
"228";15;"00:03:09.090";"Swedish";"S-T";5;1;"ljus";"Brightness";"1";"none";"other";1;"";"den andra var en ganska ljus kvinnlig r‚àö‚àÇst";"";"";"Other"
"229";15;"00:03:35.110";"Swedish";"S-T";6;1;"mörka";"Brightness";"1";"none";"other";2;"";"det h‚àö¬ßr var tv‚àö‚Ä¢ m‚àö‚àÇrka r‚àö‚àÇster";"";"";"Other"
"230";15;"00:03:45.045";"Swedish";"S-T";6;2;"mörkare";"Brightness";"1";"none";"other";1;"";"den ena var n‚àö‚Ä¢got m‚àö‚àÇrkare ‚àö¬ßn den andra";"";"";"Other"
"231";15;"00:04:15.200";"Swedish";"S-T";7;1;"ljusa";"Brightness";"1";"none";"other";2;"";"h‚àö¬ßr ‚àö¬ßr det tv‚àö‚Ä¢ ljusa r‚àö‚àÇster";"";"";"Other"
"232";15;"00:04:44.090";"Swedish";"S-T";8;1;"mörk";"Brightness";"1";"size";"other";2;"";"den f‚àö‚àÇrsta ‚àö¬ßr en ganska m‚àö‚àÇrk manlig r‚àö‚àÇst";"";"";"Thickness"
"233";15;"00:04:48.395";"Swedish";"S-T";8;2;"ljus";"Brightness";"1";"size";"other";2;"";"och den andra ‚àö¬ßr en ganska ljus kvinnlig r‚àö‚àÇst";"";"";"Thickness"
"234";15;"00:05:19.290";"Swedish";"S-T";9;1;"ljus";"Brightness";"1";"vert";"other";1;"compare with next";"v‚àö¬ßldigt ljus kvinnor‚àö‚àÇst";"";"";"Vertical"
"235";15;"00:05:23.550";"Swedish";"S-T";9;2;"mörk";"Brightness";"1";"vert";"flat H";1;"";"den andra en ganska m‚àö‚àÇrk";"";"";"Vertical"
"236";15;"00:05:55.580";"Swedish";"S-T";10;1;"ljusa";"Brightness";"1";"none";"other";2;"";"ljusa";"";"";"Other"
"237";15;"00:06:03.370";"Swedish";"S-T";10;2;"ljusare";"Brightness";"1";"none";"other";2;"";"det f‚àö‚àÇrsta ‚àö¬ßr n‚àö‚Ä¢got ljusare ‚àö¬ßn det andra";"";"";"Other"
"238";15;"00:06:04.480";"Swedish";"S-T";10;2;"andra";"Brightness";"1";"none";"other";2;"";"det f‚àö‚àÇrsta ‚àö¬ßr n‚àö‚Ä¢got ljusare ‚àö¬ßn det andra";"";"";"Other"
"239";15;"00:07:15.055";"Swedish";"S-T";11;1;"mörka";"Brightness";"1";"none";"other";2;"";"det var m‚àö‚àÇrka tv‚àö‚Ä¢ manliga m‚àö‚àÇrka r‚àö‚àÇster";"";"";"Other"
"240";15;"00:07:43.710";"Swedish";"S-T";11;2;"mörkare";"Brightness";"1";"none";"flat H";1;"";"den andra ‚àö¬ßr n‚àö‚Ä¢got m‚àö‚àÇrkare ‚àö¬ßn den f‚àö‚àÇrsta";"";"";"Vertical"
"241";15;"00:07:45.430";"Swedish";"S-T";11;2;"första";"Brightness";"1";"none";"point";1;"";"den andra ‚àö¬ßr n‚àö‚Ä¢got m‚àö‚àÇrkare ‚àö¬ßn den f‚àö‚àÇrsta";"";"";"Vertical"
"242";15;"00:08:11.580";"Swedish";"S-T";12;1;"ljus";"Brightness";"1";"vert";"flat H";1;"";"och den andra ‚àö¬ßr en ganska ljus kvinnlig r‚àö‚àÇst";"";"";"Vertical"
"243";15;"00:08:19.840";"Swedish";"S-T";12;2;"ljusa";"Brightness";"1";"none";"other";1;"";"utan den ‚àö¬ßr mer ‚àö‚Ä¢t det ljusa h‚àö‚Ä¢llet";"";"";"Other"
"244";15;"00:08:41.270";"Swedish";"S-T";13;1;"mörkare";"Brightness";"1";"vert";"other";2;"";"lite m‚àö‚àÇrkare ‚àö¬ßn den andra";"";"";"Vertical"
"245";15;"00:08:42.580";"Swedish";"S-T";13;1;"andra";"Brightness";"1";"none";"other";2;"";"lite m‚àö‚àÇrkare ‚àö¬ßn den andra";"";"";"Other"
"246";15;"00:08:45.300";"Swedish";"S-T";13;2;"starkare";"Other";"1";"none";"grip";2;"";"den f‚àö‚àÇrsta har lite starkare r‚àö‚àÇst";"strength";"";"Thickness"
"247";15;"00:09:24.010";"Swedish";"S-T";14;1;"mörk";"Brightness";"0";"";"";NA;"";"den f‚àö‚àÇrsta ‚àö¬ßr en ganska m‚àö‚àÇrk manlig r‚àö‚àÇst";"";"";"None"
"248";15;"00:09:30.900";"Swedish";"S-T";14;2;"ljus";"Brightness";"0";"";"";NA;"";"och den andra en ganska ljus kvinnlig r‚àö‚àÇst";"";"";"None"
"249";15;"00:10:04.865";"Swedish";"S-T";15;1;"mörk";"Brightness";"1";"vert";"flat H";1;"";"m‚àö‚àÇrk m‚àö‚àÇrk r‚àö‚àÇst";"";"";"Vertical"
"250";15;"00:10:07.945";"Swedish";"S-T";15;2;"ljus";"Brightness";"1";"vert";"flat H";1;"";"och en v‚àö¬ßldig ljus kvinnlig r‚àö‚àÇst";"";"";"Vertical"
"251";15;"00:00:28.419";"Turkish";"S-T";1;2;"yuksek";"Height";"1";"vert";"flat H";1;"gesture slightly before";"Ikinci ses bir kadin galiba, yuksek tonda s‚àö‚àÇyluyor";"";"";"Vertical"
"252";15;"00:01:04.053";"Turkish";"S-T";2;2;"acik";"Brightness";"1";"none";"grip";1;"Participant is probably refering to ""light"" because she is contrasting this sound to a ""dark"" sound ";"Ilki ikincisinden daha acik";"acik = 1. light, 2. open";"";"Thickness"
"253";15;"00:01:42.288";"Turkish";"S-T";3;2;"yuksek";"Height";"1";"vert";"flat H";2;"";"Ikincisiyse cok tiz bir kadin sesi, baya yuksek ve acik sesle s‚àö‚àÇyliyor";"";"";"Vertical"
"254";15;"00:02:20.444";"Turkish";"S-T";4;1;"koyu";"Brightness";"1";"none";"other";2;"gesture starts slightly before";"Ikincisiyse erkek sesi, baya koyu";"";"";"Other"
"255";15;"00:02:55.293";"Turkish";"S-T";5;2;"acik";"Brightness";"1";"none";"other";2;"";"Orta tondan biraz daha acik bir tiz bir kadin sesi";"";"";"Other"
"256";15;"00:03:17.971";"Turkish";"S-T";6;1;"acik";"Brightness";"1";"none";"other";2;"";"Bu iki seste acik sesler, tiz sesler";"";"";"Other"
"257";15;"00:03:25.784";"Turkish";"S-T";6;2;"acik";"Brightness";"1";"none";"other";1;"";"Ikinci ses ilk sesten daha acik ve daha tiz";"";"";"Other"
"258";15;"00:04:34.874";"Turkish";"S-T";7;2;"koyu";"Brightness";"1";"none";"other";1;"";"Ilki ikincisinden bir tik daha koyu bir renk";"";"";"Other"
"259";15;"00:05:25.629";"Turkish";"S-T";8;2;"acik";"Brightness";"1";"none";"other";1;"";"Ikincisi hafif tiz, hafif acik";"";"";"Other"
"260";15;"00:06:02.196";"Turkish";"S-T";9;2;"acik";"Brightness";"1";"none";"other";1;"";"Ikinci seste baya baya acik bir...";"";"";"Other"
"261";15;"00:07:07.150";"Turkish";"S-T";10;1;"acik";"Brightness";"1";"size";"other";2;"";"Ikiside baya acik yani,  tiz";"";"";"Thickness"
"262";15;"00:07:23.268";"Turkish";"S-T";11;1;"koyu";"Brightness";"1";"none";"other";2;"";"Ilk ses baya baya koyu bir erkek sesi";"";"";"Other"
"263";15;"00:07:32.223";"Turkish";"S-T";11;2;"acik";"Brightness";"1";"none";"other";2;"";"Ikinci ses ortadan bir tik daha acik bir kadin sesi";"";"";"Other"
"264";15;"00:08:07.949";"Turkish";"S-T";12;1;"koyu";"Brightness";"1";"none";"other";1;"";"Erkek sesi biraz daha koyu";"";"";"Other"
"265";15;"00:08:36.928";"Turkish";"S-T";13;1;"koyu";"Brightness";"1";"none";"grip";1;"";"Ilki baya koyu bir ses";"";"";"Thickness"
"266";15;"00:08:40.193";"Turkish";"S-T";13;2;"acik";"Brightness";"1";"none";"other";1;"";"Ikincisi o koyudan biraz daha acik bir ses";"";"";"Other"
"267";15;"00:08:42.084";"Turkish";"S-T";13;3;"koyu";"Brightness";"1";"none";"other";2;"";"Ama ikiside baya koyu yani";"";"";"Other"
"268";15;"00:09:18.647";"Turkish";"S-T";14;1;"koyu";"Brightness";"1";"none";"grip";1;"";"Ilki koyu";"";"";"Thickness"
"269";15;"00:09:21.770";"Turkish";"S-T";14;2;"acik";"Brightness";"1";"none";"other";2;"";"Ikincisi acik, tiz bir ses";"";"";"Other"
"270";15;"00:10:09.977";"Turkish";"S-T";15;1;"acik";"Brightness";"1";"none";"other";1;"";"Ikiside acik, tiz kadin sesleri";"";"";"Other"
"271";16;"00:00:47.410";"Turkish";"T-S";1;1;"inceydi";"Thickness";"1";"none";"grip";2;"";"Inceden inceye dogru gidiyordu";"inceye = thin + dative";"";"Thickness"
"272";16;"00:01:09.132";"Turkish";"T-S";2;1;"kalin";"Thickness";"1";"none";"grip";2;"";"Tizden kalina gecti";"kalina = thick + dative";"";"Thickness"
"273";16;"00:01:52.871";"Turkish";"T-S";3;1;"kalin";"Thickness";"1";"none";"grip";2;"gesture slightly after";"Bu da iki kalin sesti";"";"";"Thickness"
"274";16;"00:03:08.107";"Turkish";"T-S";6;1;"kalin";"Thickness";"1";"none";"other";2;"gesture continues";"Kalin";"";"";"Other"
"275";16;"00:04:00.254";"Turkish";"T-S";8;1;"kalin";"Thickness";"0";"";"";NA;"";"Tamamen ayni, iki kalin";"";"";"None"
"276";16;"00:04:29.718";"Turkish";"T-S";9;1;"inceydi";"Thickness";"1";"none";"other";2;"";"Ilk ses cok inceydi";"inceydi = thin + past tense";"";"Other"
"277";16;"00:04:33.884";"Turkish";"T-S";9;2;"inceydi";"Thickness";"1";"none";"grip";1;"";"Ikinci seste inceydi";"inceydi = thin + past tense";"";"Thickness"
"278";16;"00:04:56.448";"Turkish";"T-S";10;1;"inceydi";"Thickness";"0";"";"";NA;"";"Bu ikiside b‚àö‚àÇyle inceydi";"inceydi = thin + past tense";"";"None"
"279";16;"00:05:40.607";"Turkish";"T-S";11;1;"kalin";"Thickness";"0";"";"";NA;"";"Ilki kalin";"";"";"None"
"280";16;"00:05:41.510";"Turkish";"T-S";11;2;"ince";"Thickness";"0";"";"";NA;"";"Ikincisi ince";"";"";"None"
"281";16;"00:06:12.457";"Turkish";"T-S";12;1;"kalin";"Thickness";"0";"";"";NA;"";"Biri cok kalin";"";"";"None"
"282";16;"00:06:13.064";"Turkish";"T-S";12;2;"ince";"Thickness";"0";"";"";NA;"";"Biri cok ince";"";"";"None"
"283";16;"00:06:40.985";"Turkish";"T-S";13;1;"ince";"Thickness";"1";"none";"other";2;"";"Iki b‚àö‚àÇyle ince ses";"";"";"Other"
"284";16;"00:07:12.979";"Turkish";"T-S";14;1;"inceden";"Thickness";"0";"";"";NA;"";"Cok inceden cok kalina";"inceden = thin + ablative";"";"None"
"285";16;"00:07:13.733";"Turkish";"T-S";14;1;"kalina";"Thickness";"1";"vert";"grip";2;"gesture after";"Cok inceden cok kalina";"kalina = thick + dative";"";"Mixed"
"286";16;"00:07:32.228";"Turkish";"T-S";15;1;"kalindan";"Thickness";"1";"vert";"other";1;"see next";"Cok kalindan cok inceye";"kalindan = thick + ablative";"";"Vertical"
"287";16;"00:07:33.352";"Turkish";"T-S";15;1;"inceye";"Thickness";"1";"vert";"other";1;"see before";"Cok kalindan cok inceye";"inceye = thin + dative";"";"Vertical"
"288";16;"00:07:35.193";"Turkish";"T-S";15;2;"kalin";"Thickness";"1";"vert";"other";1;"";"Ilki cok kalin";"";"";"Vertical"
"289";16;"00:07:36.745";"Turkish";"T-S";15;3;"inceydi";"Thickness";"0";"";"";NA;"";"Digeri cok inceydi";"inceydi = thin + past tense";"";"None"
"290";16;"00:00:19.260";"Swedish";"T-S";1;1;"tyngre";"Mass";"1";"size";"grip";2;"";"lite tyngre toner";"weight";"participant uses several metaphors, e.g. brightness, thickness and height in trial 3";"Thickness"
"291";16;"00:00:23.130";"Swedish";"T-S";1;2;"tyngre";"Mass";"1";"none";"grip";1;"";"den sista var tyngre ‚àö¬ßn den f‚àö‚àÇrsta";"weight";"participant uses several metaphors, e.g. brightness, thickness and height in trial 3";"Thickness"
"292";16;"00:00:24.460";"Swedish";"T-S";1;2;"första";"Mass";"1";"none";"grip";1;"";"den sista var tyngre ‚àö¬ßn den f‚àö‚àÇrsta";"weight";"participant uses several metaphors, e.g. brightness, thickness and height in trial 3";"Thickness"
"293";16;"00:00:41.640";"Swedish";"T-S";2;1;"tyngre";"Mass";"1";"size";"grip";2;"";"alts‚àö‚Ä¢ tyngre";"weight";"";"Thickness"
"294";16;"00:01:05.940";"Swedish";"T-S";3;1;"ljusare";"Brightness";"1";"none";"grip";2;"";"nu var det tv‚àö‚Ä¢ ljusare toner";"";"";"Thickness"
"295";16;"00:01:12.660";"Swedish";"T-S";3;2;"tunnare";"Thickness";"1";"none";"grip";1;"gesture by right hand, left belongs to next";"den sista var tunnare ‚àö¬ßn den f‚àö‚àÇrsta";"";"";"Thickness"
"296";16;"00:01:13.840";"Swedish";"T-S";3;2;"första";"Thickness";"1";"none";"grip";1;"see before";"den sista var tunnare ‚àö¬ßn den f‚àö‚àÇrsta";"";"";"Thickness"
"297";16;"00:01:55.740";"Swedish";"T-S";4;1;"tunnaste";"Thickness";"1";"size";"grip";2;"";"f‚àö‚àÇrsta var den tunnaste";"";"";"Thickness"
"298";16;"00:02:00.980";"Swedish";"T-S";4;2;"tunn";"Thickness";"1";"none";"other";1;"";"men fortfarande tunn";"";"";"Other"
"299";16;"00:02:22.120";"Swedish";"T-S";5;1;"tunn";"Thickness";"1";"none";"other";1;"";"andra tunn";"";"";"Other"
"300";16;"00:03:21.170";"Swedish";"T-S";6;1;"tunna";"Thickness";"0";"";"";NA;"";"tunna";"";"";"None"
"301";16;"00:04:03.980";"Swedish";"T-S";7;1;"tyngre";"Mass";"1";"vert";"grip";2;"";"tv‚àö‚Ä¢ tyngre basser";"weight";"";"Mixed"
"302";16;"00:04:43.480";"Swedish";"T-S";8;1;"tunn";"Thickness";"1";"vert";"grip";1;"";"en tunn";"";"";"Mixed"
"303";16;"00:04:59.060";"Swedish";"T-S";9;1;"tunn";"Thickness";"1";"vert";"grip";1;"";"en j‚àö¬ßtte tunn";"";"";"Mixed"
"304";16;"00:05:00.140";"Swedish";"T-S";9;2;"tyngre";"Mass";"1";"vert";"grip";1;"gesture at the end, compare with prior";"och en j‚àö¬ßtte . eh. tyngre";"weight";"";"Mixed"
"305";16;"00:05:23.540";"Swedish";"T-S";10;1;"tunnare";"Thickness";"1";"none";"grip";2;"";"en lite tunnare";"";"";"Thickness"
"306";16;"00:05:31.690";"Swedish";"T-S";10;2;"tyngre";"Mass";"1";"none";"grip";2;"gesture starts slightly before";"n‚àö‚Ä¢gon";"weight";"";"Thickness"
"307";16;"00:06:05.300";"Swedish";"T-S";11;1;"tunnare";"Thickness";"1";"none";"grip";2;"";"den f‚àö‚àÇrsta var  . tunnare";"";"";"Thickness"
"308";16;"00:06:06.070";"Swedish";"T-S";11;2;"tyngre";"Mass";"1";"none";"grip";1;"gesture left hand";"den andra lite tyngre";"weight";"";"Thickness"
"309";16;"00:06:22.300";"Swedish";"T-S";12;1;"tunna";"Thickness";"1";"vert";"other";1;"";"tv‚àö‚Ä¢ tunna";"";"";"Vertical"
"310";16;"00:07:04.500";"Swedish";"T-S";13;1;"tyngre";"Mass";"1";"none";"grip";1;"";"lite tyngre";"weight";"";"Thickness"
"311";16;"00:07:06.050";"Swedish";"T-S";13;2;"svagare";"Mass";"1";"vert";"grip";1;"compare with prior";"och lite svagare";"strength";"";"Mixed"
"312";16;"00:07:29.120";"Swedish";"T-S";14;1;"svaga";"Other";"1";"vert";"grip";1;"gesture sligthly after";"tv‚àö‚Ä¢ svaga tunna";"strength";"";"Mixed"
"313";16;"00:07:33.070";"Swedish";"T-S";14;2;"tunn";"Thickness";"1";"vert";"grip";1;"";"v‚àö¬ßldigt tunn";"";"";"Mixed"
"314";16;"00:07:35.300";"Swedish";"T-S";14;3;"tunn";"Thickness";"1";"vert";"grip";1;"";"och den andra eh. ocks‚àö‚Ä¢ tunn";"";"";"Mixed"
"315";16;"00:08:12.360";"Swedish";"T-S";15;1;"smallare";"Thickness";"1";"vert";"grip";1;"gesture right hand";"smallare ‚àö¬ßn den andra";"";"";"Mixed"
"316";16;"00:08:12.940";"Swedish";"T-S";15;1;"andra";"Thickness";"1";"vert";"grip";1;"gesture left hand";"smallare ‚àö¬ßn den andra";"";"";"Mixed"
"317";2;"00:09:07.054";"Turkish";"T-S";6;1;"kalin";"Thickness";"1";"none";"other";1;"";"Ilki kalin";"";"";"Other"
"318";2;"00:09:09.880";"Turkish";"T-S";6;2;"kalin";"Thickness";"1";"none";"grip";1;"";"Ikinci ondan daha baskin bir kalin";"";"";"Thickness"
"319";2;"00:09:43.984";"Turkish";"T-S";7;1;"ince";"Thickness";"1";"none";"grip";1;"";"Ilk daha b‚àö‚àÇyle bir ince bir tonda";"";"";"Thickness"
"320";2;"00:11:54.378";"Turkish";"T-S";9;1;"ince";"Thickness";"1";"none";"grip";1;"";"Daha ince";"";"";"Thickness"
"321";2;"00:12:20.341";"Turkish";"T-S";10;1;"ince";"Thickness";"0";"";"";NA;"";"Ikiside ince";"";"";"None"
"322";2;"00:12:31.765";"Turkish";"T-S";10;2;"ince";"Thickness";"0";"";"";NA;"";"Ikinci daha b‚àö‚àÇyle bir... sey... yani hepten ince";"";"";"None"
"323";2;"00:13:00.932";"Turkish";"T-S";11;1;"kalin";"Thickness";"0";"";"";NA;"";"Kalin";"";"";"None"
"324";2;"00:13:04.370";"Turkish";"T-S";11;2;"ince";"Thickness";"0";"";"";NA;"";"Ikinci koro, ince";"";"";"None"
"325";2;"00:13:25.905";"Turkish";"T-S";12;1;"yumsak";"Softness";"1";"none";"grip";1;"";"Fakat ikinci daha bir b‚àö‚àÇyle bir ""a""yi daha bir yumsak ve daha yuksek s‚àö‚àÇyluyor";"soft";"";"Thickness"
"326";2;"00:13:52.142";"Turkish";"T-S";NA;1;"yukseliyor";"Height";"0";"";"";NA;"";"Biri daha b‚àö‚àÇyle bir yukseliyor";"yukseliyor = is becoming more high / ascending";"";"None"
"327";2;"00:15:30.636";"Turkish";"T-S";14;1;"yukselis";"Height";"1";"none";"grip";1;"";"Ikincide daha b‚àö‚àÇyle bir o sesten b‚àö‚àÇyle bir yukselis var";"yukselis = a rise";"";"Thickness"
"328";2;"00:00:15.070";"Swedish";"T-S";1;1;"mörkare";"Brightness";"1";"none";"grip";1;"";"ett ‚àö¬ßr m‚àö‚àÇrkare i tonen";"";"";"Thickness"
"329";2;"00:00:19.615";"Swedish";"T-S";1;2;"mjukare";"Softness";"1";"none";"grip";1;"";"medans tv‚àö‚Ä¢ ‚àö¬ßr mjukare";"softer";"";"Thickness"
"330";2;"00:01:06.550";"Swedish";"T-S";2;1;"höjd";"Height";"1";"vert";"other";1;"";"lite mer s‚àö‚Ä¢ h‚àö¬ßr h‚àö‚àÇjd ton";"";"";"Vertical"
"331";2;"00:01:15.930";"Swedish";"T-S";2;2;"mörkare";"Brightness";"1";"vert";"flat H";1;"";"mycket m‚àö‚àÇrkare m‚àö‚àÇrkare ton";"";"";"Vertical"
"332";2;"00:01:34.340";"Swedish";"T-S";3;1;"starkare";"Other";"1";"none";"grip";1;"";"men ett k‚àö¬ßnns starkare ( ) (tv‚àö‚Ä¢aren)";"";"";"Thickness"
"333";2;"00:01:35.510";"Swedish";"T-S";3;1;"?";"Other";"1";"none";"other";1;"";"men ett k‚àö¬ßnns starkare ( ) (tv‚àö‚Ä¢aren)";"";"";"Other"
"334";2;"00:02:43.210";"Swedish";"T-S";4;1;"mörkare";"Brightness";"0";"";"";NA;"";"etteren ‚àö¬ßr m‚àö‚àÇrkare i tonen (  ) (tv‚àö‚Ä¢aren)";"";"";"None"
"335";2;"00:03:58.265";"Swedish";"T-S";5;1;"(sträd)";"Other";"1";"none";"other";1;"";"etteren k‚àö¬ßnns lite mer (str‚àö¬ßd) i tonen";"";"";"Other"
"336";2;"00:05:20.370";"Swedish";"T-S";6;1;"mjukare";"Softness";"0";"";"";NA;"";"fast etteren ‚àö¬ßr mjukare";"";"";"None"
"337";2;"00:07:02.310";"Swedish";"T-S";8;1;"mörk";"Brightness";"0";"";"";NA;"";"etteren v‚àö¬ßldigt v‚àö¬ßldigt m‚àö‚àÇrk ton";"";"";"None"
"338";2;"00:07:10.080";"Swedish";"T-S";8;2;"ljus";"Brightness";"0";"";"";NA;"";"tv‚àö‚Ä¢aren ‚àö¬ßr v‚àö¬ßldigt v‚àö¬ßldigt ljus ton";"";"";"None"
"339";2;"00:07:33.660";"Swedish";"T-S";9;1;"ljusa";"Brightness";"1";"none";"other";2;"";"b‚àö‚Ä¢da tv‚àö‚Ä¢ ‚àö¬ßr ju . ljusa";"";"";"Other"
"340";2;"00:08:17.720";"Swedish";"T-S";10;1;"ljus";"Brightness";"0";"";"";NA;"";"etteren ‚àö¬ßr v‚àö¬ßldigt v‚àö¬ßldigt ljus ";"";"";"None"
"341";2;"00:08:19.915";"Swedish";"T-S";10;2;"mörk";"Brightness";"0";"";"";NA;"";"tv‚àö‚Ä¢aren ‚àö¬ßr v‚àö¬ßldigt v‚àö¬ßldigt m‚àö‚àÇrk ton";"";"";"None"
"342";2;"00:09:05.950";"Swedish";"T-S";11;1;"höja";"Height";"1";"none";"other";1;"";"som eh h‚àö‚àÇja typ";"";"";"Other"
"343";2;"00:09:46.380";"Swedish";"T-S";12;1;"mörkare";"Brightness";"0";"";"";NA;"";"fast etteren ‚àö¬ßr eh m‚àö‚àÇrkare i tonen ( )";"";"";"None"
"344";2;"00:10:18.855";"Swedish";"T-S";13;1;"ljusare";"Brightness";"0";"";"";NA;"";"tv‚àö‚Ä¢aren ‚àö¬ßr ljusare i tonen";"";"";"None"
"345";2;"00:10:51.595";"Swedish";"T-S";14;1;"ljus";"Brightness";"0";"";"";NA;"";"etteren v‚àö¬ßldigt eh ljus";"";"";"None"
"346";2;"00:10:54.825";"Swedish";"T-S";14;2;"mörk";"Brightness";"1";"vert";"grip";1;"see context";"och tv‚àö‚Ä¢aren ‚àö¬ßr v‚àö¬ßldigt m‚àö‚àÇrk";"";"";"Mixed"
"347";2;"00:11:19.225";"Swedish";"T-S";15;1;"ljusa";"Brightness";"0";"";"";NA;"";"b‚àö‚Ä¢da tv‚àö‚Ä¢ ‚àö¬ßr ljusa i tonen";"";"";"None"
"348";2;"00:11:29.580";"Swedish";"T-S";15;1;"höjer";"Height";"1";"vert";"flat H";1;"";"f‚àö‚àÇrsta h‚àö‚àÇjer";"";"";"Vertical"
"349";2;"00:11:30.915";"Swedish";"T-S";15;2;"sänker";"Height";"1";"vert";"flat H";1;"";"tv‚àö‚Ä¢aren s‚àö¬ßnker";"";"";"Vertical"
"350";3;"00:01:06.540";"Swedish";"S-T";1;1;"lägre";"Height";"1";"vert";"flat H";2;"";"och den f‚àö‚àÇrsta ‚àö¬ßr . ja . mycket l‚àö¬ßgre ( ), alts‚àö‚Ä¢ h‚àö¬ßr n‚àö‚Ä¢gonstans";"";"";"Vertical"
"351";3;"00:01:12.260";"Swedish";"S-T";1;2;"högre";"Height";"1";"vert";"flat H";2;"";"och den andra liksom ( ), () sneppet h‚àö‚àÇgre";"";"";"Vertical"
"352";3;"00:02:28.060";"Swedish";"S-T";2;1;"mörk";"Brightness";"0";"";"";NA;"";"denna f‚àö‚àÇrsta var mycket mycket m‚àö‚àÇrk";"";"";"None"
"353";3;"00:03:39.500";"Swedish";"S-T";3;1;"mörk";"Brightness";"1";"vert";"flat H";2;"";"den som var typ m‚àö‚àÇrk det var den";"";"";"Vertical"
"354";3;"00:03:44.980";"Swedish";"S-T";3;2;"ljusare";"Brightness";"1";"vert";"flat H";1;"";"mycket ljusare";"";"";"Vertical"
"355";3;"00:04:09.640";"Swedish";"S-T";4;2;"jjust";"Brightness";"0";"";"";NA;"";"p‚àö‚Ä¢ en skala till 1, 1-10, d‚àö¬ßr 10 ‚àö¬ßr j‚àö¬ßtteljust, s‚àö‚Ä¢ var det en sekser";"";"";"None"
"356";3;"00:04:15.560";"Swedish";"S-T";4;3;"9er";"Brightness";"1";"vert";"flat H";1;"";"och den andra . var typ en 9er";"";"";"Vertical"
"357";3;"00:05:26.660";"Swedish";"S-T";6;1;"ljus";"Brightness";"0";"";"";NA;"";"den f‚àö‚àÇrsta var v‚àö¬ßldigt ljus";"";"";"None"
"358";3;"00:06:12.740";"Swedish";"S-T";7;1;"mörkare";"Brightness";"0";"";"";NA;"";"den ena m‚àö‚àÇrkare ‚àö¬ßn den andra";"";"";"None"
"359";3;"00:07:56.080";"Swedish";"S-T";8;1;"syv-otte";"Brightness";"1";"vert";"flat H";2;"";"och sen den andra var i det h‚àö¬ßr 7-8 skalan av ljuset";"";"";"Vertical"
"360";3;"00:08:19.840";"Swedish";"S-T";9;1;"ljusare";"Brightness";"1";"none";"other";1;"";"ljusare ( )";"";"";"Other"
"361";3;"00:08:23.020";"Swedish";"S-T";9;2;"lägre";"Height";"0";"";"";NA;"";"den andra var ( ) l‚àö¬ßgre m‚àö‚àÇrk ‚àö¬ßn den som ( )";"";"";"None"
"362";3;"00:08:49.360";"Swedish";"S-T";10;1;"mörkare";"Brightness";"1";"none";"other";1;"";"och den andra r‚àö‚àÇsten var typ en m‚àö‚àÇrkare ljus";"";"";"Other"
"363";3;"00:08:58.540";"Swedish";"S-T";10;2;"ljus";"Brightness";"1";"vert";"flat V";1;"see before";"och sen ljus kvinna";"";"";"Vertical"
"364";3;"00:10:42.780";"Swedish";"S-T";12;1;"ljusa";"Brightness";"1";"none";"other";2;"";"de tv‚àö‚Ä¢ ljusa likson kvinnor‚àö‚àÇster";"";"";"Other"
"365";3;"00:11:24.920";"Swedish";"S-T";13;1;"7er";"Brightness";"0";"";"";NA;"";"i m‚àö‚àÇrkhetskala typ s‚àö‚Ä¢ . en 7er p‚àö‚Ä¢ den f‚àö‚àÇrsta";"";"";"None"
"366";3;"00:11:31.440";"Swedish";"S-T";13;2;"6er";"Brightness";"1";"none";"other";2;"";"och den andra ljusa i ljusthetskala typ en 6er";"";"";"Other"
"367";3;"00:12:29.310";"Swedish";"S-T";14;1;"mörk";"Brightness";"0";"";"";NA;"";"den f‚àö‚àÇrsta ‚àö¬ßr v‚àö¬ßldigt m‚àö‚àÇrk";"";"";"None"
"368";3;"00:12:50.030";"Swedish";"S-T";14;2;"högt";"Height";"1";"vert";"flat H";1;"";"och ljushetsskalan p‚àö‚Ä¢ den andra r‚àö‚àÇsten var v‚àö¬ßldigt h‚àö‚àÇgt, typ en 9er";"";"";"Vertical"
"369";3;"00:13:09.690";"Swedish";"S-T";15;1;"ljusare";"Brightness";"0";"";"";NA;"";"fast lite ljusare";"";"";"None"
"370";3;"00:13:14.410";"Swedish";"S-T";15;2;"mörkare";"Brightness";"0";"";"";NA;"";"m‚àö‚àÇrkare";"";"";"None"
"371";3;"00:02:24.977";"Turkish";"S-T";2;1;"yukarda";"Height";"1";"vert";"flat H";1;"gesture starts earlier";"Birtanesi cok hani, degelim sekiz, yukarda b‚àö‚àÇyle gidiyor";"yukarda = high+locative";"";"Vertical"
"372";3;"00:04:44.927";"Turkish";"S-T";3;2;"yuksek";"Height";"1";"vert";"flat H";1;"";"Cok yuksek";"";"";"Vertical"
"373";3;"00:07:22.648";"Turkish";"S-T";4;1;"yuksek";"Height";"1";"vert";"flat H";1;"";"Ikincisi daha cok yuksek";"";"";"Vertical"
"374";3;"00:07:25.238";"Turkish";"S-T";4;2;"asarda";"Height";"1";"vert";"flat H";1;"";"Birincisi biraz asarda";"asarda = down + locative";"";"Vertical"
"375";3;"00:12:29.469";"Turkish";"S-T";6;2;"yukarda";"Height";"1";"vert";"flat H";1;"";"Ikinci ses cok cok cok yukarda";"yukarda = above /high + locative";"";"Vertical"
"376";3;"00:13:20.186";"Turkish";"S-T";7;1;"usttunde";"Height";"1";"none";"flat H";2;"";"‚àö√±busu tam ustunde";"ustunde = above + poss+locative";"";"Vertical"
"377";3;"00:14:40.812";"Turkish";"S-T";8;2;"yuksek";"Height";"1";"vert";"flat H";2;"";"Ama yuksek biraz";"";"";"Vertical"
"378";3;"00:15:47.194";"Turkish";"S-T";10;1;"asarda";"Height";"1";"none";"flat H";2;"";"Bir tane biraz asarda ses, kadin sesi";"asarda = down + locative";"";"Vertical"
"379";3;"00:15:50.600";"Turkish";"S-T";10;2;"yuksek";"Height";"1";"none";"flat H";2;"";"Bir tanesi biraz yuksek kadin sesi";"";"";"Vertical"
"380";3;"00:16:46.671";"Turkish";"S-T";11;2;"yuksek";"Height";"1";"vert";"flat H";1;"gesture starts earlier";"‚àö√±busu kadin ve yuksek";"";"";"Vertical"
"381";3;"00:17:48.550";"Turkish";"S-T";12;1;"asada";"Height";"1";"vert";"flat H";1;"gesture starts earlier";"Bir cok, cok, cok cok hani asarda, buyuk bir ""proffesional"" (eng) adam";"asarda = down + locative";"";"Vertical"
"382";4;"00:00:37.146";"Turkish";"T-S";1;1;"yuksekti";"Height";"1";"none";"other";2;"";"Ilk ses biraz daha yuksekti ";"yuksekti = high + past tense";"";"Other"
"383";4;"00:00:40.668";"Turkish";"T-S";1;2;"inceydi";"Thickness";"1";"none";"other";2;"";"Ikinci ses daha b‚àö‚àÇyle inceydi";"inceydi = thin + past tense";"";"Other"
"384";4;"00:01:17.420";"Turkish";"T-S";2;1;"kalin";"Thickness";"1";"size";"other";2;"";"Ilki b‚àö‚àÇyle daha kalin sesliydi";"";"";"Thickness"
"385";4;"00:03:00.022";"Turkish";"T-S";3;1;"inceydi";"Thickness";"1";"none";"other";2;"The confederate asked about what quality the first sound had, they then listened to the recordings again and this was the participant's reply. You might want to exclude this part. ";"Kalitesi inceydi";"inceydi = thin + past tense";"";"Other"
"386";4;"00:04:45.141";"Turkish";"T-S";5;1;"ince";"Thickness";"1";"size";"other";2;"";"Ilki ince sesli ama net";"";"";"Thickness"
"387";4;"00:04:48.710";"Turkish";"T-S";5;2;"ince";"Thickness";"1";"none";"other";2;"";"Ikincisi de ayni ince sesli ama biraz daha b‚àö‚àÇyle bagirarak sanki s‚àö‚àÇyluyor";"";"";"Other"
"388";4;"00:11:53.518";"Turkish";"T-S";11;1;"kalindi";"Thickness";"1";"none";"other";2;"";"Erkegin sesi daha b‚àö‚àÇyle kalindi";"kalindi = thick + past tense";"";"Other"
"389";4;"00:11:57.010";"Turkish";"T-S";11;2;"inceydi";"Thickness";"0";"";"";NA;"";"Kizin sesi daha inceydi";"inceydi = thin + past tense";"";"None"
"390";4;"00:12:32.562";"Turkish";"T-S";12;1;"kalindi";"Thickness";"0";"";"";NA;"";"Biraz kalindi sesleri";"kalindi = thick + past tense";"";"None"
"391";4;"00:12:45.314";"Turkish";"T-S";13;1;"kalin";"Thickness";"0";"";"";NA;"";"Ilki erkekti, kalin sesli";"";"";"None"
"392";4;"00:13:33.791";"Turkish";"T-S";14;1;"kalindi";"Thickness";"1";"size";"other";2;"";"Ilkinin sesi kalindi";"kalindi = thick + past tense";"";"Thickness"
"393";4;"00:13:36.073";"Turkish";"T-S";14;2;"inceydi";"Thickness";"1";"none";"other";2;"";"Digerinin cok daha farkli, inceydi";"inceydi = thin + past tense";"";"Other"
"394";4;"00:14:05.663";"Turkish";"T-S";15;1;"ince";"Thickness";"0";"";"";NA;"";"Kadindi, cok ince sesli";"";"";"None"
"395";4;"00:00:23.100";"Swedish";"T-S";1;1;"?";"Other";"1";"size";"grip";2;"";"?";"";"";"Thickness"
"396";4;"00:01:14.500";"Swedish";"T-S";2;1;"grova";"Other";"1";"size";"grip";2;"";"dom var mer s‚àö‚Ä¢ d‚àö¬ßr grova i r‚àö‚àÇsten";"roughness";"";"Thickness"
"397";4;"00:01:19.550";"Swedish";"T-S";2;2;"mildere";"Other";"1";"size";"grip";2;"";"dom var mycket mildere i r‚àö‚àÇsten";"roughness";"";"Thickness"
"398";4;"00:02:23.150";"Swedish";"T-S";4;1;"grova";"Other";"1";"none";"other";2;"";"dom var begge grova i r‚àö‚àÇsten";"roughness";"";"Other"
"399";4;"00:04:11.500";"Swedish";"T-S";6;1;"hög";"Height";"1";"vert";"flat V";2;"";"begge tv‚àö‚Ä¢ var kvinnor, den f‚àö‚àÇrsta var lite mer pippiga och liksom lite h‚àö‚àÇg ljud";"";"";"Vertical"
"400";4;"00:04:13.800";"Swedish";"T-S";6;2;"mildere";"Other";"1";"none";"other";2;"";"den andra var lite mer mildere och hade samma ton hela tiden";"";"";"Other"
"401";4;"00:05:01.175";"Swedish";"T-S";7;1;"hög";"Height";"1";"vert";"flat H";1;"";"den f‚àö‚àÇrsta var en kvinlig som hade v‚àö¬ßldigt pipig r‚àö‚àÇst och v‚àö¬ßldigt h‚àö‚àÇg";"";"";"Vertical"
"402";4;"00:06:20.280";"Swedish";"T-S";9;1;"mild";"Other";"1";"hori";"flat H";2;"";"och den var mild och j‚àö¬ßmn i tonen";"roughness";"";"Vertical"
"403";4;"00:07:49.500";"Swedish";"T-S";11;1;"mild";"Other";"0";"";"";NA;"";"den f‚àö‚àÇrsta var lite mer mild";"roughness";"";"None"
"404";4;"00:07:52.550";"Swedish";"T-S";11;2;"grov";"Other";"0";"";"";NA;"";"och den andra var lite mer grov och pipig";"roughness";"";"None"
"405";4;"00:08:28.450";"Swedish";"T-S";12;1;"mild";"Other";"0";"";"";NA;"";"en kvinna, med mild och j‚àö¬ßmn r‚àö‚àÇst hela tiden'";"roughness";"";"None"
"406";5;"00:01:32.840";"Swedish";"S-T";1;1;"lägre";"Height";"1";"vert";"flat H";1;"";"det ‚àö¬ßr samma fast lite l‚àö¬ßgre";"";"";"Vertical"
"407";5;"00:03:23.920";"Swedish";"S-T";4;1;"mörk";"Brightness";"1";"none";"other";1;"";"(   ) j‚àö¬ßtte j‚àö¬ßtte m‚àö‚àÇrk basr‚àö‚àÇst";"";"";"Other"
"408";5;"00:04:22.360";"Swedish";"S-T";5;1;"mjuk";"Softness";"1";"none";"other";2;"";"den andra ‚àö¬ßr maskulin men m‚àö‚àÇrk";"softness";"";"Other"
"409";5;"00:06:27.520";"Swedish";"S-T";8;1;"högre";"Height";"1";"vert";"flat H";1;"";"den andra var () det mer h‚àö‚àÇger klang";"";"";"Vertical"
"410";5;"00:07:20.500";"Swedish";"S-T";10;1;"låg";"Height";"0";"";"";NA;"";"samma tonart, lite l‚àö‚Ä¢g";"";"";"None"
"411";5;"00:07:52.680";"Swedish";"S-T";11;1;"skarpare";"Other";"0";"";"";NA;"";"h‚àö¬ßr var ju andra tonen ehh s‚àö‚Ä¢n lite 8) skarpare";"sharpness";"";"None"
"412";5;"00:08:21.520";"Swedish";"S-T";12;1;"djupare";"Height";"0";"";"";NA;"";"den andra var lite djupare";"";"";"None"
"413";5;"00:08:56.830";"Swedish";"S-T";13;1;"högre";"Height";"0";"";"";NA;"";"den f‚àö‚àÇrsta var lite h‚àö‚àÇgre";"";"";"None"
"414";5;"00:09:45.480";"Swedish";"S-T";14;1;"låg";"Height";"0";"";"";NA;"";"den f‚àö‚àÇrsta var lite . alts‚àö‚Ä¢ . l‚àö‚Ä¢g p‚àö‚Ä¢ et jobbigt s‚àö¬ßtt";"";"";"None"
"415";5;"00:09:57.360";"Swedish";"S-T";14;2;"låg";"Height";"0";"";"";NA;"";"och den andrea var . ( ) l‚àö‚Ä¢g ton";"";"";"None"
"416";5;"00:10:33.680";"Swedish";"S-T";15;1;"högre";"Height";"1";"none";"other";1;"";"h‚àö‚àÇgre";"";"";"Other"
"417";5;"00:02:29.707";"Turkish";"S-T";3;1;"yuksek";"Height";"1";"vert";"flat H";1;"";"Ilki biraz daha yuksek, tiz bir ses yani";"";"";"Vertical"
"418";5;"00:02:49.967";"Turkish";"S-T";4;1;"yuksek";"Height";"1";"vert";"flat H";1;"gesture before";"Ikincisi dedigimiz gibi o yuksek seviyede bir disi sesi";"";"";"Vertical"
"419";5;"00:04:48.509";"Turkish";"S-T";6;1;"yuksek";"Height";"1";"vert";"other";1;"gesture starts before";"Ya bayan, ya kastrat, yuksek oktavli bir ses";"";"";"Vertical"
"420";5;"00:05:21.854";"Turkish";"S-T";7;1;"yuksek";"Height";"1";"vert";"other";1;"gesture slightly later";"Ikincisi kesinlikle bir bayan ama biraz daha yuksek bir oktavda bir ses";"";"";"Vertical"
"421";5;"00:09:17.804";"Turkish";"S-T";13;1;"yuksek";"Height";"1";"vert";"flat H";1;"";"Ikincisi daha yuksek bir tonda";"";"";"Vertical"
"422";6;"00:00:24.848";"Turkish";"T-S";1;1;"yuksek";"Height";"1";"vert";"flat H";1;"";"Biri daha yuksek";"";"";"Vertical"
"423";6;"00:00:25.907";"Turkish";"T-S";1;2;"asagda";"Height";"1";"vert";"flat H";1;"";"Biri daha asarda";"asagda = down + locative";"";"Vertical"
"424";6;"00:00:45.278";"Turkish";"T-S";2;1;"asagda";"Height";"0";"";"";NA;"";"Biri asagda basladi";"asagda = down + locative";"";"None"
"425";6;"00:00:46.951";"Turkish";"T-S";2;2;"yuksek";"Height";"0";"";"";NA;"";"Ikincisi daha yuksek";"";"";"None"
"426";6;"00:02:43.509";"Turkish";"T-S";3;1;"yuksekti";"Height";"1";"vert";"flat H";1;"";"Ikiside cok yuksekti";"yuksekti = high + past tense";"";"Vertical"
"427";6;"00:02:46.845";"Turkish";"T-S";3;2;"yuksekti";"Height";"1";"vert";"other";1;"";"Ama ikincisi tam yuksekti";"yuksekti = high + past tense";"";"Vertical"
"428";6;"00:03:02.033";"Turkish";"T-S";4;1;"yuksekti";"Height";"1";"vert";"other";1;"";"Birincisi yuksekti";"yuksekti = high + past tense";"";"Vertical"
"429";6;"00:03:07.169";"Turkish";"T-S";4;2;"asardaydi";"Height";"1";"vert";"flat H";1;"";"Eh... Ikincisi baya... eh... daha asardaydi";"asardaydi = down + locative + past tense";"";"Vertical"
"430";6;"00:03:53.367";"Turkish";"T-S";5;1;"yuksekti";"Height";"1";"vert";"flat H";1;"";"Kadin sesi yuksekti";"yuksekti = high + past tense";"";"Vertical"
"431";6;"00:03:56.402";"Turkish";"T-S";5;2;"asardaydi";"Height";"1";"vert";"flat H";1;"gesture starts earlier";"Erkek sesi asardaydi";"asardaydi = down + locative + past tense";"";"Vertical"
"432";6;"00:04:17.274";"Turkish";"T-S";6;1;"asagda";"Height";"1";"vert";"flat H";1;"";"Erkek sesiyle basladi ama cok asarda yani";"asagda = down + locative";"";"Vertical"
"433";6;"00:04:22.466";"Turkish";"T-S";6;2;"yuksekti";"Height";"1";"vert";"flat H";1;"";"Kadin sesi, b‚àö‚àÇyle orta ton, yuksekti ama o kadarda yuksek eskisi gibi degildi";"yuksekti = high + past tense";"";"Vertical"
"434";6;"00:05:23.555";"Turkish";"T-S";8;2;"yuksekte";"Height";"1";"vert";"flat H";1;"";"Ondan sonra kadin sesi, cok yuksekte";"yuksekte = high + locative";"";"Vertical"
"435";6;"00:05:57.662";"Turkish";"T-S";10;1;"yuksekteydi";"Height";"1";"vert";"flat H";1;"";"Ilk yuksekteydi";"yuksekteydi = high + locative + past tense";"";"Vertical"
"436";6;"00:06:20.211";"Turkish";"T-S";11;2;"asagdaydi";"Height";"1";"vert";"flat H";1;"";"‚àö√±burusu baya asagdaydi";"asagdaydi = down + locative + past tense";"";"Vertical"
"437";6;"00:07:01.374";"Turkish";"T-S";12;2;"yuksekteydi";"Height";"1";"vert";"flat H";1;"";"Ikincisi erkek sesi, bence biraz yuksekteydi";"yuksekteydi = high + locative + past tense";"";"Vertical"
"438";6;"00:07:26.443";"Turkish";"T-S";13;1;"yuksek";"Height";"0";"";"";NA;"";"Birincisi kadin sesi, yuksek tonda";"";"";"None"
"439";6;"00:08:21.912";"Turkish";"T-S";14;1;"alcak";"Height";"1";"vert";"flat H";1;"";"Zannediyorum kadin sesi asag.. alcak tonda yani";"";"";"Vertical"
"440";6;"00:08:25.375";"Turkish";"T-S";14;2;"yuksek";"Height";"1";"vert";"flat H";1;"";"Ikincisi gene kadin sesi, yuksek tondaydi";"";"";"Vertical"
"441";6;"00:09:00.813";"Turkish";"T-S";15;2;"asagda";"Height";"1";"vert";"flat H";1;"";"Ikincisi erkek sesi, cok asagda ton... alcak tonda yani";"asagda = down + locative";"";"Vertical"
"442";6;"00:00:59.040";"Swedish";"T-S";1;1;"låg";"Height";"1";"vert";"flat H";1;"";"den andra var ganska l‚àö‚Ä¢g";"";"";"Vertical"
"443";6;"00:01:19.260";"Swedish";"T-S";2;1;"hög";"Height";"1";"vert";"flat H";1;"gesture earlier";"den andra var . h‚àö‚àÇg";"";"";"Vertical"
"444";6;"00:01:41.530";"Swedish";"T-S";3;1;"högre";"Height";"1";"vert";"flat H";1;"gesture earlier";"och den andra var en mannlig, kanske n‚àö‚Ä¢got h‚àö‚àÇgre";"";"";"Vertical"
"445";6;"00:02:01.350";"Swedish";"T-S";4;1;"hög";"Height";"0";"";"";NA;"";"och den andra en ganska h‚àö‚àÇg kvinlig r‚àö‚àÇst";"";"";"None"
"446";6;"00:02:25.040";"Swedish";"T-S";5;1;"låg";"Height";"1";"none";"other";1;"";"kvinlig i s‚àö‚Ä¢ fall l‚àö‚Ä¢g";"";"";"Other"
"447";6;"00:02:27.280";"Swedish";"T-S";5;2;"hög";"Height";"0";"";"";NA;"";"den andra en kvinlig ganska h‚àö‚àÇg";"";"";"None"
"448";6;"00:02:41.870";"Swedish";"T-S";6;1;"hög";"Height";"0";"";"";NA;"";"denna f‚àö‚àÇrsta ‚àö¬ßr j‚àö¬ßtte h‚àö‚àÇg";"";"";"None"
"449";6;"00:03:00.820";"Swedish";"T-S";7;1;"hög";"Height";"0";"";"";NA;"";"den f‚àö‚àÇrsta . kvinnlig r‚àö‚àÇst ganska h‚àö‚àÇg";"";"";"None"
"450";6;"00:03:04.880";"Swedish";"T-S";7;2;"låg";"Height";"0";"";"";NA;"";"och den andra var en manlig eh v‚àö¬ßldigt l‚àö‚Ä¢g";"";"";"None"
"451";6;"00:03:39.440";"Swedish";"T-S";9;1;"hög";"Height";"0";"";"";NA;"";"den f‚àö‚àÇrsta ‚àö¬ßr . h‚àö‚àÇg";"";"";"None"
"452";6;"00:03:42.210";"Swedish";"T-S";9;2;"låg";"Height";"0";"";"";NA;"";"den andra var eh . l‚àö‚Ä¢g";"";"";"None"
"453";6;"00:04:45.400";"Swedish";"T-S";10;1;"högre";"Height";"1";"vert";"flat H";1;"";"n‚àö‚Ä¢got h‚àö‚àÇgre ‚àö¬ßn mitten";"";"";"Vertical"
"454";6;"00:05:08.720";"Swedish";"T-S";11;1;"ovanför";"Height";"0";"";"";NA;"";"den f‚àö‚àÇrsta ligger ovanf‚àö‚àÇr mitten";"";"";"None"
"455";6;"00:05:10.650";"Swedish";"T-S";11;2;"lägre ner";"Height";"1";"vert";"flat H";1;"";"den andra l‚àö¬ßgre ner";"";"";"Vertical"
"456";6;"00:05:47.060";"Swedish";"T-S";12;1;"lägre";"Height";"1";"vert";"flat H";1;"";"den andra kanske n‚àö‚Ä¢got l‚àö¬ßgre";"";"";"Vertical"
"457";6;"00:06:08.085";"Swedish";"T-S";13;1;"lågt";"Height";"1";"vert";"flat H";1;"";"jag tror den f‚àö‚àÇrsta ‚àö¬ßr en kvinnlig r‚àö‚àÇst ganska l‚àö‚Ä¢gt  ";"";"";"Vertical"
"458";6;"00:06:09.840";"Swedish";"T-S";13;2;"hög";"Height";"1";"vert";"flat H";1;"";"den andra var en kvinnlig h‚àö‚àÇg";"";"";"Vertical"
"459";6;"00:07:11.440";"Swedish";"T-S";14;1;"hög";"Height";"0";"";"";NA;"";"och den andra ‚àö¬ßr j‚àö¬ßtteh‚àö‚àÇg";"";"";"None"
"460";6;"00:07:34.030";"Swedish";"T-S";15;1;"under";"Height";"1";"none";"other";1;"";"den kvinnliga r‚àö‚àÇst den ligger under .. alts‚àö‚Ä¢ eh . den ‚àö¬ßr l‚àö‚Ä¢g";"";"";"Other"
"461";6;"00:07:41.830";"Swedish";"T-S";15;2;"låg";"Height";"1";"vert";"flat H";1;"gesture earlier";"den manliga ‚àö¬ßr verkligen . l‚àö‚Ä¢g";"";"";"Vertical"
"462";7;"00:00:47.200";"Swedish";"S-T";1;1;"mjukare";"Softness";"0";"";"";NA;"is length used for pitch by this particiopant?";"ehh.. lite lite mjukare i sitt intro";"softness";"";"None"
"463";7;"00:01:16.000";"Swedish";"S-T";2;1;"djupare";"Height";"1";"vert";"other";2;"";"f‚àö‚àÇrsta introt ‚àö¬ßr mycket djupare";"";"";"Vertical"
"464";7;"00:01:24.200";"Swedish";"S-T";2;2;"djupare";"Height";"1";"vert";"other";2;"";"lite djupare s‚àö‚Ä¢";"";"";"Vertical"
"465";7;"00:02:21.540";"Swedish";"S-T";3;1;"djup";"Height";"1";"vert";"flat H";1;"";"den b‚àö‚àÇrjar djup";"";"";"Vertical"
"466";7;"00:05:22.550";"Swedish";"S-T";5;1;"upp och ner";"Height";"1";"vert";"other";1;"";"stikker upp och ner";"";"";"Vertical"
"467";7;"00:05:55.570";"Swedish";"S-T";5;2;"mjukare";"Softness";"1";"none";"grip";1;"";"mycket mjukare liksom";"softness";"";"Thickness"
"468";7;"00:06:49.330";"Swedish";"S-T";6;1;"stiger";"Height";"1";"vert";"flat H";1;"length";"det stiger";"";"";"Vertical"
"469";7;"00:08:37.420";"Swedish";"S-T";7;1;"djup";"Height";"1";"none";"other";2;"";"djup ton";"";"";"Other"
"470";7;"00:08:52.980";"Swedish";"S-T";7;2;"djupare";"Height";"1";"none";"other";2;"";"lite djupare";"";"";"Other"
"471";7;"00:09:59.782";"Swedish";"S-T";8;1;"ljusare";"Brightness";"1";"none";"other";1;"";"men det ‚àö¬ßr ljusare skala p‚àö‚Ä¢ den";"";"";"Other"
"472";7;"00:10:05.105";"Swedish";"S-T";8;2;"mörkare";"Brightness";"1";"none";"other";1;"";"medans den andra ‚àö¬ßr m‚àö‚àÇrkare";"";"";"Other"
"473";7;"00:11:02.930";"Swedish";"S-T";9;1;"mörkare";"Brightness";"0";"";"";NA;"";"s‚àö‚Ä¢ mycket m‚àö‚àÇrkare";"";"";"None"
"474";7;"00:11:40.210";"Swedish";"S-T";9;2;"mjukare";"Softness";"1";"size";"other";2;"";"mycket mjukare";"softness";"";"Thickness"
"475";7;"00:13:36.755";"Swedish";"S-T";10;1;"mörk";"Brightness";"1";"none";"other";2;"length";"samma bas och samma m‚àö‚àÇrk";"";"";"Other"
"476";7;"00:14:17.540";"Swedish";"S-T";11;1;"mörk";"Brightness";"0";"";"";NA;"length";"f‚àö‚àÇrsta ‚àö¬ßr v‚àö¬ßldigt kort och v‚àö¬ßldigt m‚àö‚àÇrk";"";"";"None"
"477";7;"00:14:25.760";"Swedish";"S-T";11;2;"mjukare";"Softness";"0";"";"";NA;"length";"nummer tv‚àö‚Ä¢ ‚àö¬ßr mer eh.. extended alts‚àö‚Ä¢ lite mer utdragen, och mycket mjukare";"softness";"";"None"
"478";7;"00:18:01.820";"Swedish";"S-T";13;1;"ljus";"Brightness";"0";"";"";NA;"";"den ‚àö¬ßr ljus";"";"";"None"
"479";7;"00:18:21.850";"Swedish";"S-T";13;2;"mjukare";"Softness";"0";"";"";NA;"";"mjukare";"softness";"";"None"
"480";7;"00:19:42.250";"Swedish";"S-T";14;1;"djupt";"Height";"0";"";"";NA;"";"mer djupt";"";"";"None"
"481";7;"00:23:28.800";"Swedish";"S-T";15;1;"mjukt";"Softness";"0";"";"";NA;"";"kan man uppleva det v‚àö¬ßldigt kanske mjukt";"softness";"";"None"
"482";7;"00:00:47.721";"Turkish";"S-T";1;1;"yukseliyor";"Height";"0";"";"";NA;"";"Birincisi yukseliyor";"yukseliyor = getting higher / ascending";"";"None"
"483";7;"00:00:50.996";"Turkish";"S-T";1;2;"batiyor";"Height";"0";"";"";NA;"";"Ikincisi biraz daha batiyor gibi yani";"batiyor = sinks / falls";"";"None"
"484";7;"00:02:32.178";"Turkish";"S-T";2;2;"yukari";"Height";"1";"vert";"flat H";1;"";"Ikinici sekvens (swe) te biraz daha eh... ses biraz daha sey oluyor yani, biraz daha... yukari dogru yani veriyor kendini";"";"";"Vertical"
"485";7;"00:03:31.293";"Turkish";"S-T";3;1;"kalin";"Thickness";"0";"";"";NA;"";"Birincisi cok... ehm... Nasil diyeyim... daha kalin ikincisinden";"";"";"None"
"486";7;"00:04:50.342";"Turkish";"S-T";4;1;"ince";"Thickness";"0";"";"";NA;"";"Birincisi cok eh... cok, cok, cok, cok, cok b‚àö‚àÇyle eh... yani ince, cok ince";"";"";"None"
"487";7;"00:05:10.438";"Turkish";"S-T";4;2;"kalin";"Thickness";"1";"none";"grip";1;"";"Ikincisi daha kalin";"";"";"Thickness"
"488";7;"00:06:16.318";"Turkish";"S-T";5;2;"iniyor";"Height";"1";"vert";"other";1;"gesture coupled with one that starts earlier";"Digeri biraz daha iniyor";"iniyor = to go down/descend, present tense";"";"Vertical"
"489";7;"00:07:00.796";"Turkish";"S-T";6;1;"kalin";"Thickness";"0";"";"";NA;"";"Biri, birincisi daha kalin";"";"";"None"
"490";7;"00:07:48.950";"Turkish";"S-T";6;2;"yukselme";"Height";"1";"vert";"other";1;"";"Daha yani bir yukselme yapiyor";"yukselme = a rise / ascention ";"";"Vertical"
"491";7;"00:09:14.176";"Turkish";"S-T";7;1;"koyu";"Brightness";"1";"none";"other";1;"";"Ikincisi biraz daha koyu";"";"";"Other"
"492";7;"00:11:11.992";"Turkish";"S-T";8;1;"ince";"Thickness";"0";"";"";NA;"";"Birincisi daha b‚àö‚àÇyle eh... hani ince ama keskin";"";"";"None"
"493";7;"00:11:47.869";"Turkish";"S-T";8;2;"kalin";"Thickness";"1";"none";"grip";1;"";"Daha kalin";"";"";"Thickness"
"494";7;"00:12:08.711";"Turkish";"S-T";9;1;"kalin";"Thickness";"1";"none";"grip";1;"";"Birincisi daha kalin, derin, ama yukseliyor";"";"";"Thickness"
"495";7;"00:12:13.553";"Turkish";"S-T";9;2;"ince";"Thickness";"0";"";"";NA;"";"Digeri ince";"";"";"None"
"496";7;"00:13:39.192";"Turkish";"S-T";10;1;"ince";"Thickness";"1";"none";"grip";1;"";"Birisi daha ince iniyor";"";"";"Thickness"
"497";7;"00:13:56.961";"Turkish";"S-T";10;2;"ince";"Thickness";"0";"";"";NA;"";"Birincisi ince";"";"";"None"
"498";7;"00:13:58.662";"Turkish";"S-T";10;3;"ince";"Thickness";"0";"";"";NA;"";"Ikincisi ondan ince";"";"";"None"
"499";7;"00:15:45.411";"Turkish";"S-T";11;1;"kalin";"Thickness";"0";"";"";NA;"";"Ikincsi kalin";"";"";"None"
"500";7;"00:16:55.858";"Turkish";"S-T";12;1;"kalin";"Thickness";"0";"";"";NA;"";"Birincisi daha net ama daha kalin";"";"";"None"
"501";7;"00:19:19.414";"Turkish";"S-T";13;1;"ince";"Thickness";"1";"none";"other";1;"gesture starts slightly earlier";"Birincisi daha bir ilerleme var daha ince oldugu icin";"";"";"Other"
"502";7;"00:19:23.121";"Turkish";"S-T";13;2;"kalin";"Thickness";"1";"none";"other";1;"";"Ikincisi daha b‚àö‚àÇyle kalin";"";"";"Other"
"503";7;"00:20:59.232";"Turkish";"S-T";14;1;"yuksek";"Height";"0";"";"";NA;"";"Ikincisi daha bir yukselise geciyor daha ince oldugu icin";"yukselise = towards elevation, high (noun) + accusative case";"";"None"
"504";7;"00:21:13.980";"Turkish";"S-T";14;2;"kalin";"Thickness";"0";"";"";NA;"";"Birincisi daha kalin";"";"";"None"
"505";8;"00:00:23.859";"Turkish";"T-S";1;1;"yuksek";"Height";"0";"";"";NA;"";"Ilk ‚àö‚àÇncesi cok yuksek ";"";"";"None"
"506";8;"00:01:01.804";"Turkish";"T-S";2;1;"yuksek";"Height";"1";"vert";"flat H";1;"gesture comes after";"Ilki ‚àö‚àÇburunden daha yuksek notta";"";"";"Vertical"
"507";8;"00:01:54.829";"Turkish";"T-S";3;1;"yuksek";"Height";"1";"vert";"flat H";1;"gesture comes after";"Ama ilki hala ‚àö‚àÇburunden daha yuksek notta";"";"";"Vertical"
"508";8;"00:02:43.090";"Turkish";"T-S";4;1;"dusuk";"Height";"0";"";"";NA;"";"Birincisi erkek sesi, cok yuksek eh... pardon, cok dusuk";"";"";"None"
"509";8;"00:02:49.522";"Turkish";"T-S";4;2;"yuksek";"Height";"1";"vert";"flat H";1;"";"Ikincisi de kadin sesleri ve cok yuksek not";"";"";"Vertical"
"510";8;"00:03:19.358";"Turkish";"T-S";5;1;"dusuk";"Height";"1";"none";"other";1;"";"Bu sefer erkek sesi hatta daha da dusuk";"";"";"Other"
"511";8;"00:04:04.797";"Turkish";"T-S";6;1;"yuksek";"Height";"1";"vert";"flat H";2;"";"Ikincisi de cok yuksek tonda";"";"";"Vertical"
"512";8;"00:04:49.779";"Turkish";"T-S";7;1;"yuksek";"Height";"1";"none";"grip";1;"";"Birincisi cok yuksek tonda";"";"";"Thickness"
"513";8;"00:04:52.317";"Turkish";"T-S";7;2;"yuksek";"Height";"1";"none";"grip";1;"";"Iki tane kadin sesi var, cok yuksek";"";"";"Thickness"
"514";8;"00:07:21.571";"Turkish";"T-S";9;1;"yuksekti";"Height";"0";"";"";NA;"";"Ama sanki kadin sesleri daha...  biraz daha yuksekti";"yuksekti = high + past tense";"";"None"
"515";8;"00:08:15.040";"Turkish";"T-S";10;1;"yuksek";"Height";"1";"none";"grip";1;"gesture extends before and after";"Ve bu sefer kadin sesi daha cok belli oluyor, daha da cok yuksek tonlarda s‚àö‚àÇyluyor";"";"";"Thickness"
"516";8;"00:08:51.403";"Turkish";"T-S";11;1;"dusuk";"Height";"0";"";"";NA;"";"Birisi baya dusuk tonda";"";"";"None"
"517";8;"00:08:56.045";"Turkish";"T-S";11;2;"yuksek";"Height";"1";"vert";"flat H";1;"";"‚àö√±buru de cok yuksek notlarda";"";"";"Vertical"
"518";8;"00:09:19.704";"Turkish";"T-S";12;1;"dusuk";"Height";"0";"";"";NA;"";"Birincisi cok dusuk s‚àö‚àÇyluyor";"";"";"None"
"519";8;"00:10:30.050";"Turkish";"T-S";13;1;"dusuk";"Height";"0";"";"";NA;"";"Ikiside baya dusuk sesle s‚àö‚àÇyluyor";"";"";"None"
"520";8;"00:10:46.737";"Turkish";"T-S";13;2;"yuksekte";"Height";"1";"vert";"grip";1;"gesture starts before";"Ama birincisi sanki birazcik daha, yani bir ton daha yuksekte";"yuksekte = high + locative";"";"Mixed"
"521";8;"00:10:51.125";"Turkish";"T-S";13;3;"dusukte";"Height";"1";"vert";"grip";1;"";"‚àö√±buru bir ton daha dusukte, yani daha dusuk";"dusukte = fallen + locative (incorrect)";"";"Mixed"
"522";8;"00:12:03.690";"Turkish";"T-S";14;2;"dusuk";"Height";"1";"vert";"other";1;"";"Erkek sesi de cok cok dusuktu";"dusuktu = fallen + past tense";"";"Vertical"
"523";8;"00:12:48.686";"Turkish";"T-S";15;2;"yuksek";"Height";"1";"none";"grip";1;"";"Ikincisi ‚àö‚àÇburunden biraz daha yuksek";"";"";"Thickness"
"524";8;"00:00:39.100";"Swedish";"T-S";1;1;"högre";"Height";"1";"none";"other";1;"";"den f‚àö‚àÇrsta ‚àö¬ßr lite h‚àö‚àÇgre ‚àö¬ßn den andra";"";"";"Other"
"525";8;"00:01:48.270";"Swedish";"T-S";2;1;"lägre";"Height";"1";"none";"other";1;"";"den manliga ‚àö¬ßr mycket l‚àö¬ßgre ‚àö¬ßn den kvinnliga";"";"";"Other"
"526";8;"00:02:40.820";"Swedish";"T-S";3;1;"högre";"Height";"1";"none";"other";1;"";"den andra ‚àö¬ßr sneppet h‚àö‚àÇgre";"";"";"Other"
"527";8;"00:03:15.660";"Swedish";"T-S";4;1;"högre";"Height";"0";"";"";NA;"";"den f‚àö‚àÇrsta ‚àö¬ßr l‚àö‚Ä¢ngt mycket h‚àö‚àÇgre ‚àö¬ßn den andra";"";"";"None"
"528";8;"00:05:01.710";"Swedish";"T-S";5;1;"högre";"Height";"0";"";"";NA;"";"men jag tycker nu att den kvinnliga r‚àö‚àÇsten ligger en ton h‚àö‚àÇgre ‚àö¬ßn den manliga r‚àö‚àÇsten";"";"";"None"
"529";8;"00:05:36.860";"Swedish";"T-S";6;1;"högre";"Height";"0";"";"";NA;"";"och den andra uppfattar jag som sneppet h‚àö‚àÇgre ‚àö¬ßn den andra";"";"";"None"
"530";8;"00:06:10.450";"Swedish";"T-S";7;1;"högt upp";"Height";"0";"";"";NA;"";"den f‚àö‚àÇrsta ligger ganska h‚àö‚àÇgt upp";"";"";"None"
"531";8;"00:06:18.390";"Swedish";"T-S";7;2;"högre upp";"Height";"0";"";"";NA;"";"den andra ligger ‚àö¬ßnnu ‚àö¬ßnnu h‚àö‚àÇgre upp";"";"";"None"
"532";8;"00:07:07.380";"Swedish";"T-S";8;1;"högre";"Height";"0";"";"";NA;"";"den kvinnliga r‚àö‚àÇsten ligger sneppet h‚àö‚àÇgre";"";"";"None"
"533";8;"00:07:59.610";"Swedish";"T-S";9;1;"låg";"Height";"0";"";"";NA;"";"den ena ‚àö¬ßr . relativt set l‚àö‚Ä¢g";"";"";"None"
"534";8;"00:08:06.130";"Swedish";"T-S";9;2;"högre";"Height";"0";"";"";NA;"";"och den andra .. ‚àö¬ßr . h‚àö‚àÇgre";"";"";"None"
"535";8;"00:08:47.510";"Swedish";"T-S";10;1;"högt upp";"Height";"0";"";"";NA;"";"den manliga r‚àö‚àÇsten ligger ganska h‚àö‚àÇgt upp";"";"";"None"
"536";8;"00:09:07.810";"Swedish";"T-S";10;2;"högre";"Height";"1";"none";"flat H";1;"";"ellers s‚àö‚Ä¢ ‚àö¬ßr den ett snepp h‚àö‚àÇgre ‚àö¬ßn den manliga";"";"";"Vertical"
"537";8;"00:10:06.810";"Swedish";"T-S";11;1;"långt ner";"Height";"0";"";"";NA;"";"den andra r‚àö‚àÇsten ligger j‚àö¬ßtte j‚àö¬ßtte l‚àö‚Ä¢ngt ner p‚àö‚Ä¢ tonskalan";"";"";"None"
"538";8;"00:10:43.830";"Swedish";"T-S";12;1;"lägre";"Height";"1";"none";"flat H";1;"";"den f‚àö‚àÇrsta vill jag s‚àö¬ßga ‚àö¬ßr . ligger mycket, inte mycket l‚àö¬ßgre, men relativt set l‚àö¬ßgre ‚àö¬ßn den andra";"";"";"Vertical"
"539";8;"00:11:31.610";"Swedish";"T-S";13;1;"långt ner";"Height";"0";"";"";NA;"";"den f‚àö‚àÇrsta ligger ganska l‚àö‚Ä¢ngt ner p‚àö‚Ä¢ tonskalan";"";"";"None"
"540";8;"00:11:37.660";"Swedish";"T-S";13;2;"högt upp";"Height";"0";"";"";NA;"";"medans den andra ligger ganska h‚àö‚àÇgt upp";"";"";"None"
"541";8;"00:12:05.640";"Swedish";"T-S";14;1;"högt upp";"Height";"0";"";"";NA;"";"f‚àö‚àÇrst ‚àö¬ßr det en kvinnlig r‚àö‚àÇst som ligger j‚àö¬ßtte j‚àö¬ßtte h‚àö‚àÇgt upp";"";"";"None"
"542";8;"00:12:12.200";"Swedish";"T-S";14;2;"långt ner";"Height";"0";"";"";NA;"";"och () en manlig r‚àö‚àÇst som ligger j‚àö¬ßtte j‚àö¬ßtte l‚àö‚Ä¢ngt ner";"";"";"None"
"543";8;"00:12:51.520";"Swedish";"T-S";15;1;"högre upp";"Height";"0";"";"";NA;"";"det h‚àö‚àÇrs som att den kvinnliga r‚àö‚àÇsten . ligger lite h‚àö‚àÇgre upp ‚àö¬ßn den manliga r‚àö‚àÇsten";"";"";"None"
"544";9;"00:00:59.700";"Swedish";"S-T";1;1;"ljusare";"Brightness";"0";"";"";NA;"";"och andra ljudet ‚àö¬ßr lite mer vad heter ljusare";"";"";"None"
"545";9;"00:02:11.360";"Swedish";"S-T";2;1;"ljust";"Brightness";"1";"none";"other";2;"";"eh. ganska ljust";"";"";"Other"
"546";9;"00:02:28.800";"Swedish";"S-T";2;2;"ljus";"Brightness";"0";"";"";NA;"";"j‚àö¬ßtte j‚àö¬ßtte ljus";"";"";"None"
"547";9;"00:03:13.160";"Swedish";"S-T";3;1;"ljusare";"Brightness";"1";"none";"other";1;"";"och sen den andra ‚àö¬ßr vad heter det definitivt ljusare ‚àö¬ßn den f‚àö‚àÇrsta";"";"";"Other"
"548";9;"00:04:09.140";"Swedish";"S-T";4;1;"ljusare";"Brightness";"1";"none";"other";2;"";"s‚àö‚Ä¢ f‚àö‚àÇrst vi h‚àö‚àÇr en lite ljusare ljud";"";"";"Other"
"549";9;"00:04:12.170";"Swedish";"S-T";4;2;"mörka";"Brightness";"1";"vert";"other";2;"";"och sen den blir m‚àö‚àÇrka toner";"";"";"Vertical"
"550";9;"00:05:23.940";"Swedish";"S-T";5;1;"mörk";"Brightness";"0";"";"";NA;"";"ganska m‚àö‚àÇrk b‚àö‚Ä¢da tv‚àö‚Ä¢";"";"";"None"
"551";9;"00:05:44.060";"Swedish";"S-T";5;2;"mörk";"Brightness";"1";"none";"other";1;"";"en ganska ganska m‚àö‚àÇrk bas ljud";"";"";"Other"
"552";9;"00:06:17.840";"Swedish";"S-T";6;1;"ljusare";"Brightness";"1";"none";"other";1;"";"f‚àö‚àÇrsta ljudet lite ljusare liksom";"";"";"Other"
"553";9;"00:06:25.760";"Swedish";"S-T";6;2;"mörk";"Brightness";"1";"none";"other";1;"";"ganska m‚àö‚àÇrk bas";"";"";"Other"
"554";9;"00:06:49.000";"Swedish";"S-T";7;1;"ljust";"Brightness";"0";"";"";NA;"";"ljudm‚àö¬ßssigt s‚àö‚Ä¢ ‚àö¬ßr det ganska ljust";"";"";"None"
"555";9;"00:07:17.920";"Swedish";"S-T";7;2;"ljusare";"Brightness";"1";"none";"other";2;"";"f‚àö‚àÇrsta var lite ljusare";"";"";"Other"
"556";9;"00:07:20.160";"Swedish";"S-T";7;3;"mörkare";"Brightness";"0";"";"";NA;"";"den andra blir lite m‚àö‚àÇrkare toner";"";"";"None"
"557";9;"00:08:06.570";"Swedish";"S-T";8;1;"mörk";"Brightness";"1";"none";"other";2;"";"d‚àö‚Ä¢ kommer den ljudet ongef‚àö¬ßr liksom en ganska manlig m‚àö‚àÇrk eh ljud";"";"";"Other"
"558";9;"00:08:10.410";"Swedish";"S-T";8;2;"ljus";"Brightness";"0";"";"";NA;"";"nummer tv‚àö‚Ä¢ vad heter det.. ‚àö¬ßr definitiv ljus";"";"";"None"
"559";9;"00:08:46.460";"Swedish";"S-T";9;1;"mörkare";"Brightness";"0";"";"";NA;"";"andra ljudet lite m‚àö‚àÇrkare ‚àö¬ßn den f‚àö‚àÇrsta";"";"";"None"
"560";9;"00:10:38.620";"Swedish";"S-T";10;1;"ljusare";"Brightness";"0";"";"";NA;"";"det f‚àö‚àÇrsta ljudet s‚àö‚Ä¢ det eh definitivt ljusare ‚àö¬ßn den andra";"";"";"None"
"561";9;"00:11:57.840";"Swedish";"S-T";12;1;"mörk";"Brightness";"0";"";"";NA;"";"f‚àö‚àÇrsta ljudet ‚àö¬ßr ganska m‚àö‚àÇrk";"";"";"None"
"562";9;"00:13:43.300";"Swedish";"S-T";14;1;"ljus";"Brightness";"0";"";"";NA;"";"b‚àö‚Ä¢da ‚àö¬ßr ju ett ganska ljus ljud";"";"";"None"
"563";9;"00:13:45.800";"Swedish";"S-T";14;2;"ljus";"Brightness";"0";"";"";NA;"";"f‚àö‚àÇrsta ‚àö¬ßr ganska ljus";"";"";"None"
"564";9;"00:13:51.780";"Swedish";"S-T";14;3;"ljusare";"Brightness";"0";"";"";NA;"";"andra ‚àö¬ßr ‚àö¬ßnnu ljusare";"";"";"None"
"565";9;"00:14:53.980";"Swedish";"S-T";15;1;"mörkt";"Brightness";"1";"none";"other";2;"";"mitt i mellan m‚àö‚àÇrkt";"";"";"Other"
"566";9;"00:00:36.470";"Turkish";"S-T";1;1;"kalin";"Thickness";"1";"vert";"other";1;"";"Kalin bir ses";"";"";"Vertical"
"567";9;"00:01:26.829";"Turkish";"S-T";2;1;"ince";"Thickness";"1";"none";"grip";2;"";"Ikinci ses kesinlikle cok b‚àö‚àÇyle ince";"";"";"Thickness"
"568";9;"00:02:21.298";"Turkish";"S-T";3;1;"kalin";"Thickness";"1";"none";"other";1;"";"Ikinci ses ilk sese g‚àö‚àÇre biraz daha kalin";"";"";"Other"
"569";9;"00:03:12.026";"Turkish";"S-T";4;1;"kalin";"Thickness";"1";"none";"grip";1;"gesture starts earlier";"Birincisi baya kalin bir ses";"";"";"Thickness"
"570";9;"00:03:24.517";"Turkish";"S-T";4;2;"ince";"Thickness";"0";"";"";NA;"";"Cok baya bir ince ses";"";"";"None"
"571";9;"00:03:57.174";"Turkish";"S-T";5;1;"kalin";"Thickness";"0";"";"";NA;"";"Erkek sesi olan, yani ikinci duydugumuz cok kalin";"";"";"None"
"572";9;"00:04:45.655";"Turkish";"S-T";6;1;"kalin";"Thickness";"0";"";"";NA;"The participant misspeaks saying ""kadin"" (= woman) when he means ""kalin"" (=thick) and corrects himself. ";"Iki ses de baya kadin, iki ses... eh, kadin... kalin!";"";"";"None"
"573";9;"00:06:06.775";"Turkish";"S-T";7;1;"kalindi";"Thickness";"1";"none";"other";1;"gesture starts earlier";"Ikincisi baya bir kalindi";"kalindi = thick + past tense";"";"Other"
"574";9;"00:07:29.145";"Turkish";"S-T";8;1;"kalinlikta";"Thickness";"0";"";"";NA;"";"Erkek sesi ortalarda kalinlikta yani";"";"";"None"
"575";9;"00:08:51.602";"Turkish";"S-T";9;1;"yukseliyor";"Height";"1";"vert";"other";1;"";"Ikiside ayni yukseliyor, ayni alcaliyor";"yukseliyor = becomes higher, present tense verb";"";"Vertical"
"576";9;"00:08:52.307";"Turkish";"S-T";9;1;"alcaliyor";"Height";"0";"";"";NA;"";"Ikiside ayni yukseliyor, ayni alcaliyor";"alcaliyor = becomes lower, present tense verb";"";"None"
"577";9;"00:08:58.379";"Turkish";"S-T";9;2;"ince";"Thickness";"1";"none";"other";1;"";"Kadin sesi biraz daha ince oluyor";"";"";"Other"
"578";9;"00:10:03.340";"Turkish";"S-T";10;1;"ince";"Thickness";"1";"none";"grip";1;"";"Ikincisi biraz daha ince, daha bir tiz";"";"";"Thickness"
"579";9;"00:10:32.391";"Turkish";"S-T";11;1;"kalin";"Thickness";"1";"none";"other";2;"gesture starts earlier";"Birinci ses baya kalin";"";"";"Other"
"580";9;"00:10:34.902";"Turkish";"S-T";11;2;"kalin";"Thickness";"1";"none";"other";1;"gesture starts earlier";"Ama ikinci ses ona nazaran daha da kalin";"";"";"Other"
"581";9;"00:11:27.178";"Turkish";"S-T";12;1;"ince";"Thickness";"1";"none";"other";2;"gesture starts earlier";"Ama tabii ki kadin sesi oldugu icin biraz daha ince geliyor sanki";"";"";"Other"
"582";9;"00:12:11.516";"Turkish";"S-T";13;1;"kalin";"Thickness";"0";"";"";NA;"";"Ikiside baya kalin bir sesti";"";"";"None"
"583";9;"00:13:00.132";"Turkish";"S-T";14;1;"inceydi";"Thickness";"1";"none";"other";1;"gesture earlier";"Kadin sesi oldugu icin baya inceydi";"inceydi = thin + past tense";"";"Other"
"584";9;"00:13:31.151";"Turkish";"S-T";15;1;"ince";"Thickness";"0";"";"";NA;"";"Birincisi baya ince bir sesti";"";"";"None"
"585";9;"00:13:35.489";"Turkish";"S-T";15;2;"kalindi";"Thickness";"1";"vert";"other";1;"gesture before";"Ikincisi ona nazaran biraz daha kalindi";"kalindi = thick + past tense";"";"Vertical"
